config_name,run,generation,best_fitness,mean_fitness,diversity,unique_ratio
config_A_baseline,0,0,88.14008396033111,66.56985151266707,47.48949494949495,1.0
config_A_baseline,0,1,88.14008396033111,66.56985151266707,47.48949494949495,1.0
config_A_baseline,0,2,95.50339767019113,76.31866692002872,46.567070707070705,1.0
config_A_baseline,0,3,96.29166770487069,81.42180615586062,45.506262626262625,1.0
config_A_baseline,0,4,96.29166770487069,85.92350120429843,44.322020202020205,0.99
config_A_baseline,0,5,96.29166770487069,87.43218806159268,43.33111111111111,1.0
config_A_baseline,0,6,96.47703002337227,89.96690191011263,42.09979797979798,0.99
config_A_baseline,0,7,99.85537895462338,91.55850273539895,40.19292929292929,1.0
config_A_baseline,0,8,99.8750946688359,92.84923506775439,39.31212121212121,1.0
config_A_baseline,0,9,99.89239077161511,93.66647582842897,38.03090909090909,1.0
config_A_baseline,0,10,99.89239077161511,94.08885619785434,37.593939393939394,1.0
config_A_baseline,0,11,99.89239077161511,94.78209427270869,36.75616161616161,1.0
config_A_baseline,0,12,99.89239077161511,95.30600389822547,36.41979797979798,0.99
config_A_baseline,0,13,99.89520348748394,95.65123645484645,35.761818181818185,1.0
config_A_baseline,0,14,99.89520348748394,95.10366322854276,35.154747474747474,1.0
config_A_baseline,0,15,99.8982155208602,95.47298627963734,34.556363636363635,1.0
config_A_baseline,0,16,99.8982155208602,95.03021260773005,34.08707070707071,0.99
config_A_baseline,0,17,99.90102823672903,95.02521212675079,34.1030303030303,1.0
config_A_baseline,0,18,99.90102823672903,94.7010366782899,33.46828282828283,1.0
config_A_baseline,0,19,99.90102823672903,95.82522081006013,32.69434343434344,1.0
config_A_baseline,0,20,99.90199812113545,95.26513268462459,33.04848484848485,1.0
config_A_baseline,0,21,99.90199812113545,95.87961498641874,33.71090909090909,1.0
config_A_baseline,0,22,99.90578072141071,96.07990530253592,33.87090909090909,1.0
config_A_baseline,0,23,99.91364761962564,95.98909371162972,31.693737373737374,1.0
config_A_baseline,0,24,99.91384693713306,96.04034211771277,31.24020202020202,1.0
config_A_baseline,0,25,99.91461750403207,94.73128947293559,29.464242424242425,0.99
config_A_baseline,0,26,99.91461750403207,94.50383358404268,30.59919191919192,1.0
config_A_baseline,0,27,99.91461750403207,94.52378149495124,31.43050505050505,1.0
config_A_baseline,0,28,99.91461750403207,95.38802430584583,33.08989898989899,0.99
config_A_baseline,0,29,99.91461750403207,95.10879012148501,33.515757575757576,0.97
config_A_baseline,0,30,99.91461750403207,95.40391767525188,33.71333333333333,0.99
config_A_baseline,0,31,99.91461750403207,95.70504770587661,32.862626262626264,0.99
config_A_baseline,0,32,99.91461750403207,95.66614274069363,32.83050505050505,0.99
config_A_baseline,0,33,99.91461750403207,96.90372326654037,33.18969696969697,0.99
config_A_baseline,0,34,99.91461750403207,96.78477586856542,32.315555555555555,0.99
config_A_baseline,0,35,99.91461750403207,96.81815687803473,31.5,0.98
config_A_baseline,0,36,99.92703756942123,95.35285069641854,31.192525252525254,0.99
config_A_baseline,0,37,99.92703756942123,96.23745330053504,29.554343434343433,1.0
config_A_baseline,0,38,99.92703756942123,96.5237999584876,27.905656565656567,1.0
config_A_baseline,0,39,99.92703756942123,95.80569856550439,27.681010101010102,1.0
config_A_baseline,0,40,99.92703756942123,95.06960249891856,28.685454545454544,1.0
config_A_baseline,0,41,99.92703756942123,95.48775102935022,30.283636363636365,1.0
config_A_baseline,0,42,99.92985028529006,96.1560846004429,29.1230303030303,1.0
config_A_baseline,0,43,99.92985028529006,95.57872773820195,29.463434343434344,1.0
config_A_baseline,0,44,99.92985028529006,95.93537584386969,29.89212121212121,1.0
config_A_baseline,0,45,99.92985028529006,96.66077775951159,28.953535353535354,1.0
config_A_baseline,0,46,99.92985028529006,96.57385392378876,28.228686868686868,1.0
config_A_baseline,0,47,99.92985028529006,96.88642799285721,27.3589898989899,1.0
config_A_baseline,0,48,99.92985028529006,96.12287898894262,27.979595959595958,0.99
config_A_baseline,0,49,99.92985028529006,96.02762485881429,29.194545454545455,0.99
config_A_baseline,0,50,99.92985028529006,95.14147918628557,30.365252525252526,0.99
config_A_baseline,1,0,92.64707909378556,67.28340565024556,47.4820202020202,1.0
config_A_baseline,1,1,92.64707909378556,67.28340565024556,47.4820202020202,1.0
config_A_baseline,1,2,95.13401798999601,78.35521397868295,46.31070707070707,1.0
config_A_baseline,1,3,95.30621038605997,84.46288619454297,45.20383838383838,1.0
config_A_baseline,1,4,95.30621038605997,88.75640231433323,43.111111111111114,1.0
config_A_baseline,1,5,95.77738565968232,90.61578457376444,40.215555555555554,1.0
config_A_baseline,1,6,96.09917628895894,91.53567698584487,38.45535353535354,1.0
config_A_baseline,1,7,99.84890719118765,92.26529383157555,35.12525252525253,1.0
config_A_baseline,1,8,99.84890719118765,93.42716310885439,34.121818181818185,0.99
config_A_baseline,1,9,99.87113392360459,93.97511572346929,34.42888888888889,0.99
config_A_baseline,1,10,99.87113392360459,94.62540993631002,35.10626262626263,1.0
config_A_baseline,1,11,99.89129733450032,95.21629524312903,34.7179797979798,1.0
config_A_baseline,1,12,99.89129733450032,95.02677035473748,34.586868686868684,1.0
config_A_baseline,1,13,99.89129733450032,95.16984034051184,34.187474747474745,0.99
config_A_baseline,1,14,99.89129733450032,95.99355163572811,33.20383838383838,0.99
config_A_baseline,1,15,99.90090468402067,95.53636973647359,30.36969696969697,0.99
config_A_baseline,1,16,99.90167525091967,97.60872958067068,29.111515151515153,1.0
config_A_baseline,1,17,99.9123760375548,97.02007068882006,27.90707070707071,1.0
config_A_baseline,1,18,99.91820078679989,96.46965061475971,27.511717171717173,1.0
config_A_baseline,1,19,99.91820078679989,95.07664119223358,29.57010101010101,1.0
config_A_baseline,1,20,99.91820078679989,96.26364878812169,30.302020202020202,0.99
config_A_baseline,1,21,99.91914949865493,95.61684690488082,29.650909090909092,0.99
config_A_baseline,1,22,99.91914949865493,95.94243477716914,31.406060606060606,1.0
config_A_baseline,1,23,99.91914949865493,94.9459873305715,31.226666666666667,1.0
config_A_baseline,1,24,99.91914949865493,96.06290688482191,31.373535353535352,1.0
config_A_baseline,1,25,99.92703756942123,95.12119364801981,30.685252525252526,1.0
config_A_baseline,1,26,99.92703756942123,96.36432869622875,31.301414141414142,1.0
config_A_baseline,1,27,99.92830915149207,96.9724915035405,30.185454545454544,1.0
config_A_baseline,1,28,99.92830915149207,96.09717964990239,30.062020202020204,1.0
config_A_baseline,1,29,99.92830915149207,94.95577385828439,31.965858585858587,1.0
config_A_baseline,1,30,99.92830915149207,95.72636815703267,31.598181818181818,1.0
config_A_baseline,1,31,99.92830915149207,96.91131433671113,30.54828282828283,1.0
config_A_baseline,1,32,99.9292790358985,96.7513153818757,30.61050505050505,1.0
config_A_baseline,1,33,99.9292790358985,96.38107090451318,30.18686868686869,1.0
config_A_baseline,1,34,99.9292790358985,96.36935335840835,29.656161616161615,1.0
config_A_baseline,1,35,99.9292790358985,96.09918861770419,29.577575757575758,1.0
config_A_baseline,1,36,99.9292790358985,96.60841883139219,31.038383838383837,1.0
config_A_baseline,1,37,99.9292790358985,96.10385267205328,30.962020202020202,1.0
config_A_baseline,1,38,99.9292790358985,96.52080099529759,30.69090909090909,1.0
config_A_baseline,1,39,99.9292790358985,96.46032755553234,29.917373737373737,1.0
config_A_baseline,1,40,99.9292790358985,96.52548322124196,29.173939393939396,1.0
config_A_baseline,1,41,99.9292790358985,96.49840091388745,28.197777777777777,1.0
config_A_baseline,1,42,99.9292790358985,96.16905483710089,29.632727272727273,1.0
config_A_baseline,1,43,99.93587435204257,96.14492210728564,29.673131313131314,1.0
config_A_baseline,1,44,99.93587435204257,95.77672947412,29.555353535353536,1.0
config_A_baseline,1,45,99.93587435204257,96.37786767776221,28.505454545454544,1.0
config_A_baseline,1,46,99.93587435204257,96.67072744533607,28.836363636363636,1.0
config_A_baseline,1,47,99.93587435204257,96.37314513569021,27.89959595959596,1.0
config_A_baseline,1,48,99.93587435204257,95.79814303866617,28.02686868686869,1.0
config_A_baseline,1,49,99.93587435204257,96.28363975750901,28.031919191919194,1.0
config_A_baseline,1,50,99.93587435204257,95.98586370757546,27.11111111111111,0.99
config_A_baseline,2,0,94.76775151985797,66.01246065989062,47.515151515151516,1.0
config_A_baseline,2,1,94.76775151985797,66.01246065989062,47.515151515151516,1.0
config_A_baseline,2,2,95.0410848531913,75.02880305516418,46.842828282828286,1.0
config_A_baseline,2,3,95.64912721854564,82.43864309635941,44.823232323232325,1.0
config_A_baseline,2,4,99.91665965300189,86.62204694696675,43.67151515151515,1.0
config_A_baseline,2,5,99.91665965300189,89.08501658771445,42.867474747474745,1.0
config_A_baseline,2,6,99.92703756942123,92.02554703925892,41.281616161616164,1.0
config_A_baseline,2,7,99.92703756942123,92.6903979556278,40.18969696969697,1.0
config_A_baseline,2,8,99.92703756942123,93.50218602620951,36.92888888888889,0.99
config_A_baseline,2,9,99.92703756942123,93.28400041906137,33.80040404040404,1.0
config_A_baseline,2,10,99.92703756942123,94.95647159370117,30.468888888888888,1.0
config_A_baseline,2,11,99.92703756942123,95.36286178325994,30.18989898989899,1.0
config_A_baseline,2,12,99.92703756942123,94.84335769642809,32.06848484848485,0.99
config_A_baseline,2,13,99.92703756942123,96.03885095352776,32.44525252525253,0.99
config_A_baseline,2,14,99.92703756942123,95.77226012914149,32.266060606060606,0.99
config_A_baseline,2,15,99.92703756942123,96.14480192838464,32.024848484848484,0.99
config_A_baseline,2,16,99.92703756942123,95.56135844778733,33.21878787878788,0.99
config_A_baseline,2,17,99.92703756942123,95.78196607595852,32.21272727272727,0.99
config_A_baseline,2,18,99.92703756942123,94.6371356263353,32.142626262626266,0.99
config_A_baseline,2,19,99.92703756942123,95.97936914749225,32.80464646464647,0.99
config_A_baseline,2,20,99.92703756942123,95.80025298238384,32.12404040404041,0.99
config_A_baseline,2,21,99.92703756942123,96.35297631128877,32.35454545454545,0.98
config_A_baseline,2,22,99.92703756942123,95.76447693117738,32.48141414141414,0.99
config_A_baseline,2,23,99.92703756942123,96.247076783745,32.677979797979795,0.99
config_A_baseline,2,24,99.92703756942123,96.73479391908852,33.528282828282826,0.99
config_A_baseline,2,25,99.92703756942123,96.50345541320912,32.016969696969696,0.99
config_A_baseline,2,26,99.92703756942123,95.51532303535116,31.677171717171717,0.99
config_A_baseline,2,27,99.92703756942123,94.91657789839265,30.243030303030302,0.99
config_A_baseline,2,28,99.92703756942123,95.19869994581495,29.465858585858587,0.99
config_A_baseline,2,29,99.92703756942123,96.01131808221614,29.945656565656567,0.98
config_A_baseline,2,30,99.92703756942123,97.00919292720606,28.233131313131313,0.99
config_A_baseline,2,31,99.92703756942123,96.08880147896154,26.642020202020202,0.99
config_A_baseline,2,32,99.92703756942123,95.63647650787522,24.622828282828284,0.99
config_A_baseline,2,33,99.92703756942123,95.320551201961,24.54,0.99
config_A_baseline,2,34,99.92703756942123,95.01607370545804,25.644242424242425,0.99
config_A_baseline,2,35,99.92703756942123,94.79689383509555,25.830303030303032,0.99
config_A_baseline,2,36,99.92703756942123,95.37521234037105,26.196767676767678,0.99
config_A_baseline,2,37,99.92703756942123,95.4801341253457,26.713737373737374,0.99
config_A_baseline,2,38,99.92703756942123,94.84128511865413,26.945050505050506,0.99
config_A_baseline,2,39,99.92703756942123,95.97938303013444,27.075151515151514,0.99
config_A_baseline,2,40,99.92703756942123,95.17746586353749,27.061818181818182,0.99
config_A_baseline,2,41,99.92703756942123,95.82273756829461,27.224040404040405,0.99
config_A_baseline,2,42,99.92703756942123,95.67915729197757,27.12787878787879,0.99
config_A_baseline,2,43,99.93286231866632,95.52823800259817,26.40969696969697,0.98
config_A_baseline,2,44,99.93286231866632,95.08360188901703,24.92020202020202,1.0
config_A_baseline,2,45,99.93286231866632,96.24379779398701,26.02969696969697,1.0
config_A_baseline,2,46,99.93286231866632,96.76925858922965,25.864646464646466,0.98
config_A_baseline,2,47,99.93286231866632,96.7865143826547,26.325050505050505,1.0
config_A_baseline,2,48,99.93286231866632,95.75575120745381,27.614545454545453,1.0
config_A_baseline,2,49,99.93286231866632,95.45396229925838,28.28929292929293,0.99
config_A_baseline,2,50,99.93286231866632,95.34642625163191,28.30787878787879,1.0
config_A_baseline,3,0,92.32315379246513,66.19341893183177,47.52020202020202,1.0
config_A_baseline,3,1,92.32315379246513,66.19341893183177,47.52020202020202,1.0
config_A_baseline,3,2,93.3121392519219,75.51745699995784,46.716565656565656,1.0
config_A_baseline,3,3,94.2708971379717,82.83795005967505,45.00909090909091,1.0
config_A_baseline,3,4,94.94636514334883,86.95482851615016,43.17050505050505,0.99
config_A_baseline,3,5,95.28362533951635,88.8843679828166,42.776969696969694,1.0
config_A_baseline,3,6,96.0361910458867,90.50170499151314,41.292323232323234,1.0
config_A_baseline,3,7,96.27772923974868,91.21866389217563,40.46161616161616,1.0
config_A_baseline,3,8,99.83840572205995,91.96760275508969,39.0620202020202,1.0
config_A_baseline,3,9,99.87113392360459,93.21243875975598,38.09858585858586,1.0
config_A_baseline,3,10,99.87113392360459,94.42655187023321,36.26686868686868,1.0
config_A_baseline,3,11,99.88246055187898,95.64452339871572,32.325656565656566,0.99
config_A_baseline,3,12,99.89617337189037,96.67522406050811,27.876767676767678,1.0
config_A_baseline,3,13,99.89617337189037,97.54801833565794,26.75030303030303,0.99
config_A_baseline,3,14,99.89617337189037,97.07665696153109,26.064848484848486,1.0
config_A_baseline,3,15,99.90326970320629,97.58687611996655,27.798181818181817,1.0
config_A_baseline,3,16,99.90326970320629,96.94208690956948,27.154141414141414,0.99
config_A_baseline,3,17,99.9116054706558,96.89911667385726,28.118787878787877,1.0
config_A_baseline,3,18,99.9116054706558,96.09538112814917,28.205050505050504,1.0
config_A_baseline,3,19,99.92151451784055,95.1945759448008,29.532929292929293,1.0
config_A_baseline,3,20,99.92151451784055,95.702958003275,29.462626262626262,1.0
config_A_baseline,3,21,99.92151451784055,95.98938900342499,30.103838383838383,1.0
config_A_baseline,3,22,99.92151451784055,96.68293516186306,29.992323232323233,1.0
config_A_baseline,3,23,99.92151451784055,95.86525630440286,29.95939393939394,0.99
config_A_baseline,3,24,99.92151451784055,95.61388467683446,31.1779797979798,0.99
config_A_baseline,3,25,99.92151451784055,96.72136057447433,30.44727272727273,0.99
config_A_baseline,3,26,99.92151451784055,96.57346237544027,30.202424242424243,0.99
config_A_baseline,3,27,99.92248440224698,97.01404025145001,29.116767676767676,0.99
config_A_baseline,3,28,99.92248440224698,96.48889846307904,28.332929292929293,1.0
config_A_baseline,3,29,99.92248440224698,95.85887468361528,29.132929292929294,0.99
config_A_baseline,3,30,99.92248440224698,95.37285354909781,28.75151515151515,0.99
config_A_baseline,3,31,99.92248440224698,96.32195895120502,27.415757575757574,0.99
config_A_baseline,3,32,99.92248440224698,95.32260492822884,26.912525252525253,1.0
config_A_baseline,3,33,99.92248440224698,95.76430349307707,26.923838383838383,1.0
config_A_baseline,3,34,99.92248440224698,96.27565764160772,27.23979797979798,1.0
config_A_baseline,3,35,99.92248440224698,95.92429184118475,27.39878787878788,1.0
config_A_baseline,3,36,99.92248440224698,95.84007342631332,24.464444444444446,1.0
config_A_baseline,3,37,99.92248440224698,96.2071443287833,23.15010101010101,1.0
config_A_baseline,3,38,99.92248440224698,94.9048507054999,23.265454545454546,0.99
config_A_baseline,3,39,99.92248440224698,95.48500565108414,23.24040404040404,0.98
config_A_baseline,3,40,99.92626700252224,94.94247083863506,23.604242424242425,0.99
config_A_baseline,3,41,99.92626700252224,96.08457768806161,24.78969696969697,0.99
config_A_baseline,3,42,99.92626700252224,95.98893518952667,24.921414141414143,1.0
config_A_baseline,3,43,99.92626700252224,96.70961348061014,23.767070707070708,0.99
config_A_baseline,3,44,99.92626700252224,96.13504662363798,23.807070707070707,1.0
config_A_baseline,3,45,99.92626700252224,95.94057635562147,24.366060606060607,1.0
config_A_baseline,3,46,99.92626700252224,95.66116485980177,24.496363636363636,1.0
config_A_baseline,3,47,99.92626700252224,96.07939580851792,25.568686868686868,1.0
config_A_baseline,3,48,99.92626700252224,96.19448814916186,26.841818181818184,1.0
config_A_baseline,3,49,99.92626700252224,96.04717293651842,25.77939393939394,0.98
config_A_baseline,3,50,99.92626700252224,96.54844542263696,25.714545454545455,0.99
config_A_baseline,4,0,91.60733658926902,64.58342851844688,47.533737373737374,1.0
config_A_baseline,4,1,91.60733658926902,64.58342851844688,47.533737373737374,1.0
config_A_baseline,4,2,95.35206192560906,75.8675728663323,46.59414141414141,1.0
config_A_baseline,4,3,99.85211854207134,82.56891299792423,45.78747474747475,1.0
config_A_baseline,4,4,99.85211854207134,86.41285196639366,44.42121212121212,0.99
config_A_baseline,4,5,99.85211854207134,89.31834262558921,43.24848484848485,1.0
config_A_baseline,4,6,99.85211854207134,90.90122538164016,42.06040404040404,1.0
config_A_baseline,4,7,99.85211854207134,92.46894205514465,40.695757575757575,1.0
config_A_baseline,4,8,99.85416069104117,92.35202093846756,39.913333333333334,1.0
config_A_baseline,4,9,99.8559011423466,92.95767573362531,37.89050505050505,0.99
config_A_baseline,4,10,99.8559011423466,93.27034128767328,36.517575757575756,1.0
config_A_baseline,4,11,99.85839098799963,94.3178223013037,35.6769696969697,0.99
config_A_baseline,4,12,99.87695867284968,95.67678527389198,35.90949494949495,1.0
config_A_baseline,4,13,99.87997070622595,95.33505148533376,35.621818181818185,1.0
config_A_baseline,4,14,99.88880748884729,96.65530497326594,35.12525252525253,1.0
config_A_baseline,4,15,99.90199812113545,96.49318324567477,32.13272727272727,1.0
config_A_baseline,4,16,99.90199812113545,96.59238756101335,29.64929292929293,1.0
config_A_baseline,4,17,99.90199812113545,96.85749384845691,29.282828282828284,1.0
config_A_baseline,4,18,99.9174302199009,96.84705387427752,25.39070707070707,1.0
config_A_baseline,4,19,99.9174302199009,96.64993092442118,24.011717171717173,1.0
config_A_baseline,4,20,99.9174302199009,96.4664325022174,22.017777777777777,1.0
config_A_baseline,4,21,99.91947236887071,96.06617437949991,22.452121212121213,1.0
config_A_baseline,4,22,99.91947236887071,96.93432645354802,22.1379797979798,1.0
config_A_baseline,4,23,99.91947236887071,95.9193220231089,23.467676767676767,0.99
config_A_baseline,4,24,99.92325496914597,96.49028992319445,24.3810101010101,1.0
config_A_baseline,4,25,99.92325496914597,96.67489464122471,24.326464646464647,1.0
config_A_baseline,4,26,99.92325496914597,97.28818146138745,24.52686868686869,1.0
config_A_baseline,4,27,99.92325496914597,97.01715902124707,25.527272727272727,0.99
config_A_baseline,4,28,99.92325496914597,96.38945418195962,26.502828282828283,1.0
config_A_baseline,4,29,99.92325496914597,96.33324198698716,27.268080808080807,0.99
config_A_baseline,4,30,99.92325496914597,96.98175975254898,28.168282828282827,0.99
config_A_baseline,4,31,99.92325496914597,96.1341872454812,29.351717171717173,1.0
config_A_baseline,4,32,99.92325496914597,96.54739739289154,29.943636363636365,0.99
config_A_baseline,4,33,99.92325496914597,95.43588185442758,30.42,0.99
config_A_baseline,4,34,99.92325496914597,95.98196241092191,30.077171717171716,0.99
config_A_baseline,4,35,99.92325496914597,95.86257520248982,29.87090909090909,0.99
config_A_baseline,4,36,99.92325496914597,96.01736995201813,28.05959595959596,0.99
config_A_baseline,4,37,99.92325496914597,95.59682362277623,29.32181818181818,0.98
config_A_baseline,4,38,99.92325496914597,95.76675703815937,30.076767676767677,0.99
config_A_baseline,4,39,99.92325496914597,95.67314784566577,30.387070707070706,0.98
config_A_baseline,4,40,99.92325496914597,95.0324221001118,30.684646464646466,0.98
config_A_baseline,4,41,99.92325496914597,95.50882620547407,30.66262626262626,0.99
config_A_baseline,4,42,99.92325496914597,95.75563383909451,30.762020202020203,0.99
config_A_baseline,4,43,99.92325496914597,95.88474695720527,30.83191919191919,0.98
config_A_baseline,4,44,99.92325496914597,96.79782554263589,30.17252525252525,0.99
config_A_baseline,4,45,99.92325496914597,97.02402484047063,30.416767676767677,0.99
config_A_baseline,4,46,99.92325496914597,96.26967673582699,30.99191919191919,0.99
config_A_baseline,4,47,99.92325496914597,96.30877738794686,30.276363636363637,0.99
config_A_baseline,4,48,99.92325496914597,96.01297427483145,31.24161616161616,0.99
config_A_baseline,4,49,99.92325496914597,95.96114520531191,30.912525252525253,0.99
config_A_baseline,4,50,99.92325496914597,95.36757224153034,29.275757575757577,0.98
config_A_baseline,5,0,94.61917628895894,67.42917012519294,47.4789898989899,1.0
config_A_baseline,5,1,94.61917628895894,67.42917012519294,47.4789898989899,1.0
config_A_baseline,5,2,94.9232104089274,76.50800134963468,46.86828282828283,1.0
config_A_baseline,5,3,94.9232104089274,82.24712890866162,45.42323232323233,1.0
config_A_baseline,5,4,95.68068465666266,87.44118007863783,42.346060606060604,1.0
config_A_baseline,5,5,95.68068465666266,89.84768221950617,39.64040404040404,1.0
config_A_baseline,5,6,95.81233415515285,90.50858100160376,37.618383838383835,1.0
config_A_baseline,5,7,95.99994685585794,91.40548972255732,37.44646464646465,1.0
config_A_baseline,5,8,99.8848255710646,91.75058029397371,36.17171717171717,1.0
config_A_baseline,5,9,99.8848255710646,93.15806910019269,34.814343434343435,1.0
config_A_baseline,5,10,99.8848255710646,93.77394108606136,33.47313131313131,1.0
config_A_baseline,5,11,99.8848255710646,94.3633096585975,32.346060606060604,1.0
config_A_baseline,5,12,99.89065032030969,94.9402480521511,32.944242424242425,1.0
config_A_baseline,5,13,99.89065032030969,95.50072676817072,34.149292929292926,1.0
config_A_baseline,5,14,99.89065032030969,95.37468360946721,33.58343434343434,0.99
config_A_baseline,5,15,99.89065032030969,95.17497933419263,33.86848484848485,1.0
config_A_baseline,5,16,99.90628173658256,95.36612832837781,33.705858585858586,1.0
config_A_baseline,5,17,99.90628173658256,95.99603545299604,32.77070707070707,1.0
config_A_baseline,5,18,99.90628173658256,96.12469143834761,33.62888888888889,0.99
config_A_baseline,5,19,99.90628173658256,95.94017485692349,32.688686868686865,0.99
config_A_baseline,5,20,99.90782287038054,95.24019528008681,31.736161616161617,0.99
config_A_baseline,5,21,99.91568976859547,95.5199018061442,30.867070707070706,1.0
config_A_baseline,5,22,99.91568976859547,95.21566394866029,31.705858585858586,1.0
config_A_baseline,5,23,99.91568976859547,95.49117661815937,31.71838383838384,0.98
config_A_baseline,5,24,99.91568976859547,95.29875491230028,30.834545454545456,0.98
config_A_baseline,5,25,99.91568976859547,95.82149825036835,30.276969696969697,0.98
config_A_baseline,5,26,99.91568976859547,96.88376843212136,29.794747474747474,0.98
config_A_baseline,5,27,99.91568976859547,96.6508248600587,30.029090909090908,0.99
config_A_baseline,5,28,99.91568976859547,97.27384918078437,29.755757575757574,0.99
config_A_baseline,5,29,99.91568976859547,96.44019821130706,27.96848484848485,0.99
config_A_baseline,5,30,99.91870180197172,97.06448269520557,28.547878787878787,0.99
config_A_baseline,5,31,99.91870180197172,95.99554292608993,27.25858585858586,0.99
config_A_baseline,5,32,99.91870180197172,95.95236235126586,27.766262626262627,1.0
config_A_baseline,5,33,99.9260676850148,95.92661037591168,29.013535353535353,0.98
config_A_baseline,5,34,99.9260676850148,95.42384407007519,28.392323232323232,1.0
config_A_baseline,5,35,99.9260676850148,95.76281347130964,29.047878787878787,1.0
config_A_baseline,5,36,99.9260676850148,95.23563137422758,28.271515151515153,0.99
config_A_baseline,5,37,99.9260676850148,95.68338939332052,28.444848484848485,1.0
config_A_baseline,5,38,99.9260676850148,95.89747583029599,28.715959595959596,1.0
config_A_baseline,5,39,99.9260676850148,95.64237903644339,28.125050505050506,1.0
config_A_baseline,5,40,99.9260676850148,96.77061720428324,27.14949494949495,1.0
config_A_baseline,5,41,99.9260676850148,95.90169946972382,26.702222222222222,1.0
config_A_baseline,5,42,99.9260676850148,96.10372413360501,26.253535353535355,1.0
config_A_baseline,5,43,99.9260676850148,95.34683641793242,27.257575757575758,1.0
config_A_baseline,5,44,99.9260676850148,95.6174373500532,26.503636363636364,1.0
config_A_baseline,5,45,99.9260676850148,95.20527675143029,26.104848484848485,0.99
config_A_baseline,5,46,99.9260676850148,96.47910470288552,26.406868686868687,1.0
config_A_baseline,5,47,99.9260676850148,96.40542981961119,27.362828282828282,1.0
config_A_baseline,5,48,99.9260676850148,96.1369805249064,26.672121212121212,1.0
config_A_baseline,5,49,99.9260676850148,95.95608487228068,26.174747474747473,1.0
config_A_baseline,5,50,99.92830915149207,95.78442614330976,27.21939393939394,1.0
config_A_baseline,6,0,94.23120527412718,66.66180319871029,47.48646464646465,1.0
config_A_baseline,6,1,94.23120527412718,66.66180319871029,47.48646464646465,1.0
config_A_baseline,6,2,99.7590249343069,77.19798858536116,46.64767676767677,1.0
config_A_baseline,6,3,99.7590249343069,83.30402758259407,45.76646464646465,1.0
config_A_baseline,6,4,99.84609447531882,87.8243790023357,44.38080808080808,1.0
config_A_baseline,6,5,99.84609447531882,89.25557570771312,42.55939393939394,1.0
config_A_baseline,6,6,99.84609447531882,90.11996877366968,41.18222222222222,1.0
config_A_baseline,6,7,99.86530917435951,91.7687365870258,38.226262626262624,1.0
config_A_baseline,6,8,99.86530917435951,93.92695538176059,37.12141414141414,1.0
config_A_baseline,6,9,99.86530917435951,93.70583655365107,36.637979797979796,1.0
config_A_baseline,6,10,99.87317607257442,93.57281941427067,36.88020202020202,1.0
config_A_baseline,6,11,99.91364761962564,93.86851595030514,35.74505050505051,0.99
config_A_baseline,6,12,99.91364761962564,94.91258995596239,35.96484848484849,1.0
config_A_baseline,6,13,99.91364761962564,95.3597907269147,36.27232323232323,1.0
config_A_baseline,6,14,99.91364761962564,94.83015488934609,36.1389898989899,1.0
config_A_baseline,6,15,99.91364761962564,94.98660117424951,36.41232323232323,1.0
config_A_baseline,6,16,99.91364761962564,95.1318977417921,36.76707070707071,1.0
config_A_baseline,6,17,99.91364761962564,96.07254426493375,36.83131313131313,1.0
config_A_baseline,6,18,99.91364761962564,95.4661935650375,36.72161616161616,1.0
config_A_baseline,6,19,99.91364761962564,95.11349526457496,36.42040404040404,1.0
config_A_baseline,6,20,99.91364761962564,95.392139807054,36.7820202020202,1.0
config_A_baseline,6,21,99.91441818652463,95.4916286343981,36.86060606060606,1.0
config_A_baseline,6,22,99.91441818652463,95.94653965269208,36.05717171717172,1.0
config_A_baseline,6,23,99.91820078679989,96.09628032808392,37.042020202020204,1.0
config_A_baseline,6,24,99.91820078679989,95.15741702025635,38.06626262626263,1.0
config_A_baseline,6,25,99.91820078679989,95.83307633309624,37.764848484848486,1.0
config_A_baseline,6,26,99.91820078679989,96.55530269217357,37.59919191919192,1.0
config_A_baseline,6,27,99.91820078679989,96.16806795482867,37.70969696969697,1.0
config_A_baseline,6,28,99.92325496914597,96.15761409368041,36.50888888888889,1.0
config_A_baseline,6,29,99.93868706791142,96.1037747283071,35.33919191919192,1.0
config_A_baseline,6,30,99.93868706791142,94.83596172947047,34.1549494949495,1.0
config_A_baseline,6,31,99.93868706791142,95.99731113899365,33.212323232323236,0.99
config_A_baseline,6,32,99.9445118171565,94.88861528058538,31.555757575757575,1.0
config_A_baseline,6,33,99.9445118171565,94.53050757617834,30.099393939393938,1.0
config_A_baseline,6,34,99.9445118171565,95.18559955233785,29.70888888888889,1.0
config_A_baseline,6,35,99.9445118171565,95.52895979410006,28.243232323232323,0.99
config_A_baseline,6,36,99.9445118171565,94.29043606187685,27.433939393939394,0.99
config_A_baseline,6,37,99.9445118171565,96.02448725575461,24.66868686868687,0.99
config_A_baseline,6,38,99.9445118171565,95.48330783506375,23.55272727272727,0.99
config_A_baseline,6,39,99.9445118171565,94.70891991459959,23.446666666666665,0.99
config_A_baseline,6,40,99.9445118171565,95.6018762239724,23.67030303030303,0.99
config_A_baseline,6,41,99.9445118171565,96.03159480843597,24.562020202020204,0.99
config_A_baseline,6,42,99.9445118171565,95.67438619635773,24.857171717171717,0.99
config_A_baseline,6,43,99.9445118171565,95.89472385897002,24.81191919191919,0.99
config_A_baseline,6,44,99.9445118171565,96.01245251024868,24.403838383838384,0.99
config_A_baseline,6,45,99.9445118171565,95.63217462375391,26.046262626262628,0.99
config_A_baseline,6,46,99.9445118171565,96.08826811895807,25.824242424242424,0.99
config_A_baseline,6,47,99.9445118171565,96.17451131599711,26.845050505050505,0.99
config_A_baseline,6,48,99.9445118171565,95.6034004078173,26.135151515151517,0.99
config_A_baseline,6,49,99.9445118171565,96.20184730942458,27.204444444444444,0.98
config_A_baseline,6,50,99.9445118171565,95.71905810919024,26.813535353535354,0.99
config_A_baseline,7,0,95.7840670604093,69.20519317351089,47.53151515151515,1.0
config_A_baseline,7,1,95.7840670604093,69.20519317351089,47.53151515151515,1.0
config_A_baseline,7,2,95.7840670604093,77.55419388529991,46.78545454545455,1.0
config_A_baseline,7,3,95.7840670604093,82.66108919801886,46.05050505050505,1.0
config_A_baseline,7,4,96.07505010861732,86.8722135475508,44.093939393939394,1.0
config_A_baseline,7,5,96.397743973809,89.56364433491592,42.04282828282828,1.0
config_A_baseline,7,6,99.8660797412585,91.71166378447884,41.44040404040404,1.0
config_A_baseline,7,7,99.8660797412585,93.61352640036256,40.19373737373737,1.0
config_A_baseline,7,8,99.8660797412585,94.618098843002,39.11757575757576,1.0
config_A_baseline,7,9,99.88375330650119,96.02837993511221,37.72,0.99
config_A_baseline,7,10,99.88925518553049,96.12744747572857,36.193333333333335,1.0
config_A_baseline,7,11,99.88925518553049,95.69744867441497,35.13212121212121,1.0
config_A_baseline,7,12,99.89239077161511,96.41618875549747,35.12686868686869,1.0
config_A_baseline,7,13,99.89239077161511,95.01022516528481,35.62161616161616,1.0
config_A_baseline,7,14,99.89239077161511,95.37967529748585,34.59292929292929,1.0
config_A_baseline,7,15,99.89239077161511,95.57734187705204,34.26565656565656,1.0
config_A_baseline,7,16,99.89239077161511,96.20979300324791,34.16040404040404,1.0
config_A_baseline,7,17,99.90578072141071,96.12334556242136,34.17939393939394,1.0
config_A_baseline,7,18,99.90578072141071,95.89662081100914,34.51373737373737,1.0
config_A_baseline,7,19,99.90578072141071,96.84594497042762,33.128484848484845,1.0
config_A_baseline,7,20,99.90578072141071,96.50272469386117,31.343434343434343,1.0
config_A_baseline,7,21,99.9116054706558,96.67280774512689,30.94848484848485,1.0
config_A_baseline,7,22,99.9116054706558,96.49094477230638,31.345252525252526,1.0
config_A_baseline,7,23,99.9116054706558,96.7739615119545,31.137171717171718,1.0
config_A_baseline,7,24,99.91441818652463,96.8400543908917,31.701818181818183,1.0
config_A_baseline,7,25,99.91441818652463,95.77809052004677,31.665050505050505,1.0
config_A_baseline,7,26,99.91441818652463,95.98175563483215,31.24282828282828,1.0
config_A_baseline,7,27,99.9158890861029,95.7420336933175,30.237171717171716,1.0
config_A_baseline,7,28,99.9158890861029,95.72119575379213,28.865252525252526,1.0
config_A_baseline,7,29,99.9158890861029,95.64769129687325,30.641616161616163,1.0
config_A_baseline,7,30,99.9158890861029,95.89980445173437,30.93858585858586,1.0
config_A_baseline,7,31,99.9163367827861,95.55238461080378,31.07030303030303,1.0
config_A_baseline,7,32,99.9163367827861,96.61869563042528,30.296161616161616,0.99
config_A_baseline,7,33,99.9163367827861,95.72349679546625,29.30121212121212,1.0
config_A_baseline,7,34,99.9163367827861,95.90736643683613,30.463434343434344,1.0
config_A_baseline,7,35,99.91820078679989,96.56885598140843,29.447676767676768,1.0
config_A_baseline,7,36,99.92703756942123,96.26365195299395,28.943838383838383,0.99
config_A_baseline,7,37,99.92703756942123,95.28650376140222,30.2169696969697,1.0
config_A_baseline,7,38,99.92703756942123,94.94011117447181,28.86141414141414,1.0
config_A_baseline,7,39,99.92703756942123,95.46936382418384,29.686464646464646,1.0
config_A_baseline,7,40,99.92703756942123,96.49249043654073,30.20969696969697,1.0
config_A_baseline,7,41,99.92703756942123,95.86768415527526,30.057777777777776,1.0
config_A_baseline,7,42,99.92703756942123,95.71516730231566,29.428686868686867,1.0
config_A_baseline,7,43,99.92703756942123,96.32963708342623,27.74020202020202,1.0
config_A_baseline,7,44,99.92703756942123,96.47512630645373,28.24,1.0
config_A_baseline,7,45,99.92703756942123,96.69202831930573,28.43717171717172,1.0
config_A_baseline,7,46,99.92703756942123,96.40713830701563,28.17252525252525,0.99
config_A_baseline,7,47,99.92703756942123,95.00747282934837,27.122020202020202,0.99
config_A_baseline,7,48,99.92703756942123,95.04730546145154,28.016969696969696,0.99
config_A_baseline,7,49,99.92703756942123,96.61274510902851,27.275959595959595,0.99
config_A_baseline,7,50,99.92703756942123,96.15823311345743,27.68686868686869,1.0
config_A_baseline,8,0,99.83725769269746,67.15950335865084,47.516363636363636,1.0
config_A_baseline,8,1,99.83725769269746,67.15950335865084,47.516363636363636,1.0
config_A_baseline,8,2,99.83725769269746,77.35566474966359,46.81919191919192,1.0
config_A_baseline,8,3,99.85948442511442,85.0392706889883,45.21333333333333,0.99
config_A_baseline,8,4,99.88246055187898,90.36889360459692,41.74666666666667,1.0
config_A_baseline,8,5,99.88246055187898,92.32886781243438,40.748282828282825,1.0
config_A_baseline,8,6,99.88246055187898,92.23279106656526,38.64060606060606,1.0
config_A_baseline,8,7,99.88246055187898,93.59148961427856,38.615959595959595,1.0
config_A_baseline,8,8,99.9116054706558,94.1720826922886,38.03838383838384,1.0
config_A_baseline,8,9,99.9116054706558,95.14532287626805,35.10020202020202,1.0
config_A_baseline,8,10,99.9116054706558,95.52774567560266,34.98404040404041,1.0
config_A_baseline,8,11,99.9116054706558,95.69692663090123,32.93616161616161,1.0
config_A_baseline,8,12,99.9116054706558,95.99187769760985,32.018181818181816,1.0
config_A_baseline,8,13,99.9116054706558,96.29994932727567,29.46121212121212,1.0
config_A_baseline,8,14,99.9116054706558,95.96674712773529,26.237979797979797,1.0
config_A_baseline,8,15,99.9116054706558,95.7593872845112,25.650909090909092,0.99
config_A_baseline,8,16,99.9116054706558,94.86788866731676,26.97878787878788,1.0
config_A_baseline,8,17,99.9116054706558,95.00508698624456,27.70060606060606,1.0
config_A_baseline,8,18,99.92121282017614,95.4301967537981,27.914343434343433,1.0
config_A_baseline,8,19,99.92121282017614,95.71924105688073,28.395959595959596,1.0
config_A_baseline,8,20,99.92121282017614,95.72100282149799,29.36,1.0
config_A_baseline,8,21,99.92121282017614,94.3927469332448,29.543838383838384,1.0
config_A_baseline,8,22,99.92121282017614,95.60482731735672,29.974747474747474,1.0
config_A_baseline,8,23,99.92121282017614,96.37067681482272,29.095151515151514,1.0
config_A_baseline,8,24,99.92121282017614,96.04070415253527,29.024646464646466,1.0
config_A_baseline,8,25,99.92703756942123,96.4941999006456,28.692525252525254,1.0
config_A_baseline,8,26,99.92703756942123,95.10279124886692,28.71959595959596,1.0
config_A_baseline,8,27,99.92703756942123,96.0460184016653,28.923434343434344,1.0
config_A_baseline,8,28,99.92703756942123,96.42318756472308,28.94727272727273,1.0
config_A_baseline,8,29,99.92703756942123,96.00327820249953,29.86141414141414,1.0
config_A_baseline,8,30,99.92703756942123,95.74985012286069,30.21070707070707,1.0
config_A_baseline,8,31,99.92703756942123,95.82379046015998,29.79252525252525,1.0
config_A_baseline,8,32,99.92703756942123,95.69789943965378,28.88080808080808,1.0
config_A_baseline,8,33,99.92703756942123,95.71206395496543,29.024040404040402,1.0
config_A_baseline,8,34,99.92703756942123,96.69169419865578,27.715353535353536,1.0
config_A_baseline,8,35,99.92703756942123,95.68118458088165,28.462020202020202,1.0
config_A_baseline,8,36,99.92703756942123,96.11571025492289,29.043434343434342,0.99
config_A_baseline,8,37,99.92703756942123,95.92133863744351,27.48949494949495,0.99
config_A_baseline,8,38,99.92703756942123,96.11286072946203,26.18080808080808,0.99
config_A_baseline,8,39,99.92703756942123,95.66322084960518,26.145252525252527,1.0
config_A_baseline,8,40,99.92703756942123,95.28308834309207,27.108686868686867,1.0
config_A_baseline,8,41,99.92703756942123,95.17764709230227,28.12989898989899,1.0
config_A_baseline,8,42,99.92703756942123,95.47660139065619,28.461616161616163,1.0
config_A_baseline,8,43,99.92703756942123,96.30633560644706,29.946464646464648,0.99
config_A_baseline,8,44,99.92703756942123,96.21889424892672,30.099393939393938,1.0
config_A_baseline,8,45,99.93209175176733,95.55261622522771,29.085858585858585,1.0
config_A_baseline,8,46,99.93209175176733,95.50008911159783,28.43838383838384,0.99
config_A_baseline,8,47,99.93209175176733,95.33273567416198,29.903434343434345,1.0
config_A_baseline,8,48,99.93209175176733,96.46381415843656,28.915555555555557,1.0
config_A_baseline,8,49,99.93209175176733,96.74279970516513,28.883232323232324,0.99
config_A_baseline,8,50,99.93209175176733,96.88185679116889,28.95090909090909,1.0
config_A_baseline,9,0,94.69629222256754,65.24982958470659,47.522828282828286,1.0
config_A_baseline,9,1,94.69629222256754,65.24982958470659,47.522828282828286,1.0
config_A_baseline,9,2,96.28087485786241,75.3056762347843,46.885252525252525,1.0
config_A_baseline,9,3,96.40397895161182,82.9608575182242,45.64343434343434,1.0
config_A_baseline,9,4,99.81413684067317,88.99885137924544,42.532525252525254,0.99
config_A_baseline,9,5,99.89617337189037,91.4340467450613,40.0610101010101,1.0
config_A_baseline,9,6,99.89617337189037,93.91926429306872,34.74383838383839,1.0
config_A_baseline,9,7,99.89617337189037,94.16126930669024,32.75737373737374,1.0
config_A_baseline,9,8,99.89617337189037,94.66484962468203,33.16989898989899,1.0
config_A_baseline,9,9,99.89617337189037,94.14637073549933,32.68080808080808,1.0
config_A_baseline,9,10,99.8982155208602,96.00999956955697,31.997171717171717,1.0
config_A_baseline,9,11,99.8982155208602,96.05431007326635,31.077575757575758,1.0
config_A_baseline,9,12,99.8982155208602,95.93353727253792,30.924444444444443,1.0
config_A_baseline,9,13,99.90501015451171,95.95152932093536,30.408080808080808,1.0
config_A_baseline,9,14,99.90501015451171,95.69966011163466,29.824444444444445,1.0
config_A_baseline,9,15,99.90501015451171,95.04236907814365,29.73070707070707,1.0
config_A_baseline,9,16,99.90501015451171,96.344211339315,29.113333333333333,0.99
config_A_baseline,9,17,99.90501015451171,96.2929865548387,28.254141414141415,0.99
config_A_baseline,9,18,99.90501015451171,96.65930857814031,28.475959595959598,1.0
config_A_baseline,9,19,99.91665965300189,96.72017493670609,29.285858585858588,1.0
config_A_baseline,9,20,99.91665965300189,95.20914758690338,30.64060606060606,1.0
config_A_baseline,9,21,99.91665965300189,95.55555512233435,31.07050505050505,1.0
config_A_baseline,9,22,99.91665965300189,95.67688327081186,31.862222222222222,1.0
config_A_baseline,9,23,99.91665965300189,95.79495842552363,31.825858585858587,1.0
config_A_baseline,9,24,99.9174302199009,96.50184858659064,31.866060606060607,1.0
config_A_baseline,9,25,99.9174302199009,96.69813450813433,31.71212121212121,0.99
config_A_baseline,9,26,99.92325496914597,96.30426892371419,30.341010101010102,1.0
config_A_baseline,9,27,99.92325496914597,96.37300619938483,31.973535353535354,1.0
config_A_baseline,9,28,99.92703756942123,96.86896397103284,32.19353535353535,0.98
config_A_baseline,9,29,99.92703756942123,96.17515973171253,32.01353535353535,0.99
config_A_baseline,9,30,99.92703756942123,96.38554730100748,31.89939393939394,1.0
config_A_baseline,9,31,99.92703756942123,96.03665551934272,32.31414141414142,1.0
config_A_baseline,9,32,99.92703756942123,95.01781078526373,32.58383838383838,1.0
config_A_baseline,9,33,99.92703756942123,95.40634454344251,34.093131313131316,1.0
config_A_baseline,9,34,99.92703756942123,96.40898685859366,33.74565656565657,1.0
config_A_baseline,9,35,99.92703756942123,95.76818853639365,33.44949494949495,1.0
config_A_baseline,9,36,99.92703756942123,95.43221356712007,33.10363636363636,1.0
config_A_baseline,9,37,99.92703756942123,94.5789962850246,34.114747474747475,1.0
config_A_baseline,9,38,99.92703756942123,96.22070030109026,34.59353535353535,1.0
config_A_baseline,9,39,99.92703756942123,96.03810883940604,34.65212121212121,0.99
config_A_baseline,9,40,99.92703756942123,96.02556609532171,34.03515151515151,1.0
config_A_baseline,9,41,99.92703756942123,95.55880318988763,33.97818181818182,0.99
config_A_baseline,9,42,99.92703756942123,95.85070615192433,33.844242424242424,0.99
config_A_baseline,9,43,99.92703756942123,95.95173147394756,34.26888888888889,0.99
config_A_baseline,9,44,99.92703756942123,96.41390310908467,32.98161616161616,0.99
config_A_baseline,9,45,99.92703756942123,95.22415602673227,34.02020202020202,1.0
config_A_baseline,9,46,99.92703756942123,95.81766162258099,34.37191919191919,1.0
config_A_baseline,9,47,99.92703756942123,96.19722118890013,33.20909090909091,1.0
config_A_baseline,9,48,99.92703756942123,95.86459850447868,32.35171717171717,1.0
config_A_baseline,9,49,99.92703756942123,95.61837433664385,33.694545454545455,0.99
config_A_baseline,9,50,99.92703756942123,95.96421488048328,32.21919191919192,1.0
config_A_baseline,10,0,91.90873613832471,67.68490882481858,47.49454545454545,1.0
config_A_baseline,10,1,91.90873613832471,67.68490882481858,47.49454545454545,1.0
config_A_baseline,10,2,94.39735886937831,77.50619218371729,46.572323232323235,1.0
config_A_baseline,10,3,95.3013986070994,83.6226395458735,45.76565656565656,1.0
config_A_baseline,10,4,95.99075443692654,86.99138273793247,44.29878787878788,0.99
config_A_baseline,10,5,96.07022065566044,89.62544620967157,42.84161616161616,0.99
config_A_baseline,10,6,96.46120370386846,92.2136391715862,40.71212121212121,1.0
config_A_baseline,10,7,99.84532390841981,92.78070952526515,38.66161616161616,1.0
config_A_baseline,10,8,99.88624315215424,92.90505022963778,38.43575757575758,1.0
config_A_baseline,10,9,99.89520348748394,93.7208793408201,36.483030303030304,1.0
config_A_baseline,10,10,99.89520348748394,95.08509086059958,34.40343434343434,0.99
config_A_baseline,10,11,99.89585050167457,95.7133157925985,32.181414141414145,0.99
config_A_baseline,10,12,99.8982155208602,95.48254958110712,31.460808080808082,1.0
config_A_baseline,10,13,99.90628173658256,96.08845311157384,32.48565656565656,1.0
config_A_baseline,10,14,99.91947236887071,95.37730831333118,30.775555555555556,1.0
config_A_baseline,10,15,99.91947236887071,95.2622429185111,29.90040404040404,1.0
config_A_baseline,10,16,99.92325496914597,96.1024030687446,29.70828282828283,1.0
config_A_baseline,10,17,99.92325496914597,95.16404270917775,28.771919191919192,1.0
config_A_baseline,10,18,99.92325496914597,96.64069825104696,26.917171717171716,1.0
config_A_baseline,10,19,99.92325496914597,96.19777484062935,27.114141414141415,1.0
config_A_baseline,10,20,99.92325496914597,96.7607606490637,27.144444444444446,1.0
config_A_baseline,10,21,99.92325496914597,96.7057828975761,28.894545454545455,1.0
config_A_baseline,10,22,99.92325496914597,96.64198199256738,29.051717171717172,1.0
config_A_baseline,10,23,99.92325496914597,96.66986428435912,29.40949494949495,1.0
config_A_baseline,10,24,99.92325496914597,97.46191699953529,26.866262626262625,1.0
config_A_baseline,10,25,99.92325496914597,96.44775108636424,27.098787878787878,0.99
config_A_baseline,10,26,99.92325496914597,95.59846058557356,27.706666666666667,0.99
config_A_baseline,10,27,99.92325496914597,95.59831774014368,27.811515151515152,0.99
config_A_baseline,10,28,99.92325496914597,95.62696194725045,28.107272727272726,0.99
config_A_baseline,10,29,99.92325496914597,95.72545572797154,28.495959595959597,0.99
config_A_baseline,10,30,99.92325496914597,96.2814048523296,28.64727272727273,0.99
config_A_baseline,10,31,99.92325496914597,96.13305817937784,27.0020202020202,0.99
config_A_baseline,10,32,99.92325496914597,96.11506622014845,27.045858585858586,0.99
config_A_baseline,10,33,99.92325496914597,96.07104408128598,27.877171717171716,0.99
config_A_baseline,10,34,99.92325496914597,96.92278977817419,28.104646464646464,0.99
config_A_baseline,10,35,99.92325496914597,96.61248369759979,27.715353535353536,0.99
config_A_baseline,10,36,99.92325496914597,96.24829440801011,26.860404040404042,0.97
config_A_baseline,10,37,99.92830915149207,96.16585006026628,26.94909090909091,0.99
config_A_baseline,10,38,99.92830915149207,95.40405694583487,27.256565656565655,1.0
config_A_baseline,10,39,99.92830915149207,96.29605075849676,27.0810101010101,1.0
config_A_baseline,10,40,99.92830915149207,96.0770143673391,27.232525252525253,1.0
config_A_baseline,10,41,99.92830915149207,96.06411868042778,27.883838383838384,1.0
config_A_baseline,10,42,99.92830915149207,95.94716529194147,27.80060606060606,0.99
config_A_baseline,10,43,99.92830915149207,95.57215845991273,27.022828282828282,0.99
config_A_baseline,10,44,99.92830915149207,96.41359604260352,26.35333333333333,0.98
config_A_baseline,10,45,99.92830915149207,96.65813979435192,24.407878787878786,0.99
config_A_baseline,10,46,99.92830915149207,97.09813860295382,23.871919191919194,0.98
config_A_baseline,10,47,99.92830915149207,96.63673530402878,21.725454545454546,0.99
config_A_baseline,10,48,99.92830915149207,96.00698143913053,22.678383838383837,0.99
config_A_baseline,10,49,99.92830915149207,96.576184961346,23.50929292929293,0.99
config_A_baseline,10,50,99.92830915149207,97.35024721577994,22.95070707070707,0.98
config_A_baseline,11,0,93.38229714098324,69.26223803500378,47.51656565656565,1.0
config_A_baseline,11,1,93.38229714098324,69.26223803500378,47.51656565656565,1.0
config_A_baseline,11,2,93.98308244194256,78.65687288593541,46.41838383838384,1.0
config_A_baseline,11,3,94.8200895569031,85.54715596390963,43.94828282828283,1.0
config_A_baseline,11,4,95.95905743828177,88.65834246379006,40.73414141414141,1.0
config_A_baseline,11,5,99.89239077161511,91.24303707624657,39.14888888888889,1.0
config_A_baseline,11,6,99.89239077161511,91.7621168352637,37.30444444444444,1.0
config_A_baseline,11,7,99.89239077161511,92.2219121930818,35.64909090909091,1.0
config_A_baseline,11,8,99.89239077161511,92.31670838717429,32.98565656565656,1.0
config_A_baseline,11,9,99.89239077161511,92.71958179037458,29.250707070707072,1.0
config_A_baseline,11,10,99.89995597216563,94.10369333743549,29.244040404040405,1.0
config_A_baseline,11,11,99.89995597216563,94.69817326241193,27.67858585858586,0.99
config_A_baseline,11,12,99.90578072141071,93.99725775774036,27.173333333333332,0.99
config_A_baseline,11,13,99.90578072141071,95.7868333746808,27.5220202020202,0.99
config_A_baseline,11,14,99.90578072141071,95.1164053747317,28.188484848484848,0.99
config_A_baseline,11,15,99.90578072141071,94.78526411588517,28.42888888888889,0.99
config_A_baseline,11,16,99.90782287038054,94.73132441177408,28.983434343434343,0.98
config_A_baseline,11,17,99.9174302199009,95.50949375002496,28.797777777777778,1.0
config_A_baseline,11,18,99.9174302199009,95.32150242454692,28.456565656565658,1.0
config_A_baseline,11,19,99.9174302199009,94.90924319418664,28.533535353535353,1.0
config_A_baseline,11,20,99.9174302199009,95.40140308421229,27.875555555555554,0.99
config_A_baseline,11,21,99.9174302199009,94.76415893655295,27.658181818181816,0.98
config_A_baseline,11,22,99.9174302199009,94.78046467264598,28.18060606060606,0.99
config_A_baseline,11,23,99.9174302199009,95.37374569789743,29.185454545454544,1.0
config_A_baseline,11,24,99.9174302199009,95.02388734899785,30.044040404040405,1.0
config_A_baseline,11,25,99.9174302199009,94.95904169686136,31.62161616161616,1.0
config_A_baseline,11,26,99.9174302199009,95.68054908424809,31.663838383838385,1.0
config_A_baseline,11,27,99.9174302199009,96.39222488510204,29.865050505050505,0.98
config_A_baseline,11,28,99.92024293576972,96.37029832976805,28.762626262626263,0.99
config_A_baseline,11,29,99.92024293576972,96.5645711801581,29.694141414141413,1.0
config_A_baseline,11,30,99.92024293576972,96.4894267718869,30.233737373737373,1.0
config_A_baseline,11,31,99.92024293576972,95.92868984615468,30.84060606060606,1.0
config_A_baseline,11,32,99.92248440224698,95.78655191661848,30.83131313131313,0.99
config_A_baseline,11,33,99.92248440224698,95.4818881457823,30.722626262626264,1.0
config_A_baseline,11,34,99.92248440224698,96.34916989648256,31.01151515151515,1.0
config_A_baseline,11,35,99.92248440224698,96.50733634399981,30.324848484848484,0.99
config_A_baseline,11,36,99.92248440224698,96.1128524009938,30.25292929292929,1.0
config_A_baseline,11,37,99.92248440224698,96.4687232651143,30.787474747474747,1.0
config_A_baseline,11,38,99.92248440224698,95.71488774291024,28.96868686868687,0.99
config_A_baseline,11,39,99.92248440224698,95.69595385400747,27.826262626262626,0.98
config_A_baseline,11,40,99.92248440224698,95.63654924720454,27.024848484848484,0.99
config_A_baseline,11,41,99.92248440224698,95.52140390313285,27.171515151515152,0.98
config_A_baseline,11,42,99.92248440224698,96.08022997268847,27.988888888888887,0.99
config_A_baseline,11,43,99.92703756942123,95.72017356430341,28.985252525252527,0.99
config_A_baseline,11,44,99.92703756942123,95.55425424440413,29.264242424242425,1.0
config_A_baseline,11,45,99.92703756942123,95.57000220074379,30.026666666666667,1.0
config_A_baseline,11,46,99.92703756942123,95.78675381026282,29.698585858585858,0.99
config_A_baseline,11,47,99.92703756942123,94.90892768385936,29.306464646464647,0.99
config_A_baseline,11,48,99.92703756942123,95.94887249506084,30.112929292929294,0.99
config_A_baseline,11,49,99.92703756942123,95.39085778718383,29.8989898989899,0.99
config_A_baseline,11,50,99.92703756942123,95.61424349470386,30.70060606060606,0.99
config_A_baseline,12,0,94.91009710295207,68.06482260264174,47.494343434343435,1.0
config_A_baseline,12,1,94.91009710295207,68.06482260264174,47.494343434343435,1.0
config_A_baseline,12,2,94.91009710295207,77.04038116404479,46.188686868686865,1.0
config_A_baseline,12,3,94.91009710295207,82.7807476609174,44.06505050505051,1.0
config_A_baseline,12,4,94.91009710295207,87.64154773882183,41.327474747474746,1.0
config_A_baseline,12,5,95.62566748848619,90.13221622787438,38.56949494949495,1.0
config_A_baseline,12,6,96.11767262328641,91.50069920573328,36.134949494949495,1.0
config_A_baseline,12,7,99.82374419019351,92.80835074646612,36.50585858585858,0.99
config_A_baseline,12,8,99.82374419019351,92.77806194644113,35.3820202020202,1.0
config_A_baseline,12,9,99.86229714098324,93.77995119532856,36.06040404040404,1.0
config_A_baseline,12,10,99.88860817133985,95.43411656359324,34.53030303030303,1.0
config_A_baseline,12,11,99.88860817133985,96.28601471921809,33.828080808080806,1.0
config_A_baseline,12,12,99.90199812113545,95.99658026020694,33.15232323232323,1.0
config_A_baseline,12,13,99.90199812113545,96.67770366995565,33.88787878787879,1.0
config_A_baseline,12,14,99.90199812113545,97.0242514318641,33.75111111111111,1.0
config_A_baseline,12,15,99.90199812113545,96.50964289629219,33.6030303030303,1.0
config_A_baseline,12,16,99.90199812113545,96.58644385654489,34.10080808080808,1.0
config_A_baseline,12,17,99.90199812113545,97.42279711681093,33.125454545454545,0.99
config_A_baseline,12,18,99.90782287038054,97.24005808863299,31.633939393939393,0.98
config_A_baseline,12,19,99.90782287038054,96.62359673427316,30.54080808080808,0.98
config_A_baseline,12,20,99.91332474940984,96.13553671356047,31.051111111111112,1.0
config_A_baseline,12,21,99.92452655121681,97.06948130913801,30.394949494949493,1.0
config_A_baseline,12,22,99.92452655121681,96.73654657798521,29.686666666666667,1.0
config_A_baseline,12,23,99.92875684817528,96.33340263691461,30.393939393939394,1.0
config_A_baseline,12,24,99.92875684817528,96.66441560357067,30.065454545454546,1.0
config_A_baseline,12,25,99.92875684817528,96.4023627369218,31.06282828282828,1.0
config_A_baseline,12,26,99.92875684817528,96.01016483060253,31.37878787878788,1.0
config_A_baseline,12,27,99.92875684817528,95.3875582178431,32.08,1.0
config_A_baseline,12,28,99.92875684817528,95.63227130133328,31.953333333333333,1.0
config_A_baseline,12,29,99.92875684817528,95.4679997068217,32.13393939393939,1.0
config_A_baseline,12,30,99.92875684817528,96.18833841979695,30.236767676767677,1.0
config_A_baseline,12,31,99.92875684817528,95.87843567785887,28.766464646464648,1.0
config_A_baseline,12,32,99.92875684817528,95.79553882132073,28.314949494949495,1.0
config_A_baseline,12,33,99.92875684817528,95.23022189514651,28.308888888888887,1.0
config_A_baseline,12,34,99.92875684817528,95.21757036214657,29.367676767676766,0.99
config_A_baseline,12,35,99.92875684817528,96.1832464681825,28.462222222222223,0.99
config_A_baseline,12,36,99.92907971839107,96.90626349629788,29.388080808080808,0.98
config_A_baseline,12,37,99.92907971839107,95.96858562338295,29.98848484848485,0.99
config_A_baseline,12,38,99.92907971839107,96.30668826515537,29.41090909090909,0.99
config_A_baseline,12,39,99.92907971839107,95.06458469141488,30.195353535353537,0.99
config_A_baseline,12,40,99.92907971839107,94.83174045729307,30.26929292929293,0.99
config_A_baseline,12,41,99.92907971839107,94.52587094100215,30.617373737373736,0.99
config_A_baseline,12,42,99.93286231866632,95.85059391182735,30.611515151515153,0.99
config_A_baseline,12,43,99.93286231866632,95.99075343092926,30.485454545454544,1.0
config_A_baseline,12,44,99.93286231866632,96.70628137283718,30.215757575757575,1.0
config_A_baseline,12,45,99.94169910128767,95.53565807109464,30.18747474747475,1.0
config_A_baseline,12,46,99.94169910128767,95.5019633799606,29.485858585858587,0.99
config_A_baseline,12,47,99.94169910128767,95.01053629205362,28.680404040404042,0.99
config_A_baseline,12,48,99.94169910128767,95.03426692066037,28.81939393939394,0.99
config_A_baseline,12,49,99.94169910128767,96.16775300599954,27.387878787878787,0.98
config_A_baseline,12,50,99.94169910128767,95.67674606470767,27.935353535353535,0.98
config_A_baseline,13,0,94.15587435204257,67.39374451079944,47.52383838383838,1.0
config_A_baseline,13,1,94.15587435204257,67.39374451079944,47.52383838383838,1.0
config_A_baseline,13,2,99.81998276246964,76.74647862776094,46.73292929292929,1.0
config_A_baseline,13,3,99.81998276246964,82.7541296612224,45.607070707070704,1.0
config_A_baseline,13,4,99.82279547833846,86.57483846792852,44.57272727272727,1.0
config_A_baseline,13,5,99.82279547833846,89.59189713394024,42.06565656565657,1.0
config_A_baseline,13,6,99.83636357309011,91.93603962056112,40.26444444444444,1.0
config_A_baseline,13,7,99.92044225327714,92.06369308869859,39.6030303030303,1.0
config_A_baseline,13,8,99.92044225327714,93.34866447257528,39.13777777777778,1.0
config_A_baseline,13,9,99.92044225327714,93.03110017478673,38.6369696969697,1.0
config_A_baseline,13,10,99.92044225327714,94.56254104657344,37.215353535353536,0.98
config_A_baseline,13,11,99.92044225327714,94.03745041990963,37.09656565656566,0.99
config_A_baseline,13,12,99.92044225327714,94.82520194984109,35.7989898989899,0.99
config_A_baseline,13,13,99.92044225327714,94.51079933481351,35.59090909090909,0.99
config_A_baseline,13,14,99.92044225327714,94.58876181608639,33.762424242424245,0.98
config_A_baseline,13,15,99.92044225327714,95.02055202298905,34.76060606060606,0.98
config_A_baseline,13,16,99.92044225327714,95.4597676351026,35.27333333333333,0.98
config_A_baseline,13,17,99.92044225327714,95.56143655617676,34.7789898989899,0.99
config_A_baseline,13,18,99.92044225327714,95.42265190648523,34.75111111111111,0.99
config_A_baseline,13,19,99.92044225327714,95.5258318355539,35.29010101010101,0.99
config_A_baseline,13,20,99.92044225327714,95.24678803055019,35.3789898989899,0.99
config_A_baseline,13,21,99.92044225327714,96.43838447539598,36.08707070707071,0.99
config_A_baseline,13,22,99.92044225327714,95.70519053734525,35.982424242424244,0.99
config_A_baseline,13,23,99.92044225327714,95.95784112800682,36.68060606060606,0.99
config_A_baseline,13,24,99.92044225327714,95.77859410451413,36.019393939393936,0.98
config_A_baseline,13,25,99.92044225327714,95.88516499503675,35.388282828282826,0.98
config_A_baseline,13,26,99.92044225327714,94.48622120444116,34.682020202020205,0.99
config_A_baseline,13,27,99.92044225327714,95.18627749200655,34.332121212121216,0.98
config_A_baseline,13,28,99.92044225327714,95.74986330625396,32.785656565656566,0.97
config_A_baseline,13,29,99.92044225327714,95.5723115248031,33.28121212121212,0.99
config_A_baseline,13,30,99.92044225327714,95.91627157663712,33.67474747474748,0.99
config_A_baseline,13,31,99.92044225327714,96.29679551936198,34.04929292929293,0.99
config_A_baseline,13,32,99.92044225327714,95.53680650531227,33.76020202020202,0.99
config_A_baseline,13,33,99.92703756942123,95.96002274716395,32.30949494949495,0.98
config_A_baseline,13,34,99.92703756942123,95.51444893589405,31.586666666666666,0.97
config_A_baseline,13,35,99.92703756942123,94.88463122311595,31.093737373737373,0.98
config_A_baseline,13,36,99.92703756942123,95.62072751206296,31.24282828282828,0.99
config_A_baseline,13,37,99.92703756942123,95.7302098145928,32.2210101010101,0.99
config_A_baseline,13,38,99.92703756942123,96.1809994001056,31.638181818181817,0.99
config_A_baseline,13,39,99.92703756942123,95.56994566222576,32.04969696969697,0.99
config_A_baseline,13,40,99.92703756942123,95.24249171389944,33.1250505050505,0.99
config_A_baseline,13,41,99.92703756942123,95.25300312111193,33.60747474747475,0.99
config_A_baseline,13,42,99.92703756942123,94.93913403433189,33.99959595959596,0.99
config_A_baseline,13,43,99.92703756942123,95.27603293701401,33.625454545454545,0.99
config_A_baseline,13,44,99.92703756942123,96.02636374586191,33.29737373737374,0.98
config_A_baseline,13,45,99.92703756942123,96.34279849703516,32.86646464646465,0.98
config_A_baseline,13,46,99.92703756942123,95.9375677359445,33.68707070707071,1.0
config_A_baseline,13,47,99.92703756942123,95.62734085347269,33.027070707070706,0.97
config_A_baseline,13,48,99.92985028529006,95.94794710465244,32.0610101010101,1.0
config_A_baseline,13,49,99.92985028529006,95.50850611656712,32.12060606060606,1.0
config_A_baseline,13,50,99.92985028529006,95.54375617243268,32.26,1.0
config_A_baseline,14,0,95.44332631966856,67.8750555007825,47.50828282828283,1.0
config_A_baseline,14,1,95.44332631966856,67.8750555007825,47.50828282828283,1.0
config_A_baseline,14,2,95.44332631966856,76.81608011992257,46.6410101010101,0.99
config_A_baseline,14,3,99.76592194811539,83.81899319468079,45.12646464646465,0.98
config_A_baseline,14,4,99.76592194811539,88.00962092472656,42.60909090909091,1.0
config_A_baseline,14,5,99.84609447531882,90.07221537259517,39.85010101010101,1.0
config_A_baseline,14,6,99.85794329131642,91.69322164118772,36.25333333333333,1.0
config_A_baseline,14,7,99.85794329131642,93.7340126598722,31.280808080808082,1.0
config_A_baseline,14,8,99.87695867284968,94.29417230166082,28.206262626262625,0.99
config_A_baseline,14,9,99.87695867284968,95.39441752580511,27.64909090909091,1.0
config_A_baseline,14,10,99.89162020471612,96.5572053795242,26.493333333333332,1.0
config_A_baseline,14,11,99.89162020471612,96.38433078670816,28.088686868686867,1.0
config_A_baseline,14,12,99.90501015451171,96.17261873156193,28.29858585858586,1.0
config_A_baseline,14,13,99.90501015451171,95.79412913570131,29.289494949494948,1.0
config_A_baseline,14,14,99.90501015451171,96.79722396674637,29.468282828282828,1.0
config_A_baseline,14,15,99.90501015451171,96.90903215773469,30.33191919191919,1.0
config_A_baseline,14,16,99.90986501935038,95.98390667038859,31.006464646464647,0.99
config_A_baseline,14,17,99.90986501935038,96.55697669190715,30.62909090909091,1.0
config_A_baseline,14,18,99.90986501935038,96.74483928660968,30.486060606060605,1.0
config_A_baseline,14,19,99.90986501935038,96.78471755521319,31.132121212121213,1.0
config_A_baseline,14,20,99.90986501935038,96.17451976418575,31.267272727272726,0.99
config_A_baseline,14,21,99.90986501935038,96.02438210550366,32.09171717171717,1.0
config_A_baseline,14,22,99.90986501935038,95.03434137337872,32.24626262626263,1.0
config_A_baseline,14,23,99.90986501935038,96.46665272183112,32.13939393939394,1.0
config_A_baseline,14,24,99.90986501935038,96.0779038495615,32.253535353535355,0.99
config_A_baseline,14,25,99.90986501935038,95.86155694209435,32.26646464646465,1.0
config_A_baseline,14,26,99.90986501935038,95.32792067633314,33.44747474747475,1.0
config_A_baseline,14,27,99.90986501935038,96.26346798313924,32.38969696969697,1.0
config_A_baseline,14,28,99.91364761962564,95.36782290864134,32.82848484848485,1.0
config_A_baseline,14,29,99.91364761962564,95.2828997540007,31.608282828282828,0.99
config_A_baseline,14,30,99.91364761962564,95.07734421160215,30.813333333333333,1.0
config_A_baseline,14,31,99.91364761962564,96.27182287849176,30.955757575757577,1.0
config_A_baseline,14,32,99.91364761962564,94.59061460026741,31.47858585858586,1.0
config_A_baseline,14,33,99.91364761962564,95.97878025325613,28.885656565656564,1.0
config_A_baseline,14,34,99.91364761962564,95.82275421763651,27.98,1.0
config_A_baseline,14,35,99.91364761962564,96.47879137394516,28.67131313131313,1.0
config_A_baseline,14,36,99.91364761962564,96.57908270577406,26.954747474747474,0.99
config_A_baseline,14,37,99.91364761962564,95.56084191661556,25.419393939393938,0.99
config_A_baseline,14,38,99.92985028529006,96.45539074568265,25.04040404040404,0.99
config_A_baseline,14,39,99.92985028529006,96.60100770911707,25.60848484848485,0.98
config_A_baseline,14,40,99.92985028529006,96.21227981449694,25.808888888888887,1.0
config_A_baseline,14,41,99.92985028529006,96.47019104356669,26.948888888888888,1.0
config_A_baseline,14,42,99.92985028529006,95.62906874153916,27.161010101010103,0.99
config_A_baseline,14,43,99.92985028529006,95.66251089344503,27.25232323232323,0.99
config_A_baseline,14,44,99.92985028529006,95.60481335727017,26.51959595959596,0.99
config_A_baseline,14,45,99.92985028529006,96.25774211973864,27.07292929292929,0.99
config_A_baseline,14,46,99.92985028529006,96.2681057645581,27.993535353535353,0.99
config_A_baseline,14,47,99.92985028529006,96.73302195758657,27.656161616161615,0.99
config_A_baseline,14,48,99.92985028529006,95.83764676088255,27.282020202020203,0.99
config_A_baseline,14,49,99.92985028529006,96.94034968900525,27.45979797979798,0.99
config_A_baseline,14,50,99.92985028529006,96.4402039389981,28.41979797979798,0.99
config_A_baseline,15,0,91.14423958761272,67.72689212087697,47.503232323232325,1.0
config_A_baseline,15,1,91.14423958761272,67.72689212087697,47.503232323232325,1.0
config_A_baseline,15,2,94.91374576045223,75.98263646334553,46.7640404040404,1.0
config_A_baseline,15,3,96.13997070622594,83.24158850955374,45.79838383838384,1.0
config_A_baseline,15,4,99.87541753905168,85.88005597025493,44.79151515151515,1.0
config_A_baseline,15,5,99.87541753905168,89.76576956897816,43.76040404040404,1.0
config_A_baseline,15,6,99.87541753905168,92.68421777170087,42.24848484848485,0.99
config_A_baseline,15,7,99.88547258525524,93.14487279086813,39.193333333333335,1.0
config_A_baseline,15,8,99.88957805574628,93.35293601720262,36.61878787878788,0.99
config_A_baseline,15,9,99.88957805574628,94.63375295979633,35.907878787878786,1.0
config_A_baseline,15,10,99.89239077161511,94.20299719371356,36.687474747474745,1.0
config_A_baseline,15,11,99.89540280499138,95.7811142956687,36.21191919191919,1.0
config_A_baseline,15,12,99.8982155208602,96.20229898569168,35.87979797979798,1.0
config_A_baseline,15,13,99.92985028529006,96.37036400456697,35.67414141414142,1.0
config_A_baseline,15,14,99.92985028529006,96.34131439550488,35.185656565656565,0.99
config_A_baseline,15,15,99.92985028529006,96.30135994238,35.62060606060606,1.0
config_A_baseline,15,16,99.92985028529006,95.79809742134003,34.59959595959596,1.0
config_A_baseline,15,17,99.92985028529006,95.60056367322683,33.574747474747475,1.0
config_A_baseline,15,18,99.92985028529006,95.12552054387085,34.45636363636363,1.0
config_A_baseline,15,19,99.92985028529006,95.52681530388611,34.41979797979798,0.99
config_A_baseline,15,20,99.92985028529006,95.07564711832175,33.362020202020204,1.0
config_A_baseline,15,21,99.92985028529006,95.95044996931436,33.08828282828283,1.0
config_A_baseline,15,22,99.92985028529006,96.36773108677454,31.96929292929293,1.0
config_A_baseline,15,23,99.92985028529006,96.20344453364794,29.186464646464646,1.0
config_A_baseline,15,24,99.92985028529006,96.08260996260981,28.682222222222222,0.99
config_A_baseline,15,25,99.92985028529006,95.25518745292689,28.416969696969698,1.0
config_A_baseline,15,26,99.92985028529006,96.91519974003292,28.292727272727273,1.0
config_A_baseline,15,27,99.92985028529006,96.1465971554802,28.495959595959597,1.0
config_A_baseline,15,28,99.92985028529006,96.70724796126954,28.093535353535355,1.0
config_A_baseline,15,29,99.92985028529006,96.45815067151212,28.56767676767677,1.0
config_A_baseline,15,30,99.93209175176733,96.05784290754005,28.737979797979797,1.0
config_A_baseline,15,31,99.93209175176733,96.25244256606233,28.371919191919194,1.0
config_A_baseline,15,32,99.93209175176733,96.19446064460129,27.353131313131314,1.0
config_A_baseline,15,33,99.93209175176733,96.1324099491248,27.391313131313133,1.0
config_A_baseline,15,34,99.93209175176733,96.11524725579903,26.486666666666668,1.0
config_A_baseline,15,35,99.93209175176733,95.93746692439878,26.16808080808081,1.0
config_A_baseline,15,36,99.93209175176733,96.53207254383084,26.187272727272727,1.0
config_A_baseline,15,37,99.93209175176733,95.81806227060324,26.903838383838384,1.0
config_A_baseline,15,38,99.93209175176733,96.69234336484662,27.52262626262626,0.99
config_A_baseline,15,39,99.93209175176733,95.55267756063044,27.92707070707071,1.0
config_A_baseline,15,40,99.93209175176733,96.41793879075887,29.173333333333332,1.0
config_A_baseline,15,41,99.93209175176733,96.17141350927777,28.744848484848486,1.0
config_A_baseline,15,42,99.93209175176733,96.02209628526266,29.47939393939394,1.0
config_A_baseline,15,43,99.93209175176733,95.92910655674042,27.546666666666667,1.0
config_A_baseline,15,44,99.93209175176733,95.2011966504469,27.80121212121212,1.0
config_A_baseline,15,45,99.93209175176733,95.72592782919595,25.994747474747474,1.0
config_A_baseline,15,46,99.93209175176733,96.51675957266157,25.436161616161616,1.0
config_A_baseline,15,47,99.93209175176733,95.90363247117172,23.905858585858585,1.0
config_A_baseline,15,48,99.93209175176733,96.4565640977651,25.369090909090907,0.99
config_A_baseline,15,49,99.93209175176733,95.96130889674865,24.865656565656565,1.0
config_A_baseline,15,50,99.93209175176733,96.24398423502461,25.416969696969698,1.0
config_A_baseline,16,0,94.73185968551729,67.35031892377508,47.522222222222226,1.0
config_A_baseline,16,1,94.73185968551729,67.35031892377508,47.522222222222226,1.0
config_A_baseline,16,2,95.49408934051858,78.81483879440113,46.47373737373737,1.0
config_A_baseline,16,3,96.33747174426522,85.5863015152572,45.43919191919192,1.0
config_A_baseline,16,4,96.36865567149444,89.61942401328268,42.677979797979795,0.98
config_A_baseline,16,5,99.81209469170334,91.79205950942139,39.81757575757576,1.0
config_A_baseline,16,6,99.85460838772437,93.49641903312737,38.02121212121212,1.0
config_A_baseline,16,7,99.85460838772437,94.67670175840729,35.29313131313131,0.99
config_A_baseline,16,8,99.86812189022834,95.13131197617543,33.30989898989899,1.0
config_A_baseline,16,9,99.8695927898066,96.27789769058538,32.40121212121212,1.0
config_A_baseline,16,10,99.8931613385141,96.31438546104646,31.882626262626264,1.0
config_A_baseline,16,11,99.8931613385141,95.40282400660689,32.78969696969697,1.0
config_A_baseline,16,12,99.8931613385141,96.93043814357779,33.08343434343434,1.0
config_A_baseline,16,13,99.91128260044002,95.53125547964274,32.491919191919195,1.0
config_A_baseline,16,14,99.91128260044002,96.34011100695703,32.52020202020202,1.0
config_A_baseline,16,15,99.91128260044002,95.91388351429195,32.427676767676765,1.0
config_A_baseline,16,16,99.91128260044002,96.2288228581779,32.96545454545455,1.0
config_A_baseline,16,17,99.91128260044002,96.67847571536025,34.7020202020202,1.0
config_A_baseline,16,18,99.91128260044002,95.83537542509337,32.134343434343435,0.99
config_A_baseline,16,19,99.91128260044002,95.61289076661446,29.26848484848485,0.98
config_A_baseline,16,20,99.91128260044002,94.783623110842,28.806262626262626,0.99
config_A_baseline,16,21,99.91128260044002,95.71842748345853,30.897171717171716,0.99
config_A_baseline,16,22,99.91128260044002,96.40171493030596,31.04161616161616,0.98
config_A_baseline,16,23,99.91461750403207,96.2383002072203,29.675757575757576,0.99
config_A_baseline,16,24,99.91461750403207,96.19025447640955,30.79070707070707,0.99
config_A_baseline,16,25,99.91665965300189,94.64961836365222,31.52080808080808,1.0
config_A_baseline,16,26,99.91665965300189,94.9600051357609,31.428686868686867,0.99
config_A_baseline,16,27,99.91665965300189,95.59600135487058,31.213939393939395,1.0
config_A_baseline,16,28,99.91665965300189,95.7642188045837,32.39313131313131,0.99
config_A_baseline,16,29,99.91665965300189,95.52854644988778,32.14222222222222,0.99
config_A_baseline,16,30,99.91665965300189,96.05030029106685,31.93717171717172,0.99
config_A_baseline,16,31,99.91665965300189,95.93396399911715,31.57939393939394,0.99
config_A_baseline,16,32,99.92044225327714,96.08315574466913,32.34060606060606,1.0
config_A_baseline,16,33,99.92044225327714,96.05988306929808,33.26707070707071,0.99
config_A_baseline,16,34,99.92044225327714,95.226297888343,34.182626262626265,1.0
config_A_baseline,16,35,99.92044225327714,95.81249835814526,34.11878787878788,1.0
config_A_baseline,16,36,99.92044225327714,95.59821599866233,34.68707070707071,1.0
config_A_baseline,16,37,99.92044225327714,96.22402858731122,35.101616161616164,1.0
config_A_baseline,16,38,99.92044225327714,96.43117915276292,34.303030303030305,1.0
config_A_baseline,16,39,99.92044225327714,95.82280352382622,33.6979797979798,0.99
config_A_baseline,16,40,99.92044225327714,95.67333987597283,33.74929292929293,1.0
config_A_baseline,16,41,99.92044225327714,96.35599735200385,32.88989898989899,1.0
config_A_baseline,16,42,99.92044225327714,96.47646375611512,33.024040404040406,1.0
config_A_baseline,16,43,99.92044225327714,95.99678796964204,32.71757575757576,1.0
config_A_baseline,16,44,99.92044225327714,96.00230741282309,30.373737373737374,0.99
config_A_baseline,16,45,99.92044225327714,95.85999606145052,29.744040404040405,1.0
config_A_baseline,16,46,99.92044225327714,96.04390858898495,30.785454545454545,1.0
config_A_baseline,16,47,99.92044225327714,95.99258931093749,31.891717171717172,1.0
config_A_baseline,16,48,99.92044225327714,97.1245556942959,31.823434343434343,1.0
config_A_baseline,16,49,99.92044225327714,94.90096275849716,31.14868686868687,1.0
config_A_baseline,16,50,99.92703756942123,95.32657957991115,32.904444444444444,1.0
config_A_baseline,17,0,91.77787194079384,65.95757075976525,47.459191919191916,1.0
config_A_baseline,17,1,91.77787194079384,65.95757075976525,47.459191919191916,1.0
config_A_baseline,17,2,95.05273435168147,77.25899354580851,46.720202020202024,1.0
config_A_baseline,17,3,96.25249488823195,82.73718080208288,45.444848484848485,0.99
config_A_baseline,17,4,96.25249488823195,87.71889431975887,43.984242424242424,1.0
config_A_baseline,17,5,99.81286525860233,90.49799193698584,42.03050505050505,1.0
config_A_baseline,17,6,99.8295689394386,91.03167253030708,39.0210101010101,1.0
config_A_baseline,17,7,99.87113392360459,92.17846512285847,37.104646464646464,1.0
config_A_baseline,17,8,99.87113392360459,92.92609467215424,36.53333333333333,1.0
config_A_baseline,17,9,99.87113392360459,93.93108536853326,36.58181818181818,1.0
config_A_baseline,17,10,99.87113392360459,94.72054475506195,36.44686868686869,1.0
config_A_baseline,17,11,99.88656602237002,96.22493212187653,34.23919191919192,1.0
config_A_baseline,17,12,99.88656602237002,96.69224720595135,32.73434343434344,0.99
config_A_baseline,17,13,99.88656602237002,96.15329351157845,33.14585858585858,1.0
config_A_baseline,17,14,99.89034862264528,96.06551545439295,33.03212121212121,1.0
config_A_baseline,17,15,99.90782287038054,95.94346752308311,32.2420202020202,1.0
config_A_baseline,17,16,99.90782287038054,95.81421404576527,31.074545454545454,1.0
config_A_baseline,17,17,99.9116054706558,95.94720021631144,33.406060606060606,1.0
config_A_baseline,17,18,99.9116054706558,95.33231495950254,33.32646464646464,1.0
config_A_baseline,17,19,99.9174302199009,96.1885710494475,33.188686868686865,1.0
config_A_baseline,17,20,99.9174302199009,96.16332722356832,32.674343434343434,1.0
config_A_baseline,17,21,99.91820078679989,95.3446920255611,32.94222222222222,1.0
config_A_baseline,17,22,99.91820078679989,95.54434310219811,32.878787878787875,1.0
config_A_baseline,17,23,99.91820078679989,96.28487182494479,32.79494949494949,0.99
config_A_baseline,17,24,99.92121282017614,95.66979325937655,31.771515151515153,1.0
config_A_baseline,17,25,99.92121282017614,95.67642038662215,33.118383838383835,1.0
config_A_baseline,17,26,99.92121282017614,95.31173295670455,34.76989898989899,1.0
config_A_baseline,17,27,99.92121282017614,95.64506235272196,34.9620202020202,1.0
config_A_baseline,17,28,99.92121282017614,96.20146236797167,34.12767676767677,1.0
config_A_baseline,17,29,99.92121282017614,95.19480506099069,32.8969696969697,1.0
config_A_baseline,17,30,99.92402553604498,96.01705143162104,30.36808080808081,1.0
config_A_baseline,17,31,99.92402553604498,95.39487353693681,30.792929292929294,1.0
config_A_baseline,17,32,99.92402553604498,95.70740747377208,31.28909090909091,1.0
config_A_baseline,17,33,99.92402553604498,94.80806383124731,30.32969696969697,1.0
config_A_baseline,17,34,99.92402553604498,95.16571925553737,29.02949494949495,0.99
config_A_baseline,17,35,99.92402553604498,95.31196456057016,28.887878787878787,0.98
config_A_baseline,17,36,99.92402553604498,95.68652731359155,28.642828282828283,0.99
config_A_baseline,17,37,99.92402553604498,95.49421992432859,27.835353535353537,0.99
config_A_baseline,17,38,99.92402553604498,95.9162908353743,26.485454545454544,0.98
config_A_baseline,17,39,99.92402553604498,95.20432807996325,26.34888888888889,0.98
config_A_baseline,17,40,99.93363288556532,95.66367711247453,25.438787878787878,0.97
config_A_baseline,17,41,99.93363288556532,96.11235268927459,25.377777777777776,1.0
config_A_baseline,17,42,99.93363288556532,96.39982887119446,26.37757575757576,0.99
config_A_baseline,17,43,99.93363288556532,96.16931817775843,26.95717171717172,1.0
config_A_baseline,17,44,99.93363288556532,96.28332069285185,27.364646464646466,1.0
config_A_baseline,17,45,99.93363288556532,96.41933912722916,27.26080808080808,1.0
config_A_baseline,17,46,99.93363288556532,96.41829424767269,27.265252525252524,0.99
config_A_baseline,17,47,99.93363288556532,96.21590240897976,26.335555555555555,0.98
config_A_baseline,17,48,99.93363288556532,95.86681674364634,26.872323232323232,0.99
config_A_baseline,17,49,99.93363288556532,95.71872526357856,26.14929292929293,0.99
config_A_baseline,17,50,99.93363288556532,96.58780253562412,25.393333333333334,0.98
config_A_baseline,18,0,88.56757276451951,65.17535093452273,47.491313131313134,1.0
config_A_baseline,18,1,88.56757276451951,65.17535093452273,47.491313131313134,1.0
config_A_baseline,18,2,95.85579388521231,74.50809201319484,46.77818181818182,1.0
config_A_baseline,18,3,95.85579388521231,79.72177443965377,45.496767676767675,1.0
config_A_baseline,18,4,96.34502488857203,85.38614540016793,43.5810101010101,0.99
config_A_baseline,18,5,99.89206790139932,89.98128145681643,40.605858585858584,1.0
config_A_baseline,18,6,99.89206790139932,91.20994459894811,38.413333333333334,1.0
config_A_baseline,18,7,99.89206790139932,93.01574993923936,35.596363636363634,1.0
config_A_baseline,18,8,99.89206790139932,93.43293190482581,34.1220202020202,1.0
config_A_baseline,18,9,99.89206790139932,93.93286787571071,33.76585858585859,1.0
config_A_baseline,18,10,99.90705230348155,95.16466262027512,34.4189898989899,1.0
config_A_baseline,18,11,99.90705230348155,93.95250357053654,33.39313131313131,1.0
config_A_baseline,18,12,99.90705230348155,95.11295765151164,34.23616161616162,1.0
config_A_baseline,18,13,99.90705230348155,95.45444939048569,33.92747474747475,1.0
config_A_baseline,18,14,99.90705230348155,95.23140802292522,35.028888888888886,1.0
config_A_baseline,18,15,99.90782287038054,95.88590685289317,33.943030303030305,1.0
config_A_baseline,18,16,99.9100643368578,96.53073178298617,30.291515151515153,1.0
config_A_baseline,18,17,99.91665965300189,96.58690900510517,28.455555555555556,1.0
config_A_baseline,18,18,99.91665965300189,96.43036336692856,23.972323232323234,0.99
config_A_baseline,18,19,99.91665965300189,95.4890794597613,25.454141414141414,1.0
config_A_baseline,18,20,99.91665965300189,95.43958869544888,26.773333333333333,1.0
config_A_baseline,18,21,99.91665965300189,96.0446711217812,29.82868686868687,0.99
config_A_baseline,18,22,99.91665965300189,96.3188004390594,28.43171717171717,1.0
config_A_baseline,18,23,99.91665965300189,96.69380395552612,28.587272727272726,1.0
config_A_baseline,18,24,99.91947236887071,96.53679773380547,26.528484848484847,0.99
config_A_baseline,18,25,99.91947236887071,96.0986426319136,27.96929292929293,1.0
config_A_baseline,18,26,99.91947236887071,96.24354072569919,28.485656565656566,0.99
config_A_baseline,18,27,99.91947236887071,96.57855134923955,27.846666666666668,1.0
config_A_baseline,18,28,99.91947236887071,95.92840925728733,25.124646464646464,0.99
config_A_baseline,18,29,99.92626700252224,95.78943038511854,25.207272727272727,0.99
config_A_baseline,18,30,99.92626700252224,95.8174011310714,24.897373737373737,0.99
config_A_baseline,18,31,99.92626700252224,95.37489994799873,24.25717171717172,0.99
config_A_baseline,18,32,99.92626700252224,95.65914843231275,25.534343434343434,0.99
config_A_baseline,18,33,99.92626700252224,95.50296870791082,25.28161616161616,0.99
config_A_baseline,18,34,99.92626700252224,95.40060758273653,25.423434343434344,1.0
config_A_baseline,18,35,99.92626700252224,95.86461684087537,24.803838383838382,0.98
config_A_baseline,18,36,99.92626700252224,95.2928682185232,26.069292929292928,0.99
config_A_baseline,18,37,99.92626700252224,95.71293982021356,24.173939393939396,0.99
config_A_baseline,18,38,99.92626700252224,95.25098537596776,25.14020202020202,0.99
config_A_baseline,18,39,99.92626700252224,96.54993087477436,25.49252525252525,0.99
config_A_baseline,18,40,99.92626700252224,95.27668332920173,26.004646464646466,0.99
config_A_baseline,18,41,99.92626700252224,95.79997933725852,25.975959595959598,0.97
config_A_baseline,18,42,99.92626700252224,96.01903458933435,25.319595959595958,0.98
config_A_baseline,18,43,99.93209175176733,95.50657395688151,25.52080808080808,0.99
config_A_baseline,18,44,99.93209175176733,96.2830178669568,26.164040404040403,1.0
config_A_baseline,18,45,99.93209175176733,95.66046966995404,28.326464646464647,0.99
config_A_baseline,18,46,99.93209175176733,95.02578026355732,28.56161616161616,0.99
config_A_baseline,18,47,99.93209175176733,95.8091141115538,28.523838383838385,0.98
config_A_baseline,18,48,99.93209175176733,95.74723755852173,28.405454545454546,0.99
config_A_baseline,18,49,99.93209175176733,96.3236610285916,27.924646464646464,0.99
config_A_baseline,18,50,99.93209175176733,95.72695115668586,27.348484848484848,0.99
config_A_baseline,19,0,92.70904989223281,66.87493098266053,47.48383838383838,1.0
config_A_baseline,19,1,92.70904989223281,66.87493098266053,47.48383838383838,1.0
config_A_baseline,19,2,93.30024293576972,75.94888260421013,46.754747474747475,0.99
config_A_baseline,19,3,94.95991408976367,81.33098351124887,46.09292929292929,1.0
config_A_baseline,19,4,95.20867952186244,85.25815997870023,45.25555555555555,1.0
config_A_baseline,19,5,95.50676533987746,88.48962324972614,43.196969696969695,0.99
config_A_baseline,19,6,95.83379326060681,90.43615587050768,41.81111111111111,1.0
config_A_baseline,19,7,99.85288910897033,91.79603469344947,39.27111111111111,1.0
config_A_baseline,19,8,99.85288910897033,92.10596940456811,36.14141414141414,1.0
config_A_baseline,19,9,99.87240550567543,92.23505927126008,35.0369696969697,1.0
config_A_baseline,19,10,99.8989860877592,93.10166026205584,33.443636363636365,1.0
config_A_baseline,19,11,99.8989860877592,94.07523417878943,31.49131313131313,1.0
config_A_baseline,19,12,99.90501015451171,95.5116837865349,31.695959595959597,0.99
config_A_baseline,19,13,99.90501015451171,95.4046494836352,30.882424242424243,1.0
config_A_baseline,19,14,99.90501015451171,95.40425579144066,30.26848484848485,1.0
config_A_baseline,19,15,99.91364761962564,96.61840261843612,31.19272727272727,1.0
config_A_baseline,19,16,99.91364761962564,96.31865247051849,30.135959595959594,1.0
config_A_baseline,19,17,99.91364761962564,97.30550477219258,28.625050505050506,1.0
config_A_baseline,19,18,99.92985028529006,96.30063812659145,28.215151515151515,1.0
config_A_baseline,19,19,99.92985028529006,96.89867512574328,28.037979797979798,1.0
config_A_baseline,19,20,99.92985028529006,96.56415393482821,28.495959595959597,1.0
config_A_baseline,19,21,99.92985028529006,96.25364625911388,29.38020202020202,1.0
config_A_baseline,19,22,99.92985028529006,95.9825667553459,29.572525252525253,1.0
config_A_baseline,19,23,99.92985028529006,96.7985637423921,30.30666666666667,1.0
config_A_baseline,19,24,99.92985028529006,96.70917215039518,29.667070707070707,1.0
config_A_baseline,19,25,99.92985028529006,96.54309405968823,28.303232323232322,1.0
config_A_baseline,19,26,99.92985028529006,97.1858707056033,26.537373737373738,0.99
config_A_baseline,19,27,99.92985028529006,96.44592653545824,25.70989898989899,1.0
config_A_baseline,19,28,99.92985028529006,95.51228194101637,23.821616161616163,1.0
config_A_baseline,19,29,99.92985028529006,95.56349746094851,24.474141414141414,0.99
config_A_baseline,19,30,99.92985028529006,96.29680981367054,25.435959595959595,1.0
config_A_baseline,19,31,99.92985028529006,96.72337262054394,25.358383838383837,1.0
config_A_baseline,19,32,99.92985028529006,96.98071672551755,26.753131313131313,0.99
config_A_baseline,19,33,99.92985028529006,96.38510487722527,27.486060606060605,0.99
config_A_baseline,19,34,99.92985028529006,96.6539291057662,27.396161616161617,1.0
config_A_baseline,19,35,99.92985028529006,96.27945266560941,26.60848484848485,1.0
config_A_baseline,19,36,99.92985028529006,96.2294975111554,27.45111111111111,1.0
config_A_baseline,19,37,99.92985028529006,95.47473380510033,28.043838383838384,1.0
config_A_baseline,19,38,99.92985028529006,96.00203077552409,28.8379797979798,1.0
config_A_baseline,19,39,99.93209175176733,95.84611650615767,29.802020202020202,1.0
config_A_baseline,19,40,99.93209175176733,95.84016076910522,28.966464646464647,1.0
config_A_baseline,19,41,99.93209175176733,95.88383019118824,27.913939393939394,1.0
config_A_baseline,19,42,99.93209175176733,96.3362087396104,27.256767676767677,1.0
config_A_baseline,19,43,99.93209175176733,94.63264569332678,26.673535353535353,1.0
config_A_baseline,19,44,99.93209175176733,96.21874996749325,27.863030303030303,1.0
config_A_baseline,19,45,99.93209175176733,96.91786898240824,27.706464646464646,0.99
config_A_baseline,19,46,99.93209175176733,96.64015356402805,27.196565656565657,1.0
config_A_baseline,19,47,99.93209175176733,97.3127505770165,27.458181818181817,1.0
config_A_baseline,19,48,99.93209175176733,97.45173370297908,27.40222222222222,1.0
config_A_baseline,19,49,99.93209175176733,96.7268028520502,29.203636363636363,1.0
config_A_baseline,19,50,99.93209175176733,96.63778568261421,29.197979797979798,1.0
config_A_baseline,20,0,95.22423047130503,68.4988126110037,47.51555555555556,1.0
config_A_baseline,20,1,95.22423047130503,68.4988126110037,47.51555555555556,1.0
config_A_baseline,20,2,95.97083490375681,79.74755284510555,46.61434343434343,1.0
config_A_baseline,20,3,95.97083490375681,84.81926762085193,45.278585858585856,1.0
config_A_baseline,20,4,99.79979817902252,89.33986781431155,42.89313131313131,0.99
config_A_baseline,20,5,99.88733658926901,91.86672218182349,41.262424242424245,1.0
config_A_baseline,20,6,99.88733658926901,93.20993873329012,39.18343434343434,1.0
config_A_baseline,20,7,99.88733658926901,93.57063260560257,39.004444444444445,1.0
config_A_baseline,20,8,99.88733658926901,94.08235335840655,39.103434343434344,1.0
config_A_baseline,20,9,99.88733658926901,95.61790695384221,38.845454545454544,1.0
config_A_baseline,20,10,99.89084963781713,96.36761305313425,38.71030303030303,0.99
config_A_baseline,20,11,99.89084963781713,95.96563270403118,37.413737373737376,1.0
config_A_baseline,20,12,99.89463223809237,96.51454482548155,36.984848484848484,1.0
config_A_baseline,20,13,99.89463223809237,95.61752248269484,34.691515151515155,0.99
config_A_baseline,20,14,99.90199812113545,96.75582160029529,35.46909090909091,1.0
config_A_baseline,20,15,99.90199812113545,96.11269435244846,33.968686868686866,1.0
config_A_baseline,20,16,99.90782287038054,95.81079544868525,34.13232323232323,1.0
config_A_baseline,20,17,99.90782287038054,95.77905875202583,34.73010101010101,1.0
config_A_baseline,20,18,99.90782287038054,95.5475623478381,34.54727272727273,1.0
config_A_baseline,20,19,99.9100643368578,96.26327053972663,35.145050505050506,1.0
config_A_baseline,20,20,99.9100643368578,95.67629256319577,34.897777777777776,1.0
config_A_baseline,20,21,99.9100643368578,96.04807811472325,33.67656565656566,1.0
config_A_baseline,20,22,99.9100643368578,96.12238656167501,33.1389898989899,0.99
config_A_baseline,20,23,99.9100643368578,97.00223848322933,33.08767676767677,1.0
config_A_baseline,20,24,99.9100643368578,96.11739452543888,32.33171717171717,0.99
config_A_baseline,20,25,99.9100643368578,95.9952942065422,32.424646464646464,1.0
config_A_baseline,20,26,99.9100643368578,96.449695984414,32.34323232323232,1.0
config_A_baseline,20,27,99.9158890861029,95.67548630439259,32.85777777777778,0.98
config_A_baseline,20,28,99.9158890861029,94.71361030975545,32.51232323232323,1.0
config_A_baseline,20,29,99.9158890861029,96.23103284893772,33.155757575757576,1.0
config_A_baseline,20,30,99.9158890861029,95.6437044571967,34.2830303030303,0.99
config_A_baseline,20,31,99.9158890861029,95.72232870604175,34.13131313131313,1.0
config_A_baseline,20,32,99.92024293576972,96.1235271516696,34.95171717171717,1.0
config_A_baseline,20,33,99.92549643562324,96.21548619039635,34.77757575757576,0.99
config_A_baseline,20,34,99.92549643562324,95.88674927848623,33.81272727272727,1.0
config_A_baseline,20,35,99.92549643562324,95.63295820327522,33.50040404040404,0.99
config_A_baseline,20,36,99.92549643562324,96.11580566544994,33.46363636363636,0.99
config_A_baseline,20,37,99.92549643562324,96.04646474389985,33.39575757575758,0.98
config_A_baseline,20,38,99.92549643562324,95.99571228092677,34.96,0.99
config_A_baseline,20,39,99.92549643562324,95.78889562476883,35.673131313131314,0.98
config_A_baseline,20,40,99.92549643562324,96.23770779216562,35.54060606060606,0.98
config_A_baseline,20,41,99.92549643562324,96.2386214776061,36.522828282828286,1.0
config_A_baseline,20,42,99.92549643562324,96.33471595206332,35.63777777777778,1.0
config_A_baseline,20,43,99.92549643562324,95.64045632779165,34.34626262626263,0.99
config_A_baseline,20,44,99.92549643562324,95.0947986641716,30.172929292929293,1.0
config_A_baseline,20,45,99.92549643562324,94.4630299928062,30.3179797979798,1.0
config_A_baseline,20,46,99.92549643562324,94.35740830780792,31.196767676767678,1.0
config_A_baseline,20,47,99.92626700252224,95.29906052745173,31.79252525252525,1.0
config_A_baseline,20,48,99.92626700252224,95.54157360854437,31.12242424242424,1.0
config_A_baseline,20,49,99.92626700252224,95.80220085872077,32.07333333333333,1.0
config_A_baseline,20,50,99.92626700252224,95.52719654684842,33.26929292929293,1.0
config_A_baseline,21,0,94.46556778614583,66.2932452019882,47.50161616161616,1.0
config_A_baseline,21,1,94.46556778614583,66.2932452019882,47.50161616161616,1.0
config_A_baseline,21,2,94.88328175944999,76.55681152232748,46.712929292929296,1.0
config_A_baseline,21,3,95.02188488821092,81.85871589611385,45.74808080808081,1.0
config_A_baseline,21,4,95.65731698697635,87.55469855831038,44.21272727272727,1.0
config_A_baseline,21,5,99.80142560727468,90.51644712223435,43.16929292929293,1.0
config_A_baseline,21,6,99.80142560727468,92.26338600709701,41.69131313131313,1.0
config_A_baseline,21,7,99.88074127312494,92.99026407040253,41.22707070707071,1.0
config_A_baseline,21,8,99.88074127312494,93.22284940231421,39.932323232323235,1.0
config_A_baseline,21,9,99.88246055187898,95.28828658594124,38.12060606060606,1.0
config_A_baseline,21,10,99.88624315215424,95.94788094904375,35.776363636363634,1.0
config_A_baseline,21,11,99.89789265064441,96.88506362770622,35.85353535353536,0.99
config_A_baseline,21,12,99.90167525091967,96.13368832224756,35.852525252525254,1.0
config_A_baseline,21,13,99.90167525091967,96.27545238282764,36.54181818181818,1.0
config_A_baseline,21,14,99.9116054706558,96.0335639468343,36.39171717171717,1.0
config_A_baseline,21,15,99.92121282017614,95.72323363353586,35.730909090909094,0.98
config_A_baseline,21,16,99.92121282017614,95.45927545920591,34.956767676767676,1.0
config_A_baseline,21,17,99.92121282017614,95.59504474210416,35.45070707070707,1.0
config_A_baseline,21,18,99.92121282017614,96.39332324361722,34.21030303030303,0.99
config_A_baseline,21,19,99.92121282017614,95.75521212420362,33.4969696969697,1.0
config_A_baseline,21,20,99.92121282017614,96.250232794238,33.132525252525255,0.99
config_A_baseline,21,21,99.92985028529006,96.40274791684202,32.903232323232324,0.99
config_A_baseline,21,22,99.92985028529006,95.25169550004532,33.08949494949495,1.0
config_A_baseline,21,23,99.92985028529006,95.48319103960303,31.869090909090907,0.99
config_A_baseline,21,24,99.92985028529006,96.35232660073221,31.683232323232325,1.0
config_A_baseline,21,25,99.92985028529006,94.40336451194031,31.864444444444445,1.0
config_A_baseline,21,26,99.92985028529006,95.62717760339285,31.513737373737374,0.99
config_A_baseline,21,27,99.92985028529006,95.93303090810512,30.791515151515153,0.99
config_A_baseline,21,28,99.92985028529006,95.08487876795952,31.181010101010102,0.98
config_A_baseline,21,29,99.92985028529006,95.58308982847109,30.046464646464646,0.99
config_A_baseline,21,30,99.92985028529006,95.8342943871212,30.086868686868687,0.99
config_A_baseline,21,31,99.92985028529006,96.40816880126098,29.786262626262626,0.99
config_A_baseline,21,32,99.92985028529006,96.55266363521282,29.412525252525253,0.99
config_A_baseline,21,33,99.92985028529006,95.81957243088029,29.904444444444444,0.99
config_A_baseline,21,34,99.92985028529006,97.4763044701754,28.56141414141414,0.99
config_A_baseline,21,35,99.92985028529006,95.8852793375243,28.756969696969698,0.99
config_A_baseline,21,36,99.92985028529006,96.14459651605817,28.44989898989899,0.98
config_A_baseline,21,37,99.92985028529006,95.34802773534311,28.84949494949495,0.99
config_A_baseline,21,38,99.92985028529006,94.8646178696605,28.77050505050505,0.99
config_A_baseline,21,39,99.9300496027975,94.6657571702751,28.706262626262625,0.99
config_A_baseline,21,40,99.93868706791142,95.45851100963202,29.924646464646464,1.0
config_A_baseline,21,41,99.93868706791142,95.43852393602707,26.683232323232325,0.99
config_A_baseline,21,42,99.93868706791142,95.72882527229856,26.584242424242426,0.99
config_A_baseline,21,43,99.93868706791142,95.73767884647003,26.931313131313132,0.99
config_A_baseline,21,44,99.93868706791142,96.53170461424082,28.618787878787877,0.99
config_A_baseline,21,45,99.93868706791142,95.71482213269068,27.794747474747474,0.98
config_A_baseline,21,46,99.93868706791142,96.34154197561404,26.682222222222222,0.99
config_A_baseline,21,47,99.93868706791142,95.59402120525218,27.956565656565658,0.99
config_A_baseline,21,48,99.93868706791142,96.66563681145412,27.394545454545455,0.97
config_A_baseline,21,49,99.93868706791142,95.87433139506716,27.832727272727272,0.98
config_A_baseline,21,50,99.93868706791142,94.69449805237491,28.505656565656565,0.99
config_A_baseline,22,0,92.71527483800652,65.99825689963873,47.48767676767677,1.0
config_A_baseline,22,1,92.71527483800652,65.99825689963873,47.48767676767677,1.0
config_A_baseline,22,2,94.40367283967093,77.59850039199063,46.767272727272726,1.0
config_A_baseline,22,3,96.32838344195066,82.64691930230842,45.74,1.0
config_A_baseline,22,4,99.82932056026283,88.24906905545912,44.44767676767677,1.0
config_A_baseline,22,5,99.82932056026283,89.69720737140443,42.506868686868685,1.0
config_A_baseline,22,6,99.82932056026283,91.38066252686771,38.64949494949495,1.0
config_A_baseline,22,7,99.84910650869507,93.16962103554646,33.78828282828283,1.0
config_A_baseline,22,8,99.88246055187898,94.54936308735525,30.346666666666668,0.99
config_A_baseline,22,9,99.88246055187898,94.80457639901893,28.194747474747476,1.0
config_A_baseline,22,10,99.88246055187898,94.86234659868185,28.5569696969697,1.0
config_A_baseline,22,11,99.88246055187898,96.00186167118241,28.581212121212122,1.0
config_A_baseline,22,12,99.88246055187898,95.74515099743398,29.25030303030303,1.0
config_A_baseline,22,13,99.88246055187898,95.66316668667098,30.54161616161616,0.99
config_A_baseline,22,14,99.88355398899377,96.27162594680318,30.13131313131313,0.97
config_A_baseline,22,15,99.89789265064441,96.00629935586136,29.026666666666667,0.98
config_A_baseline,22,16,99.89789265064441,96.26657631730365,28.61111111111111,1.0
config_A_baseline,22,17,99.90750000016476,95.80785592845899,29.711111111111112,1.0
config_A_baseline,22,18,99.90750000016476,96.28150456743276,29.037777777777777,0.99
config_A_baseline,22,19,99.90750000016476,97.05807513793194,27.206868686868688,1.0
config_A_baseline,22,20,99.90750000016476,97.0845859199158,28.20747474747475,1.0
config_A_baseline,22,21,99.90750000016476,96.6348847485333,27.745252525252525,1.0
config_A_baseline,22,22,99.90750000016476,96.73310798633491,28.63737373737374,1.0
config_A_baseline,22,23,99.90750000016476,97.15360657536509,28.625252525252524,1.0
config_A_baseline,22,24,99.90750000016476,96.61864517634712,29.61979797979798,1.0
config_A_baseline,22,25,99.90750000016476,97.5637372086861,29.73030303030303,1.0
config_A_baseline,22,26,99.90750000016476,97.02952070647896,29.146262626262626,1.0
config_A_baseline,22,27,99.90750000016476,96.46880380222242,28.73878787878788,0.99
config_A_baseline,22,28,99.90750000016476,96.76926630458637,29.562424242424242,1.0
config_A_baseline,22,29,99.90750000016476,95.45537353033077,29.7789898989899,1.0
config_A_baseline,22,30,99.90750000016476,96.18411118916484,29.903838383838384,1.0
config_A_baseline,22,31,99.9116054706558,96.109316544003,28.889898989898988,0.99
config_A_baseline,22,32,99.9116054706558,95.7185984589799,30.385252525252525,1.0
config_A_baseline,22,33,99.9116054706558,96.01433701646076,28.736363636363638,1.0
config_A_baseline,22,34,99.9116054706558,96.17449414382946,28.403232323232324,1.0
config_A_baseline,22,35,99.91870180197172,95.32773774187041,28.667878787878788,1.0
config_A_baseline,22,36,99.91870180197172,96.1311165411844,28.23050505050505,1.0
config_A_baseline,22,37,99.91870180197172,95.58609177084764,28.693535353535353,1.0
config_A_baseline,22,38,99.91870180197172,96.1548597826657,28.895151515151515,1.0
config_A_baseline,22,39,99.91870180197172,96.46710741193434,29.334949494949495,1.0
config_A_baseline,22,40,99.91870180197172,95.91113947787834,29.826666666666668,0.99
config_A_baseline,22,41,99.91870180197172,96.31086194002326,29.53939393939394,1.0
config_A_baseline,22,42,99.91870180197172,96.17594338620115,26.87151515151515,1.0
config_A_baseline,22,43,99.92907971839107,96.61933224507656,25.4579797979798,0.99
config_A_baseline,22,44,99.92907971839107,96.44359589993596,25.826464646464647,1.0
config_A_baseline,22,45,99.92907971839107,95.89404927691012,26.364444444444445,1.0
config_A_baseline,22,46,99.92907971839107,96.01883429386672,26.770707070707072,1.0
config_A_baseline,22,47,99.92907971839107,95.90288708608739,26.614747474747475,0.98
config_A_baseline,22,48,99.92907971839107,95.06461606136219,26.29919191919192,0.99
config_A_baseline,22,49,99.92907971839107,95.62877598974659,28.243636363636362,0.99
config_A_baseline,22,50,99.92907971839107,95.39016444871801,29.153131313131315,0.99
config_A_baseline,23,0,96.07069220271164,66.87232324177351,47.50484848484849,1.0
config_A_baseline,23,1,96.07069220271164,66.87232324177351,47.50484848484849,1.0
config_A_baseline,23,2,96.07069220271164,76.5862290010117,46.696969696969695,1.0
config_A_baseline,23,3,99.90859343727954,82.29883799086625,45.27454545454545,1.0
config_A_baseline,23,4,99.90859343727954,87.12784216004802,43.93090909090909,1.0
config_A_baseline,23,5,99.90859343727954,89.23283814452479,42.494343434343435,0.99
config_A_baseline,23,6,99.90859343727954,90.56660146543672,41.38727272727273,0.99
config_A_baseline,23,7,99.90859343727954,92.03415342987827,38.57252525252525,1.0
config_A_baseline,23,8,99.90859343727954,92.62826082741141,34.76626262626262,1.0
config_A_baseline,23,9,99.90859343727954,93.18012932136966,34.28363636363636,1.0
config_A_baseline,23,10,99.90859343727954,94.05671595229649,30.771919191919192,1.0
config_A_baseline,23,11,99.90859343727954,94.45749210269604,30.496363636363636,1.0
config_A_baseline,23,12,99.90859343727954,95.01747025646105,29.15191919191919,1.0
config_A_baseline,23,13,99.90909445245138,95.53009139872078,30.145050505050506,1.0
config_A_baseline,23,14,99.9174302199009,96.55666073556054,30.77919191919192,1.0
config_A_baseline,23,15,99.9174302199009,96.25747974706943,31.076565656565656,1.0
config_A_baseline,23,16,99.9174302199009,95.95835899934622,30.714343434343434,1.0
config_A_baseline,23,17,99.9174302199009,94.71717250496806,30.952929292929294,1.0
config_A_baseline,23,18,99.9174302199009,96.11862598619595,31.815555555555555,1.0
config_A_baseline,23,19,99.9174302199009,96.75048385051122,30.815353535353534,1.0
config_A_baseline,23,20,99.9174302199009,95.39337703365685,30.596161616161616,1.0
config_A_baseline,23,21,99.9174302199009,95.55386417812458,32.57393939393939,1.0
config_A_baseline,23,22,99.9174302199009,95.81395931846943,32.57737373737374,0.99
config_A_baseline,23,23,99.91947236887071,95.39476972763119,32.33010101010101,1.0
config_A_baseline,23,24,99.91947236887071,95.18546326133448,32.712929292929296,1.0
config_A_baseline,23,25,99.91947236887071,96.04008642468997,33.68949494949495,1.0
config_A_baseline,23,26,99.91947236887071,95.35589161134644,33.54909090909091,1.0
config_A_baseline,23,27,99.91947236887071,96.2729757728338,32.89434343434343,1.0
config_A_baseline,23,28,99.91947236887071,95.56236084859509,32.49656565656566,1.0
config_A_baseline,23,29,99.91947236887071,95.1316944077678,33.19858585858586,1.0
config_A_baseline,23,30,99.91947236887071,95.39762727276943,33.352525252525254,1.0
config_A_baseline,23,31,99.91947236887071,95.77933888143993,32.54,1.0
config_A_baseline,23,32,99.91967168637815,95.55801221647243,32.453131313131315,0.99
config_A_baseline,23,33,99.91967168637815,96.09347371073922,31.718585858585858,1.0
config_A_baseline,23,34,99.91967168637815,95.98974654293993,31.705252525252526,1.0
config_A_baseline,23,35,99.91967168637815,95.89203442146768,31.92020202020202,1.0
config_A_baseline,23,36,99.91967168637815,96.56284896917296,32.28121212121212,1.0
config_A_baseline,23,37,99.91967168637815,95.36061171401563,32.86161616161616,1.0
config_A_baseline,23,38,99.91967168637815,95.78920227358687,33.54868686868687,1.0
config_A_baseline,23,39,99.91967168637815,96.14823432358615,33.2620202020202,0.99
config_A_baseline,23,40,99.93286231866632,96.32781355565702,32.17636363636364,1.0
config_A_baseline,23,41,99.93286231866632,96.44769686363973,31.01151515151515,1.0
config_A_baseline,23,42,99.93286231866632,97.33837611143889,31.307474747474746,1.0
config_A_baseline,23,43,99.93286231866632,96.13203265527456,31.241818181818182,1.0
config_A_baseline,23,44,99.93286231866632,96.11310486161685,29.84747474747475,1.0
config_A_baseline,23,45,99.93286231866632,95.80197408939674,31.574747474747475,1.0
config_A_baseline,23,46,99.93286231866632,95.44845230408355,29.49191919191919,1.0
config_A_baseline,23,47,99.93286231866632,96.32883105963387,31.093737373737373,1.0
config_A_baseline,23,48,99.93286231866632,95.72589206312097,31.232727272727274,1.0
config_A_baseline,23,49,99.93286231866632,95.09310107058127,30.52747474747475,1.0
config_A_baseline,23,50,99.93286231866632,95.9753056518011,30.043232323232324,1.0
config_A_baseline,24,0,90.62373523326805,66.31661472297884,47.47090909090909,1.0
config_A_baseline,24,1,90.62373523326805,66.31661472297884,47.47090909090909,1.0
config_A_baseline,24,2,93.77684276210853,76.95270907448383,46.73434343434344,0.99
config_A_baseline,24,3,93.77684276210853,81.53576697769614,45.63272727272727,1.0
config_A_baseline,24,4,95.61337539008186,85.37502934363779,44.41676767676768,1.0
config_A_baseline,24,5,99.79845636273195,87.86022178279325,43.50060606060606,0.99
config_A_baseline,24,6,99.79845636273195,91.01352875516163,40.49111111111111,1.0
config_A_baseline,24,7,99.81241756191912,91.79060499806941,37.87616161616162,1.0
config_A_baseline,24,8,99.87920013932694,93.45515321765397,35.99272727272727,1.0
config_A_baseline,24,9,99.88074127312494,93.81730485723241,34.19373737373737,1.0
config_A_baseline,24,10,99.88074127312494,94.8159251565073,29.905454545454546,1.0
config_A_baseline,24,11,99.88074127312494,95.62259216095735,28.283232323232323,0.99
config_A_baseline,24,12,99.88074127312494,96.20951510776487,27.56080808080808,0.99
config_A_baseline,24,13,99.90501015451171,95.73082184671753,27.931313131313132,0.99
config_A_baseline,24,14,99.90501015451171,96.8272960002755,27.10040404040404,1.0
config_A_baseline,24,15,99.90501015451171,96.04278245316812,27.095555555555556,1.0
config_A_baseline,24,16,99.90501015451171,96.14891748584898,26.612525252525252,1.0
config_A_baseline,24,17,99.90501015451171,96.16498440274772,28.967676767676767,1.0
config_A_baseline,24,18,99.90501015451171,96.91644725251658,28.403838383838384,0.99
config_A_baseline,24,19,99.91914949865493,95.66555084349916,30.40707070707071,0.98
config_A_baseline,24,20,99.91914949865493,96.33417692273787,30.416767676767677,1.0
config_A_baseline,24,21,99.92248440224698,95.94085690550561,31.14949494949495,0.99
config_A_baseline,24,22,99.92248440224698,95.12296944168875,31.78848484848485,1.0
config_A_baseline,24,23,99.92529711811581,95.15899322723051,32.25939393939394,1.0
config_A_baseline,24,24,99.92626700252224,95.68950500461261,32.983636363636364,1.0
config_A_baseline,24,25,99.92626700252224,94.94650097057624,33.52161616161616,1.0
config_A_baseline,24,26,99.92626700252224,95.85424257114775,33.48888888888889,1.0
config_A_baseline,24,27,99.92626700252224,95.74326753397678,33.95696969696969,1.0
config_A_baseline,24,28,99.92626700252224,95.57012126717568,33.083030303030306,1.0
config_A_baseline,24,29,99.92626700252224,96.3306299742143,34.41717171717172,1.0
config_A_baseline,24,30,99.92626700252224,95.54017390256942,34.01050505050505,0.99
config_A_baseline,24,31,99.92626700252224,96.36759584851366,32.42626262626263,1.0
config_A_baseline,24,32,99.92626700252224,96.78950276136362,31.073333333333334,1.0
config_A_baseline,24,33,99.9318924342599,96.29278654009163,30.657777777777778,0.99
config_A_baseline,24,34,99.9318924342599,96.06522370507574,30.384646464646465,1.0
config_A_baseline,24,35,99.9318924342599,95.28332288148754,30.856969696969696,1.0
config_A_baseline,24,36,99.93567503453515,95.32499074780408,29.315353535353534,0.99
config_A_baseline,24,37,99.93567503453515,95.60439267094002,29.035353535353536,1.0
config_A_baseline,24,38,99.93567503453515,95.7147900899359,30.473333333333333,1.0
config_A_baseline,24,39,99.93567503453515,96.53591935831912,29.64020202020202,1.0
config_A_baseline,24,40,99.93567503453515,95.693390109201,27.24888888888889,1.0
config_A_baseline,24,41,99.93567503453515,95.80052294331321,27.41777777777778,0.99
config_A_baseline,24,42,99.93567503453515,95.9088215927401,27.835959595959597,0.99
config_A_baseline,24,43,99.93567503453515,95.7781604251783,27.81313131313131,0.99
config_A_baseline,24,44,99.93567503453515,95.88828073165854,26.855959595959597,0.99
config_A_baseline,24,45,99.93567503453515,95.60485785008554,28.6579797979798,0.99
config_A_baseline,24,46,99.93567503453515,95.35652696507387,28.954141414141414,0.99
config_A_baseline,24,47,99.93567503453515,96.076351263134,29.587474747474747,0.99
config_A_baseline,24,48,99.93567503453515,96.49008355565806,29.88969696969697,0.99
config_A_baseline,24,49,99.93567503453515,96.7887441527512,30.12848484848485,0.99
config_A_baseline,24,50,99.93567503453515,95.769859478088,30.16141414141414,0.99
config_A_baseline,25,0,91.54332631966855,65.45802872788663,47.50060606060606,1.0
config_A_baseline,25,1,91.54332631966855,65.45802872788663,47.50060606060606,1.0
config_A_baseline,25,2,96.47243827176969,75.46374241578306,46.791717171717174,1.0
config_A_baseline,25,3,99.84955420537828,84.14823219371505,45.32222222222222,1.0
config_A_baseline,25,4,99.84955420537828,89.00824800035973,43.58565656565656,0.98
config_A_baseline,25,5,99.86832120773576,91.80724009979518,41.540808080808084,0.99
config_A_baseline,25,6,99.86832120773576,92.93486237735294,39.242222222222225,1.0
config_A_baseline,25,7,99.86832120773576,93.59453254093562,37.092525252525256,1.0
config_A_baseline,25,8,99.8779285572561,94.69144963515807,34.912121212121214,1.0
config_A_baseline,25,9,99.8779285572561,95.16909821011954,30.40767676767677,1.0
config_A_baseline,25,10,99.8779285572561,95.85767003432055,29.07292929292929,1.0
config_A_baseline,25,11,99.8779285572561,96.900146893356,28.75010101010101,0.99
config_A_baseline,25,12,99.88201285519577,95.56189795962881,28.805858585858587,1.0
config_A_baseline,25,13,99.88751473422508,96.08247570243086,31.485858585858587,1.0
config_A_baseline,25,14,99.8989860877592,95.78716916548207,31.611515151515153,1.0
config_A_baseline,25,15,99.8989860877592,96.5794183978109,32.35171717171717,1.0
config_A_baseline,25,16,99.8989860877592,96.30767860149632,32.77111111111111,0.98
config_A_baseline,25,17,99.90294683299051,96.75622450491092,32.59292929292929,0.99
config_A_baseline,25,18,99.90294683299051,96.30192580564633,31.817171717171718,1.0
config_A_baseline,25,19,99.90294683299051,95.00510239741841,32.70080808080808,1.0
config_A_baseline,25,20,99.91914949865493,96.03461877510551,31.736363636363638,1.0
config_A_baseline,25,21,99.91914949865493,95.30228191793817,30.953535353535354,1.0
config_A_baseline,25,22,99.91914949865493,95.01325557912175,30.825454545454544,1.0
config_A_baseline,25,23,99.91914949865493,95.20588775209286,29.933939393939394,1.0
config_A_baseline,25,24,99.91914949865493,95.66642685928602,30.51919191919192,1.0
config_A_baseline,25,25,99.91914949865493,95.38905906061409,30.625050505050506,1.0
config_A_baseline,25,26,99.91914949865493,96.44531095026385,31.139595959595958,0.99
config_A_baseline,25,27,99.91914949865493,96.64344570443492,30.89070707070707,1.0
config_A_baseline,25,28,99.91914949865493,96.06600850581657,29.792929292929294,1.0
config_A_baseline,25,29,99.91914949865493,95.79952139492376,28.41959595959596,0.99
config_A_baseline,25,30,99.91914949865493,94.69550107794032,27.215757575757575,1.0
config_A_baseline,25,31,99.91914949865493,96.02740453303744,27.762020202020203,1.0
config_A_baseline,25,32,99.91914949865493,95.93681881870842,28.467474747474746,1.0
config_A_baseline,25,33,99.91914949865493,95.28271651332733,26.58828282828283,1.0
config_A_baseline,25,34,99.91914949865493,95.59692461040505,27.646868686868686,1.0
config_A_baseline,25,35,99.91914949865493,96.13740426055394,27.508484848484848,1.0
config_A_baseline,25,36,99.91914949865493,96.58517561424483,28.245252525252525,1.0
config_A_baseline,25,37,99.91914949865493,96.22528037103655,28.970909090909092,1.0
config_A_baseline,25,38,99.91967168637815,96.05270425374954,28.35212121212121,1.0
config_A_baseline,25,39,99.91967168637815,95.87391917722854,28.071313131313133,1.0
config_A_baseline,25,40,99.91967168637815,96.13567504083169,27.422020202020203,1.0
config_A_baseline,25,41,99.91967168637815,95.5699447508608,27.42,1.0
config_A_baseline,25,42,99.91967168637815,95.8509436351982,26.63191919191919,0.99
config_A_baseline,25,43,99.91967168637815,95.8810681923211,27.885050505050504,0.98
config_A_baseline,25,44,99.91967168637815,95.96821267884962,26.417575757575758,0.99
config_A_baseline,25,45,99.91967168637815,96.1898363411094,26.24828282828283,1.0
config_A_baseline,25,46,99.91967168637815,96.4098484836803,27.567878787878787,1.0
config_A_baseline,25,47,99.91967168637815,95.88771898166448,28.146868686868686,1.0
config_A_baseline,25,48,99.91967168637815,96.28707680753907,27.184646464646466,1.0
config_A_baseline,25,49,99.91967168637815,95.11903780325734,28.531717171717172,1.0
config_A_baseline,25,50,99.91967168637815,96.01537836658734,28.346666666666668,1.0
config_A_baseline,26,0,93.90369669003893,67.6080506215095,47.494949494949495,1.0
config_A_baseline,26,1,93.90369669003893,67.6080506215095,47.494949494949495,1.0
config_A_baseline,26,2,95.32508150503429,80.79020383769586,46.60424242424242,1.0
config_A_baseline,26,3,96.30991251950496,86.51228614571997,44.69050505050505,1.0
config_A_baseline,26,4,99.86043313696946,89.23243279159243,41.99212121212121,1.0
config_A_baseline,26,5,99.86356872305409,91.7423224672444,42.01131313131313,1.0
config_A_baseline,26,6,99.86356872305409,92.92454099655568,41.01595959595959,1.0
config_A_baseline,26,7,99.88579545547103,94.01920895322031,38.54343434343434,0.99
config_A_baseline,26,8,99.88579545547103,94.86896222854338,36.06727272727273,1.0
config_A_baseline,26,9,99.89162020471612,96.25623922536577,32.20060606060606,1.0
config_A_baseline,26,10,99.90404027010528,96.10732634970435,31.186666666666667,1.0
config_A_baseline,26,11,99.90404027010528,96.63935105567093,32.81070707070707,1.0
config_A_baseline,26,12,99.90404027010528,96.68043639465374,33.28020202020202,0.99
config_A_baseline,26,13,99.90404027010528,95.90230869821733,32.98141414141414,0.99
config_A_baseline,26,14,99.90404027010528,97.45256311834049,32.45212121212121,0.99
config_A_baseline,26,15,99.90782287038054,96.13856463929591,31.975151515151516,1.0
config_A_baseline,26,16,99.90782287038054,96.07811935630694,32.32464646464646,1.0
config_A_baseline,26,17,99.90782287038054,96.31938055355158,32.68707070707071,0.99
config_A_baseline,26,18,99.90782287038054,95.00316221922924,33.30929292929293,1.0
config_A_baseline,26,19,99.90782287038054,96.26467799417975,32.567070707070705,1.0
config_A_baseline,26,20,99.90782287038054,96.33061267197321,32.6589898989899,1.0
config_A_baseline,26,21,99.90782287038054,95.47062312746559,32.60565656565657,1.0
config_A_baseline,26,22,99.90782287038054,96.24751982996459,32.66222222222222,1.0
config_A_baseline,26,23,99.90782287038054,95.73046902863038,31.90949494949495,1.0
config_A_baseline,26,24,99.90782287038054,95.8320561341918,32.13131313131313,1.0
config_A_baseline,26,25,99.90782287038054,95.40423345371893,31.86141414141414,1.0
config_A_baseline,26,26,99.9116054706558,95.59116235783263,31.614747474747475,1.0
config_A_baseline,26,27,99.91441818652463,95.92686986803156,31.6,1.0
config_A_baseline,26,28,99.91441818652463,95.63476647997788,31.997575757575756,0.99
config_A_baseline,26,29,99.91441818652463,96.56166101041086,31.921212121212122,0.99
config_A_baseline,26,30,99.91568976859547,96.2073698993239,31.68747474747475,0.97
config_A_baseline,26,31,99.91568976859547,95.46953320037639,30.575151515151514,1.0
config_A_baseline,26,32,99.91568976859547,95.98266557936033,30.737373737373737,0.99
config_A_baseline,26,33,99.91568976859547,96.40780474629786,29.633737373737375,0.99
config_A_baseline,26,34,99.91568976859547,95.4277633298157,30.05959595959596,0.99
config_A_baseline,26,35,99.91568976859547,95.83454602674252,30.006262626262625,1.0
config_A_baseline,26,36,99.91947236887071,95.35350046716965,30.4979797979798,1.0
config_A_baseline,26,37,99.91947236887071,95.27346270137232,30.46949494949495,1.0
config_A_baseline,26,38,99.91947236887071,96.61930116017253,30.566666666666666,0.99
config_A_baseline,26,39,99.92529711811581,96.39878210014729,31.38222222222222,0.99
config_A_baseline,26,40,99.92529711811581,95.13224202035909,31.794949494949496,1.0
config_A_baseline,26,41,99.92529711811581,95.21923750212318,31.819595959595958,1.0
config_A_baseline,26,42,99.92529711811581,95.8952629361625,31.826060606060604,1.0
config_A_baseline,26,43,99.92529711811581,96.12859221056118,31.675555555555555,1.0
config_A_baseline,26,44,99.92529711811581,95.55106547998602,31.81737373737374,1.0
config_A_baseline,26,45,99.92529711811581,96.39807401863278,31.295555555555556,1.0
config_A_baseline,26,46,99.92529711811581,95.54852213480137,30.98141414141414,1.0
config_A_baseline,26,47,99.92529711811581,96.46910760873388,31.47070707070707,0.99
config_A_baseline,26,48,99.92529711811581,96.27133246560776,31.973535353535354,1.0
config_A_baseline,26,49,99.92529711811581,96.65175439152932,31.292323232323234,1.0
config_A_baseline,26,50,99.92529711811581,96.31592627470678,31.25171717171717,1.0
config_A_baseline,27,0,96.30527180331161,69.41414355769905,47.48464646464647,1.0
config_A_baseline,27,1,96.30527180331161,69.41414355769905,47.48464646464647,1.0
config_A_baseline,27,2,96.30828383668788,79.66379586951834,46.54464646464646,1.0
config_A_baseline,27,3,96.37919882611669,84.48936159805591,45.196363636363635,1.0
config_A_baseline,27,4,99.79852659695169,88.3398459752692,43.25313131313131,1.0
config_A_baseline,27,5,99.82939079448255,91.3986127376171,42.32888888888889,1.0
config_A_baseline,27,6,99.85416069104117,93.23996130950515,40.79030303030303,1.0
config_A_baseline,27,7,99.85416069104117,94.1464091429006,37.71454545454545,1.0
config_A_baseline,27,8,99.87414595698085,94.60850898535203,36.37777777777778,1.0
config_A_baseline,27,9,99.87414595698085,95.0794489856285,36.48747474747475,1.0
config_A_baseline,27,10,99.87414595698085,95.40144769605449,36.25090909090909,0.99
config_A_baseline,27,11,99.88828530112407,94.66109389715282,36.59717171717172,0.99
config_A_baseline,27,12,99.88828530112407,95.57803082686794,37.03838383838384,0.99
config_A_baseline,27,13,99.88828530112407,96.19880065121872,35.714747474747476,0.98
config_A_baseline,27,14,99.88828530112407,95.3950786281224,34.96424242424242,0.99
config_A_baseline,27,15,99.88828530112407,96.5296560424629,31.623636363636365,0.98
config_A_baseline,27,16,99.90423958761272,95.5057729155904,31.673737373737374,0.99
config_A_baseline,27,17,99.90685298597413,96.42522234168493,31.12020202020202,1.0
config_A_baseline,27,18,99.90685298597413,97.01421378404774,30.307474747474746,1.0
config_A_baseline,27,19,99.90685298597413,96.21999718920128,30.212323232323232,0.99
config_A_baseline,27,20,99.90685298597413,95.83621631824636,29.29010101010101,0.99
config_A_baseline,27,21,99.90685298597413,96.32757137955758,29.610707070707072,0.99
config_A_baseline,27,22,99.90782287038054,96.56167357337426,30.322424242424244,0.98
config_A_baseline,27,23,99.91364761962564,96.50645256932594,29.66060606060606,1.0
config_A_baseline,27,24,99.91364761962564,95.96760830589503,29.424242424242426,1.0
config_A_baseline,27,25,99.91364761962564,96.3654429807277,30.87818181818182,1.0
config_A_baseline,27,26,99.91364761962564,95.96431044251396,32.32424242424243,1.0
config_A_baseline,27,27,99.92830915149207,97.04476891432019,32.1220202020202,1.0
config_A_baseline,27,28,99.92830915149207,96.52935223345916,30.81191919191919,0.99
config_A_baseline,27,29,99.92830915149207,96.20679691004905,29.21131313131313,1.0
config_A_baseline,27,30,99.92830915149207,96.13780128567683,27.06707070707071,1.0
config_A_baseline,27,31,99.92830915149207,95.84915358608602,28.546666666666667,1.0
config_A_baseline,27,32,99.93490446763616,95.68507270683067,28.90282828282828,1.0
config_A_baseline,27,33,99.93490446763616,95.5168249264021,29.693131313131314,1.0
config_A_baseline,27,34,99.93490446763616,94.76346912303093,30.414141414141415,1.0
config_A_baseline,27,35,99.93490446763616,95.32286128342437,30.577575757575758,1.0
config_A_baseline,27,36,99.93490446763616,96.00747065696069,29.127070707070708,1.0
config_A_baseline,27,37,99.93490446763616,95.62114848592677,30.078181818181818,1.0
config_A_baseline,27,38,99.93490446763616,96.62358101941709,29.52060606060606,1.0
config_A_baseline,27,39,99.93490446763616,95.5284820576754,30.23777777777778,0.99
config_A_baseline,27,40,99.93490446763616,96.38705396064432,30.16989898989899,1.0
config_A_baseline,27,41,99.93490446763616,96.4135312439476,30.223434343434345,1.0
config_A_baseline,27,42,99.93490446763616,97.04505768036525,29.932121212121213,1.0
config_A_baseline,27,43,99.93490446763616,95.63295040700072,30.531919191919194,1.0
config_A_baseline,27,44,99.93490446763616,95.9265211508179,30.544848484848483,1.0
config_A_baseline,27,45,99.93490446763616,95.89047958409445,29.32929292929293,1.0
config_A_baseline,27,46,99.93490446763616,95.77663048497458,30.2810101010101,1.0
config_A_baseline,27,47,99.93490446763616,95.51181750859678,29.7020202020202,1.0
config_A_baseline,27,48,99.93490446763616,95.75299661012079,30.244646464646465,1.0
config_A_baseline,27,49,99.93490446763616,95.52676176440835,30.00080808080808,1.0
config_A_baseline,27,50,99.93490446763616,96.19184439189301,29.54282828282828,1.0
config_A_baseline,28,0,89.19529444029918,69.41722018272979,47.471111111111114,1.0
config_A_baseline,28,1,89.19529444029918,69.41722018272979,47.471111111111114,1.0
config_A_baseline,28,2,95.9176726232864,76.00206568614529,46.6589898989899,1.0
config_A_baseline,28,3,95.9176726232864,82.1352605953049,45.222626262626264,0.99
config_A_baseline,28,4,96.08933417802028,87.92577014366725,42.0959595959596,1.0
config_A_baseline,28,5,99.763308549754,89.94952763936277,40.45393939393939,1.0
config_A_baseline,28,6,99.8295689394386,90.36900658847489,36.81050505050505,0.99
config_A_baseline,28,7,99.86625788621456,91.68596022074438,34.814949494949495,1.0
config_A_baseline,28,8,99.87382308676506,92.99581077954744,29.975353535353534,1.0
config_A_baseline,28,9,99.89034862264528,94.64536639538801,27.365656565656565,1.0
config_A_baseline,28,10,99.89540280499138,95.88690311772908,25.01070707070707,1.0
config_A_baseline,28,11,99.8982155208602,96.38258544296798,25.961414141414142,1.0
config_A_baseline,28,12,99.91646033549446,95.88320579649489,26.78,1.0
config_A_baseline,28,13,99.91646033549446,96.13188522872832,28.265050505050507,1.0
config_A_baseline,28,14,99.91646033549446,95.84718003929976,29.021818181818183,1.0
config_A_baseline,28,15,99.91646033549446,96.09773760618009,29.821010101010103,0.99
config_A_baseline,28,16,99.91646033549446,96.38344148465882,29.246464646464645,1.0
config_A_baseline,28,17,99.91646033549446,96.1421885144651,29.496969696969696,0.98
config_A_baseline,28,18,99.91646033549446,95.40183386038201,29.830303030303032,1.0
config_A_baseline,28,19,99.91646033549446,96.341427831352,29.71959595959596,1.0
config_A_baseline,28,20,99.91646033549446,97.27624018883485,29.223232323232324,1.0
config_A_baseline,28,21,99.91646033549446,96.81683483574672,28.345454545454544,1.0
config_A_baseline,28,22,99.91646033549446,96.67663693173799,28.895757575757575,1.0
config_A_baseline,28,23,99.91646033549446,96.17248607589752,29.643232323232322,1.0
config_A_baseline,28,24,99.91646033549446,96.33634642028065,29.306262626262626,1.0
config_A_baseline,28,25,99.91646033549446,96.53453395486741,29.273939393939393,0.99
config_A_baseline,28,26,99.91646033549446,96.26987896848948,28.876161616161617,0.99
config_A_baseline,28,27,99.92703756942123,95.46529742122753,28.523232323232325,0.99
config_A_baseline,28,28,99.92703756942123,95.89698300872813,28.680404040404042,1.0
config_A_baseline,28,29,99.92703756942123,94.8977376071231,28.476565656565658,1.0
config_A_baseline,28,30,99.92703756942123,95.69135154263118,28.126464646464648,0.99
config_A_baseline,28,31,99.92703756942123,96.35812705286577,26.992121212121212,0.99
config_A_baseline,28,32,99.92703756942123,95.57441420530999,27.454141414141414,0.99
config_A_baseline,28,33,99.92703756942123,95.89720276787197,28.34949494949495,0.99
config_A_baseline,28,34,99.92907971839107,95.35797144972183,28.295555555555556,0.99
config_A_baseline,28,35,99.92907971839107,95.3960482669666,29.37090909090909,0.99
config_A_baseline,28,36,99.92907971839107,94.02345264338145,29.364040404040406,1.0
config_A_baseline,28,37,99.92907971839107,95.2607236317212,28.485656565656566,1.0
config_A_baseline,28,38,99.92907971839107,95.73432426758936,27.856767676767678,1.0
config_A_baseline,28,39,99.92907971839107,95.27855977175368,27.47313131313131,1.0
config_A_baseline,28,40,99.92907971839107,95.47412640141668,29.24848484848485,1.0
config_A_baseline,28,41,99.92907971839107,95.10360254759165,30.673737373737374,1.0
config_A_baseline,28,42,99.92907971839107,96.08237644475074,31.65737373737374,1.0
config_A_baseline,28,43,99.92907971839107,95.88632838572988,31.633939393939393,1.0
config_A_baseline,28,44,99.92907971839107,96.12356807862551,31.594141414141415,1.0
config_A_baseline,28,45,99.92907971839107,95.5486394021335,30.667272727272728,1.0
config_A_baseline,28,46,99.92907971839107,95.45193746176963,32.30868686868687,1.0
config_A_baseline,28,47,99.92907971839107,95.40047722635991,31.364646464646466,1.0
config_A_baseline,28,48,99.93286231866632,95.93337176214084,30.68969696969697,1.0
config_A_baseline,28,49,99.93286231866632,95.63253813360775,29.18262626262626,1.0
config_A_baseline,28,50,99.93490446763616,95.35084542154738,29.576565656565656,1.0
config_A_baseline,29,0,92.82866478780213,66.17409511051959,47.46141414141414,1.0
config_A_baseline,29,1,92.82866478780213,66.17409511051959,47.46141414141414,1.0
config_A_baseline,29,2,94.55371897014821,76.9637623494551,46.75757575757576,1.0
config_A_baseline,29,3,94.88579545547103,82.96886675839264,45.682020202020205,1.0
config_A_baseline,29,4,95.56399570988671,86.59273128045933,43.63818181818182,1.0
config_A_baseline,29,5,96.35785720673353,90.11506227518987,39.26747474747475,1.0
config_A_baseline,29,6,99.81164699502013,91.65265917664998,34.433535353535355,1.0
config_A_baseline,29,7,99.89540280499138,92.08549132198472,31.952727272727273,1.0
config_A_baseline,29,8,99.89540280499138,94.07732343798158,31.08969696969697,0.99
config_A_baseline,29,9,99.89540280499138,94.52041975575601,29.86020202020202,0.99
config_A_baseline,29,10,99.89540280499138,94.62150827657298,29.11656565656566,0.98
config_A_baseline,29,11,99.89744495396121,95.64938218579235,28.31191919191919,0.99
config_A_baseline,29,12,99.89744495396121,96.06597046389663,28.992727272727272,1.0
config_A_baseline,29,13,99.90705230348155,95.73851316692497,27.944040404040404,1.0
config_A_baseline,29,14,99.91128260044,96.57759190263286,27.413939393939394,0.99
config_A_baseline,29,15,99.91128260044,96.04646356470892,27.916565656565655,0.99
config_A_baseline,29,16,99.91128260044,96.21822933625005,29.324040404040403,1.0
config_A_baseline,29,17,99.91128260044,95.28871957659844,30.21131313131313,1.0
config_A_baseline,29,18,99.91128260044,94.76886238799919,30.132727272727273,1.0
config_A_baseline,29,19,99.91128260044,95.72802772902513,31.48080808080808,1.0
config_A_baseline,29,20,99.91128260044,95.48878075180131,32.07494949494949,1.0
config_A_baseline,29,21,99.91128260044,95.63881484560814,31.771313131313132,1.0
config_A_baseline,29,22,99.91128260044,95.89281422948599,30.71272727272727,1.0
config_A_baseline,29,23,99.91128260044,95.8737040526882,31.73111111111111,1.0
config_A_baseline,29,24,99.91128260044,96.59618395720221,30.53959595959596,1.0
config_A_baseline,29,25,99.91914949865493,96.4025502432327,31.26909090909091,0.99
config_A_baseline,29,26,99.91914949865493,95.98878148724009,32.72787878787879,1.0
config_A_baseline,29,27,99.91914949865493,96.48910863673669,33.43212121212121,1.0
config_A_baseline,29,28,99.91914949865493,96.35193861734697,32.713737373737374,1.0
config_A_baseline,29,29,99.91914949865493,96.53250343726923,32.394141414141416,1.0
config_A_baseline,29,30,99.91914949865493,96.34866679574772,32.53171717171717,1.0
config_A_baseline,29,31,99.91914949865493,95.58359891109603,31.80242424242424,1.0
config_A_baseline,29,32,99.91914949865493,95.89041159965906,32.40868686868687,1.0
config_A_baseline,29,33,99.91914949865493,95.48108754390414,32.28969696969697,1.0
config_A_baseline,29,34,99.91914949865493,96.92613817052768,33.285252525252524,1.0
config_A_baseline,29,35,99.91914949865493,95.97837387131818,33.6620202020202,1.0
config_A_baseline,29,36,99.91914949865493,95.76455272397557,33.32060606060606,1.0
config_A_baseline,29,37,99.92121282017614,96.42446055497255,32.00666666666667,1.0
config_A_baseline,29,38,99.92121282017614,96.51361389568146,32.76141414141414,1.0
config_A_baseline,29,39,99.92121282017614,96.05790959189146,32.91777777777778,1.0
config_A_baseline,29,40,99.92121282017614,95.21768448579225,32.742222222222225,1.0
config_A_baseline,29,41,99.92121282017614,96.11662840429194,32.974747474747474,0.99
config_A_baseline,29,42,99.92121282017614,95.0233787799336,33.956767676767676,0.99
config_A_baseline,29,43,99.92293209893019,96.17789967867515,33.59171717171717,0.99
config_A_baseline,29,44,99.92293209893019,95.83989025346271,32.87474747474747,1.0
config_A_baseline,29,45,99.92293209893019,96.02344193029577,33.37414141414141,0.99
config_A_baseline,29,46,99.92293209893019,95.86718939929052,33.78020202020202,0.98
config_A_baseline,29,47,99.92293209893019,95.68668561647848,33.24787878787879,0.99
config_A_baseline,29,48,99.92293209893019,95.5490412123734,33.30020202020202,0.99
config_A_baseline,29,49,99.92293209893019,95.91027756666965,33.174343434343434,0.99
config_A_baseline,29,50,99.92293209893019,96.46275555838008,32.464444444444446,0.99
config_B_high_mut,0,0,95.18835665164664,66.01245876128982,47.5010101010101,1.0
config_B_high_mut,0,1,95.18835665164664,66.01245876128982,47.5010101010101,1.0
config_B_high_mut,0,2,99.82028446013405,76.83319724910201,46.884040404040405,1.0
config_B_high_mut,0,3,99.82028446013405,81.18287146639855,46.04828282828283,1.0
config_B_high_mut,0,4,99.82028446013405,83.59743653355243,45.21333333333333,1.0
config_B_high_mut,0,5,99.82028446013405,84.85131605735951,44.745858585858585,1.0
config_B_high_mut,0,6,99.85948442511442,85.77965232687131,44.77070707070707,1.0
config_B_high_mut,0,7,99.85948442511442,85.38714347200647,44.845252525252526,1.0
config_B_high_mut,0,8,99.85948442511442,86.02115162375014,44.87313131313131,1.0
config_B_high_mut,0,9,99.8645386074605,86.25568068071988,44.81090909090909,1.0
config_B_high_mut,0,10,99.8645386074605,85.56934713409008,44.80080808080808,1.0
config_B_high_mut,0,11,99.8645386074605,86.31659391893852,44.592525252525256,1.0
config_B_high_mut,0,12,99.88579545547103,85.71714630992612,44.58060606060606,1.0
config_B_high_mut,0,13,99.88579545547103,86.54982026878879,44.921010101010104,1.0
config_B_high_mut,0,14,99.88579545547103,86.16663463135593,45.225050505050504,1.0
config_B_high_mut,0,15,99.88579545547103,86.74456674204099,45.36888888888889,1.0
config_B_high_mut,0,16,99.88579545547103,86.14341061276099,45.35414141414142,1.0
config_B_high_mut,0,17,99.88579545547103,86.75911273143225,45.12626262626262,1.0
config_B_high_mut,0,18,99.88579545547103,87.23604214254742,45.1410101010101,1.0
config_B_high_mut,0,19,99.88579545547103,86.41154721399265,44.76121212121212,1.0
config_B_high_mut,0,20,99.88579545547103,85.32196374489975,45.09979797979798,1.0
config_B_high_mut,0,21,99.88579545547103,85.70657737383226,45.04242424242424,1.0
config_B_high_mut,0,22,99.88579545547103,86.91566824098632,44.736969696969695,1.0
config_B_high_mut,0,23,99.88579545547103,86.20198058569628,44.5979797979798,1.0
config_B_high_mut,0,24,99.88579545547103,87.22651599126745,44.15434343434343,1.0
config_B_high_mut,0,25,99.88579545547103,87.40337840150043,44.06929292929293,1.0
config_B_high_mut,0,26,99.88579545547103,86.87975676399387,44.20727272727273,1.0
config_B_high_mut,0,27,99.88579545547103,87.03467482348464,43.90343434343434,1.0
config_B_high_mut,0,28,99.88579545547103,87.54947411124931,43.67212121212121,1.0
config_B_high_mut,0,29,99.88579545547103,85.66634321438552,44.19777777777778,1.0
config_B_high_mut,0,30,99.88579545547103,85.08202803031438,44.38929292929293,1.0
config_B_high_mut,0,31,99.88579545547103,85.61958047965915,44.48989898989899,1.0
config_B_high_mut,0,32,99.88579545547103,86.93585152664893,44.854343434343434,1.0
config_B_high_mut,0,33,99.88579545547103,85.85897060405898,45.153939393939396,1.0
config_B_high_mut,0,34,99.88579545547103,85.00193030098302,44.946060606060605,1.0
config_B_high_mut,0,35,99.88579545547103,84.10472668815287,44.50121212121212,1.0
config_B_high_mut,0,36,99.88579545547103,85.77479146402786,44.88686868686869,1.0
config_B_high_mut,0,37,99.88579545547103,85.07509927439808,44.76929292929293,1.0
config_B_high_mut,0,38,99.88579545547103,86.17161341351255,44.85232323232323,1.0
config_B_high_mut,0,39,99.88579545547103,86.98768194509039,44.24060606060606,1.0
config_B_high_mut,0,40,99.89034862264528,85.3402923974658,44.71010101010101,1.0
config_B_high_mut,0,41,99.89034862264528,85.03199474575797,44.70626262626263,1.0
config_B_high_mut,0,42,99.89034862264528,85.94315232964759,44.670707070707074,1.0
config_B_high_mut,0,43,99.89034862264528,85.66782528826579,44.807272727272725,1.0
config_B_high_mut,0,44,99.89034862264528,87.41867852462894,44.29515151515152,1.0
config_B_high_mut,0,45,99.89034862264528,87.30517938178244,43.062222222222225,1.0
config_B_high_mut,0,46,99.89034862264528,86.79627587736715,44.05474747474747,1.0
config_B_high_mut,0,47,99.89034862264528,87.4848145370012,44.10909090909091,1.0
config_B_high_mut,0,48,99.89034862264528,88.33156161791631,44.29636363636364,1.0
config_B_high_mut,0,49,99.89744495396121,86.59309087607232,44.59292929292929,1.0
config_B_high_mut,0,50,99.89744495396121,86.47126816148902,45.00545454545455,1.0
config_B_high_mut,1,0,93.94739588354791,66.09813178840211,47.49414141414142,1.0
config_B_high_mut,1,1,93.94739588354791,66.09813178840211,47.49414141414142,1.0
config_B_high_mut,1,2,95.00573883900876,74.78169357232338,46.91676767676768,1.0
config_B_high_mut,1,3,95.00573883900876,77.53269840111503,46.4620202020202,1.0
config_B_high_mut,1,4,95.00573883900876,80.31381670150718,45.51838383838384,1.0
config_B_high_mut,1,5,95.00573883900876,81.09041950317155,45.22868686868687,1.0
config_B_high_mut,1,6,96.4103633567056,82.25679223691142,45.06040404040404,1.0
config_B_high_mut,1,7,96.4103633567056,84.21660645713064,45.12080808080808,1.0
config_B_high_mut,1,8,96.4103633567056,84.82890877992311,44.709494949494946,1.0
config_B_high_mut,1,9,99.83917628895894,86.6767224563669,44.92121212121212,1.0
config_B_high_mut,1,10,99.84609447531882,85.79422749981701,45.15959595959596,1.0
config_B_high_mut,1,11,99.86702845311355,84.62607655248385,44.756565656565655,1.0
config_B_high_mut,1,12,99.86702845311355,85.77427291160917,44.64222222222222,1.0
config_B_high_mut,1,13,99.86702845311355,85.19249668457536,44.448484848484846,1.0
config_B_high_mut,1,14,99.86702845311355,86.89743743440508,44.463838383838386,1.0
config_B_high_mut,1,15,99.86702845311355,85.62985367395055,43.96161616161616,1.0
config_B_high_mut,1,16,99.86702845311355,85.19148935014702,43.96242424242424,1.0
config_B_high_mut,1,17,99.86702845311355,85.77414225127262,43.475151515151516,1.0
config_B_high_mut,1,18,99.86702845311355,85.7129799476479,43.31292929292929,1.0
config_B_high_mut,1,19,99.86702845311355,86.78106077410249,43.67353535353536,1.0
config_B_high_mut,1,20,99.86702845311355,87.31574915180168,44.26585858585859,1.0
config_B_high_mut,1,21,99.86702845311355,86.29641924999603,44.21313131313131,1.0
config_B_high_mut,1,22,99.86702845311355,86.42874651344304,44.285050505050506,1.0
config_B_high_mut,1,23,99.86702845311355,85.89305474081824,43.432929292929295,1.0
config_B_high_mut,1,24,99.86702845311355,85.79535860749607,43.99656565656566,1.0
config_B_high_mut,1,25,99.86702845311355,83.68727852940069,43.86888888888889,1.0
config_B_high_mut,1,26,99.86702845311355,85.84608988404449,43.972323232323234,1.0
config_B_high_mut,1,27,99.86702845311355,85.91758926550119,44.1179797979798,1.0
config_B_high_mut,1,28,99.86702845311355,86.53743497804524,43.932323232323235,1.0
config_B_high_mut,1,29,99.86735132332933,86.89751595736966,43.577777777777776,1.0
config_B_high_mut,1,30,99.88074127312494,87.26061063053997,42.88868686868687,1.0
config_B_high_mut,1,31,99.88074127312494,87.21996709211987,43.35111111111111,1.0
config_B_high_mut,1,32,99.88074127312494,86.18328163737388,43.213535353535356,1.0
config_B_high_mut,1,33,99.88074127312494,88.11562850689535,43.943636363636365,1.0
config_B_high_mut,1,34,99.88074127312494,86.75872715904987,43.98040404040404,1.0
config_B_high_mut,1,35,99.88783760444086,85.86350810034854,44.082424242424246,1.0
config_B_high_mut,1,36,99.88783760444086,86.46973126031929,44.50363636363636,1.0
config_B_high_mut,1,37,99.88783760444086,86.31498295365547,44.898383838383836,1.0
config_B_high_mut,1,38,99.88783760444086,85.68197663285811,44.947272727272725,1.0
config_B_high_mut,1,39,99.88783760444086,86.77120500113573,45.01010101010101,1.0
config_B_high_mut,1,40,99.88783760444086,87.73099242527427,44.957979797979796,1.0
config_B_high_mut,1,41,99.88783760444086,86.87074880226638,44.89191919191919,1.0
config_B_high_mut,1,42,99.88783760444086,87.55575176801668,44.9020202020202,1.0
config_B_high_mut,1,43,99.88783760444086,86.27759289974813,45.16161616161616,1.0
config_B_high_mut,1,44,99.88783760444086,87.63073237073253,44.95636363636363,1.0
config_B_high_mut,1,45,99.88783760444086,88.64016500962434,45.043232323232324,1.0
config_B_high_mut,1,46,99.88783760444086,87.87664672062334,44.78242424242424,1.0
config_B_high_mut,1,47,99.88783760444086,87.39014057326389,44.09030303030303,1.0
config_B_high_mut,1,48,99.88783760444086,88.97242092768246,43.95212121212121,1.0
config_B_high_mut,1,49,99.88783760444086,88.61808074226823,43.81090909090909,1.0
config_B_high_mut,1,50,99.88783760444086,87.7401869706177,43.91777777777778,1.0
config_B_high_mut,2,0,88.52841411377847,65.03637504379195,47.52121212121212,1.0
config_B_high_mut,2,1,88.52841411377847,65.03637504379195,47.52121212121212,1.0
config_B_high_mut,2,2,93.47414595698085,74.57715459270898,46.921010101010104,1.0
config_B_high_mut,2,3,96.37592185219717,79.06014252989682,46.19656565656565,1.0
config_B_high_mut,2,4,99.85493125794017,82.05442968371716,45.80949494949495,1.0
config_B_high_mut,2,5,99.85493125794017,84.82523272208259,45.38080808080808,1.0
config_B_high_mut,2,6,99.85493125794017,85.5995317869626,45.118383838383835,1.0
config_B_high_mut,2,7,99.85493125794017,84.13197016179272,45.33676767676768,1.0
config_B_high_mut,2,8,99.86735132332933,85.44637509986201,45.164040404040406,1.0
config_B_high_mut,2,9,99.87240550567543,85.48723896567245,45.21454545454545,1.0
config_B_high_mut,2,10,99.87240550567543,84.96824605154441,45.341818181818184,1.0
config_B_high_mut,2,11,99.87240550567543,84.20812074068832,45.19010101010101,1.0
config_B_high_mut,2,12,99.87240550567543,86.1450962066882,45.38787878787879,1.0
config_B_high_mut,2,13,99.87240550567543,86.54037403867446,44.85393939393939,1.0
config_B_high_mut,2,14,99.87240550567543,87.62588551329632,44.188686868686865,1.0
config_B_high_mut,2,15,99.87240550567543,87.67975998634354,43.927676767676765,1.0
config_B_high_mut,2,16,99.88041840290914,88.47728648519184,44.45393939393939,1.0
config_B_high_mut,2,17,99.88579545547103,87.8472876987249,44.38929292929293,1.0
config_B_high_mut,2,18,99.89206790139932,86.71610198631764,44.6220202020202,1.0
config_B_high_mut,2,19,99.89206790139932,87.79029621465055,44.790505050505054,1.0
config_B_high_mut,2,20,99.89206790139932,86.6934027941572,44.457979797979796,1.0
config_B_high_mut,2,21,99.89206790139932,88.1995493757941,43.838787878787876,1.0
config_B_high_mut,2,22,99.89206790139932,88.61768433358124,44.217171717171716,1.0
config_B_high_mut,2,23,99.89206790139932,88.97700468499832,43.82,1.0
config_B_high_mut,2,24,99.89206790139932,90.06680469333705,43.02686868686869,1.0
config_B_high_mut,2,25,99.89206790139932,89.13900393308438,42.910909090909094,1.0
config_B_high_mut,2,26,99.89206790139932,87.65723128707891,43.31454545454545,1.0
config_B_high_mut,2,27,99.89206790139932,85.52091657092588,43.790505050505054,1.0
config_B_high_mut,2,28,99.89206790139932,86.03030922461265,43.3569696969697,1.0
config_B_high_mut,2,29,99.89206790139932,85.1884775107938,43.36343434343434,1.0
config_B_high_mut,2,30,99.9174302199009,86.84820836342413,42.976565656565654,1.0
config_B_high_mut,2,31,99.9174302199009,87.1853544046911,42.5440404040404,1.0
config_B_high_mut,2,32,99.9174302199009,87.36164704435654,42.91131313131313,1.0
config_B_high_mut,2,33,99.9174302199009,87.60531273453442,43.62828282828283,1.0
config_B_high_mut,2,34,99.9174302199009,86.43457330298243,43.85050505050505,1.0
config_B_high_mut,2,35,99.9174302199009,87.21748588148344,43.611111111111114,1.0
config_B_high_mut,2,36,99.9174302199009,85.77660283718846,43.84686868686869,1.0
config_B_high_mut,2,37,99.9174302199009,86.07020118458377,43.38444444444445,1.0
config_B_high_mut,2,38,99.9174302199009,85.88679492582118,41.89171717171717,1.0
config_B_high_mut,2,39,99.9174302199009,85.33141751159037,42.343636363636364,1.0
config_B_high_mut,2,40,99.9174302199009,86.15847724939087,42.50969696969697,1.0
config_B_high_mut,2,41,99.9174302199009,87.62307560062833,43.018181818181816,1.0
config_B_high_mut,2,42,99.9174302199009,87.6112443247916,43.483030303030304,1.0
config_B_high_mut,2,43,99.9174302199009,87.45611578516684,42.93555555555555,1.0
config_B_high_mut,2,44,99.9174302199009,85.55093274502013,43.24141414141414,1.0
config_B_high_mut,2,45,99.9174302199009,86.20083123324761,43.224848484848486,1.0
config_B_high_mut,2,46,99.9174302199009,85.44626868925643,43.8979797979798,1.0
config_B_high_mut,2,47,99.9174302199009,86.17314160363598,43.33414141414141,1.0
config_B_high_mut,2,48,99.9174302199009,87.5132321595348,42.74262626262626,1.0
config_B_high_mut,2,49,99.9174302199009,86.54710548953346,43.436565656565655,1.0
config_B_high_mut,2,50,99.9174302199009,87.55012752271341,43.99090909090909,1.0
config_B_high_mut,3,0,90.10266564377284,66.9872402502834,47.522828282828286,1.0
config_B_high_mut,3,1,90.10266564377284,66.9872402502834,47.522828282828286,1.0
config_B_high_mut,3,2,94.76950107005412,76.97880010671756,46.98282828282828,1.0
config_B_high_mut,3,3,95.17700617300426,80.84789310356962,46.662828282828286,1.0
config_B_high_mut,3,4,96.2843109381353,83.45152702659868,46.34080808080808,1.0
config_B_high_mut,3,5,99.82125434454048,84.82572182541274,45.60080808080808,1.0
config_B_high_mut,3,6,99.8645386074605,84.98043551721094,44.847070707070706,1.0
config_B_high_mut,3,7,99.8645386074605,85.06790326632567,44.842424242424244,1.0
config_B_high_mut,3,8,99.90167525091967,85.66521638866548,44.5779797979798,1.0
config_B_high_mut,3,9,99.90167525091967,88.83901487193648,43.76767676767677,1.0
config_B_high_mut,3,10,99.90167525091967,87.3399203838624,43.589090909090906,1.0
config_B_high_mut,3,11,99.90167525091967,86.61342824648683,44.122424242424245,1.0
config_B_high_mut,3,12,99.90167525091967,87.25376657976169,44.21191919191919,1.0
config_B_high_mut,3,13,99.90167525091967,86.98384300572397,43.748282828282825,1.0
config_B_high_mut,3,14,99.90167525091967,86.52770521166654,43.84848484848485,1.0
config_B_high_mut,3,15,99.90167525091967,86.70966029987827,44.312525252525255,1.0
config_B_high_mut,3,16,99.90167525091967,88.05245628672009,43.72949494949495,1.0
config_B_high_mut,3,17,99.90167525091967,87.94368467715393,43.365050505050505,1.0
config_B_high_mut,3,18,99.90167525091967,87.2106181908836,43.741010101010104,1.0
config_B_high_mut,3,19,99.90167525091967,87.927958341692,43.21090909090909,1.0
config_B_high_mut,3,20,99.90167525091967,88.41233856957007,42.70848484848485,1.0
config_B_high_mut,3,21,99.90167525091967,87.37155686841669,43.112929292929294,1.0
config_B_high_mut,3,22,99.90199812113545,86.63011196258151,43.34141414141414,1.0
config_B_high_mut,3,23,99.90199812113545,87.147123713326,43.28666666666667,1.0
config_B_high_mut,3,24,99.90199812113545,85.74854090941984,44.00525252525252,1.0
config_B_high_mut,3,25,99.90199812113545,87.02016059113137,44.33777777777778,1.0
config_B_high_mut,3,26,99.90199812113545,85.74322166948679,44.813131313131315,1.0
config_B_high_mut,3,27,99.90199812113545,85.97762544708729,44.38929292929293,1.0
config_B_high_mut,3,28,99.90199812113545,86.11319592287748,43.82484848484849,1.0
config_B_high_mut,3,29,99.90199812113545,85.49691353216198,44.052121212121214,1.0
config_B_high_mut,3,30,99.90199812113545,86.06204414738092,43.25939393939394,1.0
config_B_high_mut,3,31,99.90199812113545,86.44741836817667,43.37858585858586,1.0
config_B_high_mut,3,32,99.90199812113545,87.67975795122138,43.9959595959596,1.0
config_B_high_mut,3,33,99.90199812113545,87.26034925910726,44.06545454545454,1.0
config_B_high_mut,3,34,99.91083490375681,86.80888215540286,44.18525252525252,1.0
config_B_high_mut,3,35,99.91083490375681,85.54599766823593,43.78606060606061,1.0
config_B_high_mut,3,36,99.91083490375681,86.88546194879422,43.032525252525254,1.0
config_B_high_mut,3,37,99.91083490375681,85.06209060377392,43.554545454545455,1.0
config_B_high_mut,3,38,99.91083490375681,86.07090162841735,43.16161616161616,1.0
config_B_high_mut,3,39,99.91083490375681,85.77928924875683,43.23777777777778,1.0
config_B_high_mut,3,40,99.91083490375681,86.29283225838519,43.533535353535356,1.0
config_B_high_mut,3,41,99.91083490375681,85.85917007096958,42.74444444444445,1.0
config_B_high_mut,3,42,99.91083490375681,86.60960843519022,43.295353535353534,1.0
config_B_high_mut,3,43,99.91083490375681,86.14065162872087,43.424646464646464,1.0
config_B_high_mut,3,44,99.91083490375681,86.60324596397112,42.11252525252525,1.0
config_B_high_mut,3,45,99.91083490375681,86.73533492266534,42.65737373737374,1.0
config_B_high_mut,3,46,99.91083490375681,86.51004563435265,43.12020202020202,1.0
config_B_high_mut,3,47,99.91083490375681,86.50777895957064,43.21212121212121,1.0
config_B_high_mut,3,48,99.91083490375681,87.5384453446453,42.94262626262626,1.0
config_B_high_mut,3,49,99.91083490375681,88.03118975260745,41.2430303030303,1.0
config_B_high_mut,3,50,99.91461750403207,87.96933085991836,41.801212121212124,1.0
config_B_high_mut,4,0,93.88095532469268,66.96746523238421,47.48141414141414,1.0
config_B_high_mut,4,1,93.88095532469268,66.96746523238421,47.48141414141414,1.0
config_B_high_mut,4,2,94.42994842611665,72.74281362149085,46.99818181818182,1.0
config_B_high_mut,4,3,94.42994842611665,78.24490785352322,46.223636363636366,1.0
config_B_high_mut,4,4,95.16152657408425,81.35931676068972,45.11272727272727,1.0
config_B_high_mut,4,5,95.78271207157219,82.56151475537871,45.07636363636364,1.0
config_B_high_mut,4,6,99.82687977627813,84.57548617640674,45.08181818181818,1.0
config_B_high_mut,4,7,99.82687977627813,85.57492987204672,45.11939393939394,1.0
config_B_high_mut,4,8,99.82687977627813,86.30863026119505,44.96363636363636,1.0
config_B_high_mut,4,9,99.83086169406081,85.89310941816038,45.15858585858586,1.0
config_B_high_mut,4,10,99.83086169406081,86.43020266115568,45.28929292929293,1.0
config_B_high_mut,4,11,99.83949915917474,87.12256410529528,45.06080808080808,1.0
config_B_high_mut,4,12,99.84263601901841,87.55728914863668,44.88121212121212,1.0
config_B_high_mut,4,13,99.84263601901841,84.83132486192824,45.08020202020202,1.0
config_B_high_mut,4,14,99.84263601901841,86.89364775141792,44.7060606060606,1.0
config_B_high_mut,4,15,99.84263601901841,86.11096315911048,44.69070707070707,1.0
config_B_high_mut,4,16,99.88074127312494,85.82108343309183,44.42242424242424,1.0
config_B_high_mut,4,17,99.88074127312494,85.18966503828706,44.742828282828285,1.0
config_B_high_mut,4,18,99.88074127312494,85.84188406673617,44.76525252525253,1.0
config_B_high_mut,4,19,99.88074127312494,84.63119318341359,44.73434343434344,1.0
config_B_high_mut,4,20,99.88074127312494,86.70488830437357,44.3969696969697,1.0
config_B_high_mut,4,21,99.88074127312494,86.3519669267021,44.49757575757576,1.0
config_B_high_mut,4,22,99.90199812113545,86.66581953982939,44.74565656565657,1.0
config_B_high_mut,4,23,99.90199812113545,87.26716645962037,44.20565656565657,1.0
config_B_high_mut,4,24,99.90199812113545,87.14418634379092,44.481818181818184,1.0
config_B_high_mut,4,25,99.90199812113545,87.55400275762416,44.6020202020202,1.0
config_B_high_mut,4,26,99.90199812113545,86.96379196469663,43.969292929292926,1.0
config_B_high_mut,4,27,99.90199812113545,87.4265239880939,42.794747474747474,1.0
config_B_high_mut,4,28,99.90199812113545,87.24512296624165,43.582424242424246,1.0
config_B_high_mut,4,29,99.90199812113545,87.37252950088714,43.06868686868687,1.0
config_B_high_mut,4,30,99.90859343727954,88.09321267098655,43.597373737373736,1.0
config_B_high_mut,4,31,99.90859343727954,86.82949854499415,44.18040404040404,1.0
config_B_high_mut,4,32,99.90859343727954,86.1434082670839,44.382222222222225,1.0
config_B_high_mut,4,33,99.90859343727954,87.19502348836716,43.56747474747475,1.0
config_B_high_mut,4,34,99.90859343727954,86.25766997637129,43.44383838383838,1.0
config_B_high_mut,4,35,99.90859343727954,86.59587969033274,43.272525252525256,1.0
config_B_high_mut,4,36,99.90859343727954,87.1002606854693,42.92262626262626,1.0
config_B_high_mut,4,37,99.90859343727954,87.14228548445546,43.605858585858584,1.0
config_B_high_mut,4,38,99.90859343727954,87.37315127836571,42.980606060606064,1.0
config_B_high_mut,4,39,99.90859343727954,87.52099860237632,43.24060606060606,1.0
config_B_high_mut,4,40,99.90859343727954,88.01425947456443,44.22222222222222,1.0
config_B_high_mut,4,41,99.90859343727954,89.5013595744497,44.036767676767674,1.0
config_B_high_mut,4,42,99.90859343727954,88.69723948411101,44.698787878787876,1.0
config_B_high_mut,4,43,99.90859343727954,87.8722209945517,44.58444444444444,1.0
config_B_high_mut,4,44,99.90859343727954,87.82324003573103,44.17575757575757,1.0
config_B_high_mut,4,45,99.90859343727954,85.804588674905,44.22040404040404,1.0
config_B_high_mut,4,46,99.90859343727954,86.8191628221588,44.34,1.0
config_B_high_mut,4,47,99.90859343727954,86.22938192796195,43.220808080808084,1.0
config_B_high_mut,4,48,99.90859343727954,85.09463745956083,43.763636363636365,1.0
config_B_high_mut,4,49,99.90859343727954,85.3454090427831,43.804848484848485,1.0
config_B_high_mut,4,50,99.90859343727954,85.17292812556123,43.57313131313131,1.0
config_B_high_mut,5,0,95.12004205674852,66.14504798747846,47.44767676767677,1.0
config_B_high_mut,5,1,95.12004205674852,66.14504798747846,47.44767676767677,1.0
config_B_high_mut,5,2,95.34542508510066,72.02575462183627,46.955555555555556,1.0
config_B_high_mut,5,3,95.34542508510066,77.16753119922842,46.27151515151515,1.0
config_B_high_mut,5,4,99.80786439474487,80.61239479355925,45.98969696969697,1.0
config_B_high_mut,5,5,99.80786439474487,82.09503675034182,45.946060606060605,1.0
config_B_high_mut,5,6,99.80786439474487,84.2958413820819,45.80020202020202,1.0
config_B_high_mut,5,7,99.80786439474487,84.34000794766891,45.297171717171715,1.0
config_B_high_mut,5,8,99.83949915917474,86.55597078504978,44.34080808080808,1.0
config_B_high_mut,5,9,99.841740625652,87.10455666768009,42.44060606060606,1.0
config_B_high_mut,5,10,99.86645720372198,88.20767534473259,41.37535353535353,1.0
config_B_high_mut,5,11,99.86645720372198,89.04100524335861,41.220202020202024,1.0
config_B_high_mut,5,12,99.86645720372198,88.78456810640078,41.85535353535354,1.0
config_B_high_mut,5,13,99.86645720372198,86.66541866393256,42.73232323232323,1.0
config_B_high_mut,5,14,99.86645720372198,86.58922094215418,42.48909090909091,1.0
config_B_high_mut,5,15,99.86735132332933,88.21846938730761,43.14242424242424,1.0
config_B_high_mut,5,16,99.86735132332933,87.83350219588269,43.86909090909091,1.0
config_B_high_mut,5,17,99.86735132332933,87.13231647208406,43.60181818181818,1.0
config_B_high_mut,5,18,99.86735132332933,87.96189417444032,44.186262626262625,1.0
config_B_high_mut,5,19,99.87190449050358,87.01102924498619,44.23717171717172,1.0
config_B_high_mut,5,20,99.87190449050358,86.62568199677858,44.68707070707071,1.0
config_B_high_mut,5,21,99.87190449050358,87.15618098885832,44.76828282828283,1.0
config_B_high_mut,5,22,99.87190449050358,87.02882272090535,44.8010101010101,1.0
config_B_high_mut,5,23,99.87190449050358,87.23190731462098,44.80040404040404,1.0
config_B_high_mut,5,24,99.87190449050358,88.79826887919894,44.352929292929296,1.0
config_B_high_mut,5,25,99.87190449050358,87.77271380072357,44.39636363636364,1.0
config_B_high_mut,5,26,99.87190449050358,86.32806754947626,44.87252525252525,1.0
config_B_high_mut,5,27,99.88375330650119,87.68430467394097,44.37191919191919,1.0
config_B_high_mut,5,28,99.88375330650119,85.38212156941303,44.72666666666667,1.0
config_B_high_mut,5,29,99.88375330650119,86.5153301963315,44.297171717171715,1.0
config_B_high_mut,5,30,99.88375330650119,88.37526547173611,44.36909090909091,1.0
config_B_high_mut,5,31,99.88375330650119,88.8440447684815,44.23555555555556,1.0
config_B_high_mut,5,32,99.88860817133985,86.65288555594907,44.35717171717172,1.0
config_B_high_mut,5,33,99.88860817133985,86.77123263566739,44.56424242424242,1.0
config_B_high_mut,5,34,99.88860817133985,87.56880835202799,44.42323232323233,1.0
config_B_high_mut,5,35,99.88860817133985,87.1358044573185,44.06545454545454,1.0
config_B_high_mut,5,36,99.88860817133985,85.7626850566507,44.03393939393939,1.0
config_B_high_mut,5,37,99.88860817133985,86.7138817019813,44.1210101010101,1.0
config_B_high_mut,5,38,99.88860817133985,86.45715003093436,44.284040404040404,1.0
config_B_high_mut,5,39,99.88860817133985,86.22592133566202,44.473535353535354,1.0
config_B_high_mut,5,40,99.88860817133985,85.85828067724835,44.92848484848485,1.0
config_B_high_mut,5,41,99.88860817133985,86.80534753313212,45.04666666666667,1.0
config_B_high_mut,5,42,99.88860817133985,86.59328538094128,44.88242424242424,1.0
config_B_high_mut,5,43,99.88860817133985,86.25030628790515,44.73050505050505,1.0
config_B_high_mut,5,44,99.88860817133985,86.21594116793325,44.35838383838384,1.0
config_B_high_mut,5,45,99.88860817133985,87.50339462228335,44.32464646464646,1.0
config_B_high_mut,5,46,99.88860817133985,85.27374209632737,44.505656565656565,1.0
config_B_high_mut,5,47,99.88860817133985,86.80847063272554,44.467070707070704,1.0
config_B_high_mut,5,48,99.88860817133985,85.58389845676069,44.99353535353536,1.0
config_B_high_mut,5,49,99.88860817133985,86.74358479094164,45.0369696969697,1.0
config_B_high_mut,5,50,99.88860817133985,86.40283498686189,44.98282828282828,1.0
config_B_high_mut,6,0,93.09912878880436,66.07846821900023,47.48747474747475,1.0
config_B_high_mut,6,1,93.09912878880436,66.07846821900023,47.48747474747475,1.0
config_B_high_mut,6,2,94.23142088720869,73.53502609127545,46.81171717171717,1.0
config_B_high_mut,6,3,95.13744495396121,79.00652365860465,46.31939393939394,1.0
config_B_high_mut,6,4,96.45281775844775,83.04629029671165,45.786262626262626,1.0
config_B_high_mut,6,5,96.45281775844775,84.0753996899444,46.07858585858586,1.0
config_B_high_mut,6,6,99.81395869571712,83.88064149872196,45.53717171717172,1.0
config_B_high_mut,6,7,99.87414595698085,85.93328438500517,44.98282828282828,1.0
config_B_high_mut,6,8,99.87414595698085,86.82172838798141,45.087272727272726,1.0
config_B_high_mut,6,9,99.87414595698085,87.00695392994021,44.949090909090906,1.0
config_B_high_mut,6,10,99.87414595698085,86.82087855972361,44.877575757575755,1.0
config_B_high_mut,6,11,99.88074127312494,85.87595379920549,44.656565656565654,1.0
config_B_high_mut,6,12,99.88074127312494,86.3288813496618,43.33777777777778,1.0
config_B_high_mut,6,13,99.88074127312494,86.92608059296565,43.1830303030303,1.0
config_B_high_mut,6,14,99.88074127312494,85.37486465155084,43.45959595959596,1.0
config_B_high_mut,6,15,99.88074127312494,86.28030416795016,43.62060606060606,1.0
config_B_high_mut,6,16,99.88074127312494,86.25041318559781,43.62323232323232,1.0
config_B_high_mut,6,17,99.88074127312494,88.2059939253273,43.845454545454544,1.0
config_B_high_mut,6,18,99.88074127312494,87.62031170631617,44.66262626262626,1.0
config_B_high_mut,6,19,99.88074127312494,85.8833120919226,43.826262626262626,1.0
config_B_high_mut,6,20,99.88074127312494,85.49632781704591,43.4559595959596,1.0
config_B_high_mut,6,21,99.88074127312494,88.38936940237456,43.682626262626265,1.0
config_B_high_mut,6,22,99.88074127312494,87.0046035426879,44.10888888888889,1.0
config_B_high_mut,6,23,99.88074127312494,86.22521589801822,44.0179797979798,1.0
config_B_high_mut,6,24,99.88074127312494,85.3458238955514,43.98747474747475,1.0
config_B_high_mut,6,25,99.88074127312494,85.85303881542644,44.28181818181818,1.0
config_B_high_mut,6,26,99.88074127312494,86.35557473412118,43.98646464646465,1.0
config_B_high_mut,6,27,99.88074127312494,86.20375205467165,43.19050505050505,1.0
config_B_high_mut,6,28,99.88074127312494,87.74463811550304,43.26444444444444,1.0
config_B_high_mut,6,29,99.88074127312494,86.60980249360944,43.51232323232323,1.0
config_B_high_mut,6,30,99.88074127312494,86.67060457021358,43.4189898989899,1.0
config_B_high_mut,6,31,99.88074127312494,86.46630041677929,42.34848484848485,1.0
config_B_high_mut,6,32,99.88074127312494,85.79670968497152,42.25494949494949,1.0
config_B_high_mut,6,33,99.88074127312494,84.87966928173742,43.2030303030303,1.0
config_B_high_mut,6,34,99.88074127312494,85.1347947546245,43.894141414141416,1.0
config_B_high_mut,6,35,99.88074127312494,85.442483258586,44.43333333333333,1.0
config_B_high_mut,6,36,99.88074127312494,86.54987403109743,44.26808080808081,1.0
config_B_high_mut,6,37,99.88074127312494,86.11951006694049,44.66626262626263,1.0
config_B_high_mut,6,38,99.88937873823886,87.45135123619598,44.49090909090909,1.0
config_B_high_mut,6,39,99.88937873823886,86.71122118335485,44.03232323232323,1.0
config_B_high_mut,6,40,99.88937873823886,86.69284236825523,43.80868686868687,1.0
config_B_high_mut,6,41,99.88937873823886,86.75919960620551,44.04464646464646,1.0
config_B_high_mut,6,42,99.88937873823886,86.63579154554853,43.78808080808081,1.0
config_B_high_mut,6,43,99.88937873823886,86.84322299018875,43.60909090909091,1.0
config_B_high_mut,6,44,99.88937873823886,86.38742858496371,44.00242424242424,1.0
config_B_high_mut,6,45,99.88937873823886,87.06919385252915,44.157575757575756,1.0
config_B_high_mut,6,46,99.88937873823886,87.26007620687199,44.14464646464646,1.0
config_B_high_mut,6,47,99.88937873823886,87.18312684490469,43.75919191919192,1.0
config_B_high_mut,6,48,99.88937873823886,87.83355489463531,43.38565656565657,1.0
config_B_high_mut,6,49,99.88937873823886,87.32695998757072,43.94060606060606,1.0
config_B_high_mut,6,50,99.88937873823886,87.89164920153155,44.225656565656564,1.0
config_B_high_mut,7,0,94.36670872341519,66.95786144576888,47.51252525252525,1.0
config_B_high_mut,7,1,94.36670872341519,66.95786144576888,47.51252525252525,1.0
config_B_high_mut,7,2,94.53159635434811,74.37720109943271,47.04,1.0
config_B_high_mut,7,3,95.1958652357349,79.55061789054098,46.515151515151516,1.0
config_B_high_mut,7,4,96.46912124275539,83.82017322018356,45.945454545454545,1.0
config_B_high_mut,7,5,96.46912124275539,83.2627577907461,45.90060606060606,1.0
config_B_high_mut,7,6,99.8240670604093,83.88841596240792,45.76828282828283,1.0
config_B_high_mut,7,7,99.8240670604093,84.6350045502326,44.943030303030305,1.0
config_B_high_mut,7,8,99.8240670604093,86.45795053976664,44.62707070707071,1.0
config_B_high_mut,7,9,99.8240670604093,87.50231169443437,44.84565656565657,1.0
config_B_high_mut,7,10,99.8240670604093,85.66425921285905,44.95090909090909,1.0
config_B_high_mut,7,11,99.82734864551271,86.64144097625227,45.124242424242425,1.0
config_B_high_mut,7,12,99.82734864551271,85.68480565982242,45.22343434343434,1.0
config_B_high_mut,7,13,99.82912124275539,87.59340413017941,45.030707070707074,1.0
config_B_high_mut,7,14,99.82912124275539,87.1753866008888,44.96828282828283,1.0
config_B_high_mut,7,15,99.82912124275539,87.77381552955072,44.76444444444444,1.0
config_B_high_mut,7,16,99.86043313696946,86.58564455723759,44.45535353535354,1.0
config_B_high_mut,7,17,99.87004048648981,88.08375210671855,44.26060606060606,1.0
config_B_high_mut,7,18,99.8708110533888,86.97588779090735,44.18525252525252,1.0
config_B_high_mut,7,19,99.87491652387985,87.5446536651508,44.76080808080808,1.0
config_B_high_mut,7,20,99.87491652387985,87.03442689084515,45.09232323232323,1.0
config_B_high_mut,7,21,99.87491652387985,86.89158955834837,44.81717171717172,1.0
config_B_high_mut,7,22,99.87491652387985,87.49640430979616,44.597373737373736,1.0
config_B_high_mut,7,23,99.87491652387985,88.22050594175839,44.44343434343434,1.0
config_B_high_mut,7,24,99.87491652387985,87.00118522816818,44.26888888888889,1.0
config_B_high_mut,7,25,99.87491652387985,87.76497121147914,43.42484848484848,1.0
config_B_high_mut,7,26,99.87618810595069,88.31932782891572,43.20020202020202,1.0
config_B_high_mut,7,27,99.87618810595069,86.57160897303363,43.63010101010101,1.0
config_B_high_mut,7,28,99.87618810595069,86.99088521574846,43.89050505050505,1.0
config_B_high_mut,7,29,99.87618810595069,87.37566995041865,43.62343434343434,1.0
config_B_high_mut,7,30,99.87618810595069,87.86760222875742,43.97373737373737,1.0
config_B_high_mut,7,31,99.87618810595069,87.53717320231831,43.35111111111111,1.0
config_B_high_mut,7,32,99.87618810595069,88.398194551623,43.62040404040404,1.0
config_B_high_mut,7,33,99.87618810595069,88.47536690715786,43.83858585858586,1.0
config_B_high_mut,7,34,99.88074127312494,88.59861106782029,43.87838383838384,1.0
config_B_high_mut,7,35,99.88074127312494,87.99501783206618,43.938383838383835,1.0
config_B_high_mut,7,36,99.88074127312494,87.22584284935711,44.43575757575758,1.0
config_B_high_mut,7,37,99.88074127312494,85.7863129324752,44.49030303030303,1.0
config_B_high_mut,7,38,99.88074127312494,85.90169664295382,44.35030303030303,1.0
config_B_high_mut,7,39,99.88074127312494,85.2862597226584,44.0,1.0
config_B_high_mut,7,40,99.88074127312494,85.9352801896583,43.534747474747476,1.0
config_B_high_mut,7,41,99.88074127312494,85.30920063223108,44.14484848484849,1.0
config_B_high_mut,7,42,99.88547258525524,87.551448222609,44.15313131313131,1.0
config_B_high_mut,7,43,99.88547258525524,86.63170556283747,44.25515151515152,1.0
config_B_high_mut,7,44,99.88547258525524,85.13008753198838,44.17717171717172,1.0
config_B_high_mut,7,45,99.88547258525524,85.04584377458735,44.86020202020202,1.0
config_B_high_mut,7,46,99.88547258525524,85.15529663289617,44.6769696969697,1.0
config_B_high_mut,7,47,99.90859343727954,86.2724504092899,44.73717171717172,1.0
config_B_high_mut,7,48,99.90859343727954,85.17152743735878,44.00242424242424,1.0
config_B_high_mut,7,49,99.90859343727954,85.11717680014954,44.216767676767674,1.0
config_B_high_mut,7,50,99.90859343727954,85.66840095501253,44.05717171717172,1.0
config_B_high_mut,8,0,95.51034862264528,65.26296222595333,47.47757575757576,1.0
config_B_high_mut,8,1,95.51034862264528,65.26296222595333,47.47757575757576,1.0
config_B_high_mut,8,2,95.51034862264528,72.12928827118974,47.04303030303031,1.0
config_B_high_mut,8,3,99.8176282729391,78.6894909318222,46.653939393939396,1.0
config_B_high_mut,8,4,99.8176282729391,80.81596384251242,45.98444444444444,1.0
config_B_high_mut,8,5,99.88278342209478,84.34972159439607,45.73979797979798,1.0
config_B_high_mut,8,6,99.88278342209478,86.09028906017369,45.153535353535354,1.0
config_B_high_mut,8,7,99.88278342209478,84.43163907597157,44.96969696969697,1.0
config_B_high_mut,8,8,99.88278342209478,84.4813217764149,45.273131313131316,1.0
config_B_high_mut,8,9,99.88278342209478,85.75658225471629,45.10242424242424,1.0
config_B_high_mut,8,10,99.88278342209478,86.68427912228826,44.826868686868686,1.0
config_B_high_mut,8,11,99.88278342209478,87.31650958927501,44.378787878787875,1.0
config_B_high_mut,8,12,99.88278342209478,86.45558587273437,44.275757575757574,1.0
config_B_high_mut,8,13,99.88278342209478,85.70660317541883,43.93575757575758,1.0
config_B_high_mut,8,14,99.88278342209478,84.55906306227467,44.558181818181815,1.0
config_B_high_mut,8,15,99.88278342209478,84.17323774721817,44.626060606060605,1.0
config_B_high_mut,8,16,99.88278342209478,84.93393663167485,44.39454545454546,1.0
config_B_high_mut,8,17,99.88278342209478,86.73661401794186,43.906262626262624,1.0
config_B_high_mut,8,18,99.88579545547103,86.42582840154752,44.05878787878788,1.0
config_B_high_mut,8,19,99.88579545547103,86.20358259122595,44.193333333333335,1.0
config_B_high_mut,8,20,99.88579545547103,86.38075034599015,44.422828282828284,1.0
config_B_high_mut,8,21,99.88579545547103,86.14409463462712,44.44383838383838,1.0
config_B_high_mut,8,22,99.88579545547103,85.69799474102086,44.90969696969697,1.0
config_B_high_mut,8,23,99.88579545547103,86.61619010286566,45.0189898989899,1.0
config_B_high_mut,8,24,99.88579545547103,85.90578185494559,44.221414141414144,1.0
config_B_high_mut,8,25,99.88579545547103,85.36905967341777,43.506262626262625,1.0
config_B_high_mut,8,26,99.88579545547103,86.45386436272481,43.22727272727273,1.0
config_B_high_mut,8,27,99.88579545547103,88.01728654794466,42.0769696969697,1.0
config_B_high_mut,8,28,99.88579545547103,89.84915312501788,42.67232323232323,1.0
config_B_high_mut,8,29,99.88579545547103,89.60069892703113,43.47676767676768,1.0
config_B_high_mut,8,30,99.88579545547103,87.74385438726611,43.89757575757576,1.0
config_B_high_mut,8,31,99.88579545547103,88.91785912974112,44.0030303030303,1.0
config_B_high_mut,8,32,99.88579545547103,87.86017199286995,44.29575757575758,1.0
config_B_high_mut,8,33,99.88579545547103,88.45918192029175,43.84989898989899,1.0
config_B_high_mut,8,34,99.88579545547103,86.70011069694345,43.71454545454545,1.0
config_B_high_mut,8,35,99.88579545547103,87.11829150403308,43.71313131313131,1.0
config_B_high_mut,8,36,99.88579545547103,87.58136299068298,43.24121212121212,1.0
config_B_high_mut,8,37,99.88579545547103,87.16710707691993,43.527676767676766,1.0
config_B_high_mut,8,38,99.88579545547103,86.65978600910319,43.306060606060605,1.0
config_B_high_mut,8,39,99.88579545547103,85.38941294215249,43.78949494949495,1.0
config_B_high_mut,8,40,99.88579545547103,86.93561149705069,43.5850505050505,1.0
config_B_high_mut,8,41,99.88579545547103,86.47799239129901,43.965050505050506,1.0
config_B_high_mut,8,42,99.88579545547103,86.25050279396788,44.44525252525253,1.0
config_B_high_mut,8,43,99.88733658926901,87.36076839752178,44.19313131313131,1.0
config_B_high_mut,8,44,99.88733658926901,86.48897165262356,44.12828282828283,1.0
config_B_high_mut,8,45,99.88733658926901,87.15315231293181,43.85151515151515,1.0
config_B_high_mut,8,46,99.88733658926901,87.0147299441385,44.540808080808084,1.0
config_B_high_mut,8,47,99.88733658926901,87.10855637956902,45.015151515151516,1.0
config_B_high_mut,8,48,99.88733658926901,87.2599397536641,44.97959595959596,1.0
config_B_high_mut,8,49,99.88733658926901,86.8178331737542,44.48747474747475,1.0
config_B_high_mut,8,50,99.89034862264528,86.97379215201508,44.82181818181818,1.0
config_B_high_mut,9,0,90.4963950866777,64.77975387973157,47.47939393939394,1.0
config_B_high_mut,9,1,90.4963950866777,64.77975387973157,47.47939393939394,1.0
config_B_high_mut,9,2,94.92742267385192,73.49619652391411,46.96,1.0
config_B_high_mut,9,3,95.60912721854564,77.0579469603404,46.32545454545455,1.0
config_B_high_mut,9,4,95.60912721854564,80.41875650508254,45.8240404040404,1.0
config_B_high_mut,9,5,96.3658282215653,82.98685435608178,45.36646464646465,1.0
config_B_high_mut,9,6,99.79825704522453,85.06023093308005,44.9010101010101,1.0
config_B_high_mut,9,7,99.79825704522453,86.07519328382612,44.49111111111111,1.0
config_B_high_mut,9,8,99.83917628895894,86.37179796011105,44.126060606060605,1.0
config_B_high_mut,9,9,99.83917628895894,85.8040305891466,43.08767676767677,1.0
config_B_high_mut,9,10,99.83917628895894,86.83540094757672,44.277979797979796,1.0
config_B_high_mut,9,11,99.87414595698085,88.51129156803928,43.79151515151515,1.0
config_B_high_mut,9,12,99.87414595698085,88.25998284156839,43.57151515151515,1.0
config_B_high_mut,9,13,99.8779285572561,89.60036512764017,43.55070707070707,1.0
config_B_high_mut,9,14,99.8829827396022,88.81415555462348,44.10121212121212,1.0
config_B_high_mut,9,15,99.8829827396022,88.85469749542035,44.187474747474745,1.0
config_B_high_mut,9,16,99.8829827396022,88.7223870315997,44.05919191919192,1.0
config_B_high_mut,9,17,99.8829827396022,88.53564523257539,44.13717171717172,1.0
config_B_high_mut,9,18,99.90276868803446,88.70696551407437,43.833333333333336,1.0
config_B_high_mut,9,19,99.90276868803446,87.98987504400182,43.17232323232323,1.0
config_B_high_mut,9,20,99.90276868803446,87.14821511412771,43.205858585858586,1.0
config_B_high_mut,9,21,99.90276868803446,88.28258034006922,42.51737373737374,1.0
config_B_high_mut,9,22,99.90276868803446,87.38850697687477,42.15070707070707,1.0
config_B_high_mut,9,23,99.90276868803446,89.61122418468891,43.09151515151515,1.0
config_B_high_mut,9,24,99.90276868803446,88.16975168055164,42.88686868686869,1.0
config_B_high_mut,9,25,99.90276868803446,87.93493472067009,43.16020202020202,1.0
config_B_high_mut,9,26,99.90276868803446,88.01240167516893,43.473535353535354,1.0
config_B_high_mut,9,27,99.90276868803446,88.12406784665298,43.794747474747474,1.0
config_B_high_mut,9,28,99.90276868803446,87.47894544271936,43.19959595959596,1.0
config_B_high_mut,9,29,99.90276868803446,85.94579854707771,43.07515151515152,1.0
config_B_high_mut,9,30,99.90276868803446,87.15507773373696,43.154545454545456,1.0
config_B_high_mut,9,31,99.90276868803446,85.94745263925161,43.633131313131315,1.0
config_B_high_mut,9,32,99.90276868803446,85.03237600783378,44.12565656565656,1.0
config_B_high_mut,9,33,99.90276868803446,85.05531911411492,44.1,1.0
config_B_high_mut,9,34,99.90276868803446,84.91250938094308,44.62080808080808,1.0
config_B_high_mut,9,35,99.90276868803446,85.6077244487168,43.98383838383838,1.0
config_B_high_mut,9,36,99.90276868803446,85.74339643257045,43.79858585858586,1.0
config_B_high_mut,9,37,99.90276868803446,85.43950265426074,43.47191919191919,1.0
config_B_high_mut,9,38,99.90276868803446,84.97836414692095,43.09191919191919,1.0
config_B_high_mut,9,39,99.90276868803446,85.0177705336581,44.21111111111111,1.0
config_B_high_mut,9,40,99.90276868803446,87.2839428916522,43.967474747474746,1.0
config_B_high_mut,9,41,99.90276868803446,84.3255187763736,44.894747474747476,1.0
config_B_high_mut,9,42,99.90276868803446,84.73465438937659,44.602222222222224,1.0
config_B_high_mut,9,43,99.90276868803446,86.38969081659948,44.26222222222222,1.0
config_B_high_mut,9,44,99.90276868803446,85.30589996366096,44.22828282828283,1.0
config_B_high_mut,9,45,99.90276868803446,85.39048978066523,44.17474747474748,1.0
config_B_high_mut,9,46,99.90276868803446,85.63381175337749,43.91858585858586,1.0
config_B_high_mut,9,47,99.90276868803446,85.37898162539791,43.73616161616162,1.0
config_B_high_mut,9,48,99.90276868803446,84.53029693360878,43.645656565656566,1.0
config_B_high_mut,9,49,99.90276868803446,86.71151606546644,43.58141414141414,1.0
config_B_high_mut,9,50,99.90276868803446,87.61760099307537,43.04,1.0
config_B_high_mut,10,0,94.36104029297272,66.45329606216455,47.49515151515151,1.0
config_B_high_mut,10,1,94.36104029297272,66.45329606216455,47.49515151515151,1.0
config_B_high_mut,10,2,94.36104029297272,76.09792322515182,46.92505050505051,1.0
config_B_high_mut,10,3,94.36104029297272,79.4492277658731,46.34040404040404,1.0
config_B_high_mut,10,4,99.83290384303065,82.8099123971211,45.98080808080808,1.0
config_B_high_mut,10,5,99.83290384303065,84.13860179018008,45.86464646464646,1.0
config_B_high_mut,10,6,99.83290384303065,85.49248387581727,45.626060606060605,1.0
config_B_high_mut,10,7,99.83290384303065,86.36252159466642,45.209494949494946,1.0
config_B_high_mut,10,8,99.86344517034573,87.17501391726924,44.975959595959594,1.0
config_B_high_mut,10,9,99.86625788621456,86.3846539460477,44.36606060606061,1.0
config_B_high_mut,10,10,99.86625788621456,86.74046244680503,44.323838383838385,1.0
config_B_high_mut,10,11,99.86625788621456,87.77152381393627,43.807878787878785,1.0
config_B_high_mut,10,12,99.86625788621456,86.75546856310861,44.09131313131313,1.0
config_B_high_mut,10,13,99.86625788621456,85.85141694002455,44.209494949494946,1.0
config_B_high_mut,10,14,99.86625788621456,86.7828812666492,44.36363636363637,1.0
config_B_high_mut,10,15,99.86625788621456,87.38254876795177,44.404444444444444,1.0
config_B_high_mut,10,16,99.86625788621456,88.97839054894206,44.093333333333334,1.0
config_B_high_mut,10,17,99.87977138871851,88.7822139776284,44.264848484848486,1.0
config_B_high_mut,10,18,99.87977138871851,87.13347607279098,44.457373737373736,1.0
config_B_high_mut,10,19,99.88278342209478,88.97017468459009,44.24686868686869,1.0
config_B_high_mut,10,20,99.88278342209478,88.44349371945917,44.90161616161616,1.0
config_B_high_mut,10,21,99.88278342209478,87.13219788758916,44.907474747474744,1.0
config_B_high_mut,10,22,99.88278342209478,85.55346629118601,44.85656565656566,1.0
config_B_high_mut,10,23,99.88278342209478,85.41565484268162,44.714141414141416,1.0
config_B_high_mut,10,24,99.88278342209478,86.9739565900531,44.56080808080808,1.0
config_B_high_mut,10,25,99.88278342209478,87.07777581541762,44.36646464646465,1.0
config_B_high_mut,10,26,99.88278342209478,87.33660818212508,43.965656565656566,1.0
config_B_high_mut,10,27,99.88278342209478,86.99853441342353,44.27050505050505,1.0
config_B_high_mut,10,28,99.88278342209478,84.96426800467515,43.965858585858584,1.0
config_B_high_mut,10,29,99.88278342209478,86.20253677326038,44.226868686868684,1.0
config_B_high_mut,10,30,99.88278342209478,86.19022900356053,44.59070707070707,1.0
config_B_high_mut,10,31,99.88278342209478,88.94644551012505,43.568888888888885,1.0
config_B_high_mut,10,32,99.88278342209478,88.10235561275633,43.654545454545456,1.0
config_B_high_mut,10,33,99.88278342209478,87.42129496321881,43.64989898989899,1.0
config_B_high_mut,10,34,99.88278342209478,88.15672644246453,42.96424242424242,1.0
config_B_high_mut,10,35,99.88278342209478,88.02170654497593,42.48686868686869,1.0
config_B_high_mut,10,36,99.88278342209478,86.23190358404328,42.30929292929293,1.0
config_B_high_mut,10,37,99.88656602237002,87.64097699718916,42.937171717171715,1.0
config_B_high_mut,10,38,99.88656602237002,87.4900970185412,43.43737373737374,1.0
config_B_high_mut,10,39,99.88656602237002,85.7778826762301,44.3230303030303,1.0
config_B_high_mut,10,40,99.88656602237002,85.34439185464886,44.261818181818185,1.0
config_B_high_mut,10,41,99.88656602237002,86.18838625585353,44.50848484848485,1.0
config_B_high_mut,10,42,99.88656602237002,86.39448424368123,44.70909090909091,1.0
config_B_high_mut,10,43,99.88656602237002,86.3475047590627,44.518787878787876,1.0
config_B_high_mut,10,44,99.88656602237002,85.29362293971111,44.82606060606061,1.0
config_B_high_mut,10,45,99.88656602237002,84.46646030932533,44.438383838383835,1.0
config_B_high_mut,10,46,99.8989860877592,86.79915157863766,43.924646464646464,1.0
config_B_high_mut,10,47,99.8989860877592,85.5009537740429,44.164040404040406,1.0
config_B_high_mut,10,48,99.8989860877592,85.40754820774832,44.3010101010101,1.0
config_B_high_mut,10,49,99.8989860877592,86.20390597920174,43.48020202020202,1.0
config_B_high_mut,10,50,99.8989860877592,86.03770516301627,43.50949494949495,1.0
config_B_high_mut,11,0,93.39410139676228,66.99171133489564,47.49333333333333,1.0
config_B_high_mut,11,1,93.39410139676228,66.99171133489564,47.49333333333333,1.0
config_B_high_mut,11,2,94.62662263883229,74.33564238931663,46.82727272727273,1.0
config_B_high_mut,11,3,95.09070693677195,76.28395496691834,46.191515151515155,1.0
config_B_high_mut,11,4,95.94192677061287,81.49659479339245,45.80444444444444,1.0
config_B_high_mut,11,5,95.94192677061287,82.35774194458307,45.60929292929293,1.0
config_B_high_mut,11,6,95.94192677061287,84.0152196462334,45.278585858585856,1.0
config_B_high_mut,11,7,96.4737761540698,85.52611794941406,45.12060606060606,1.0
config_B_high_mut,11,8,96.4737761540698,83.90619392008098,45.230909090909094,1.0
config_B_high_mut,11,9,96.4737761540698,83.45850757267623,44.91656565656566,1.0
config_B_high_mut,11,10,99.71195807111161,83.56935360570237,45.20545454545454,1.0
config_B_high_mut,11,11,99.83840572205995,86.01925617091902,45.089696969696966,1.0
config_B_high_mut,11,12,99.83840572205995,86.09467629427371,44.83737373737374,1.0
config_B_high_mut,11,13,99.84500103820403,86.82547202088455,44.835959595959594,1.0
config_B_high_mut,11,14,99.84500103820403,86.14371390970679,45.05050505050505,1.0
config_B_high_mut,11,15,99.84500103820403,86.74705683986615,44.782222222222224,1.0
config_B_high_mut,11,16,99.84500103820403,85.57308957892434,44.8559595959596,1.0
config_B_high_mut,11,17,99.84500103820403,85.9865068439847,45.08141414141414,1.0
config_B_high_mut,11,18,99.84500103820403,85.9023888107665,45.214141414141416,1.0
config_B_high_mut,11,19,99.87541753905168,87.86596622082067,45.13939393939394,1.0
config_B_high_mut,11,20,99.87541753905168,87.65441292267568,44.52565656565657,1.0
config_B_high_mut,11,21,99.87541753905168,87.15389761648728,44.34747474747475,1.0
config_B_high_mut,11,22,99.87541753905168,86.67574391873656,44.24,1.0
config_B_high_mut,11,23,99.87541753905168,88.133639671953,44.40868686868687,1.0
config_B_high_mut,11,24,99.88579545547103,87.10417610115903,44.597373737373736,1.0
config_B_high_mut,11,25,99.88579545547103,86.69073253023622,44.4779797979798,1.0
config_B_high_mut,11,26,99.88579545547103,86.9500452899104,44.08707070707071,1.0
config_B_high_mut,11,27,99.88579545547103,86.80064536111148,43.94828282828283,1.0
config_B_high_mut,11,28,99.89206790139932,87.72772312535476,44.112323232323234,1.0
config_B_high_mut,11,29,99.89206790139932,87.53607965130966,43.92808080808081,1.0
config_B_high_mut,11,30,99.89206790139932,87.33603010626412,44.14585858585858,1.0
config_B_high_mut,11,31,99.89206790139932,88.65445120545635,44.38141414141414,1.0
config_B_high_mut,11,32,99.89206790139932,89.16233011254528,44.01010101010101,1.0
config_B_high_mut,11,33,99.89206790139932,87.88345749866772,43.823232323232325,1.0
config_B_high_mut,11,34,99.89206790139932,88.29258709091644,44.27717171717172,1.0
config_B_high_mut,11,35,99.89206790139932,87.38376855362088,44.79919191919192,1.0
config_B_high_mut,11,36,99.89206790139932,88.38899608828623,44.720808080808084,1.0
config_B_high_mut,11,37,99.89206790139932,86.85776200951373,45.10484848484848,1.0
config_B_high_mut,11,38,99.89206790139932,84.99018135421322,45.39434343434343,1.0
config_B_high_mut,11,39,99.89206790139932,87.05903202785093,44.99959595959596,1.0
config_B_high_mut,11,40,99.89206790139932,86.37529913935205,44.861414141414144,1.0
config_B_high_mut,11,41,99.89206790139932,87.51616089731384,44.74181818181818,1.0
config_B_high_mut,11,42,99.89206790139932,86.72120177334206,44.725050505050504,1.0
config_B_high_mut,11,43,99.89206790139932,86.94019118473172,44.43737373737374,1.0
config_B_high_mut,11,44,99.89206790139932,88.2574278952493,43.72040404040404,1.0
config_B_high_mut,11,45,99.89206790139932,87.41912377847217,43.95212121212121,1.0
config_B_high_mut,11,46,99.89206790139932,86.89301599127396,43.28868686868687,1.0
config_B_high_mut,11,47,99.89206790139932,86.92433508135895,43.07050505050505,1.0
config_B_high_mut,11,48,99.89206790139932,86.56845193281428,43.634343434343435,1.0
config_B_high_mut,11,49,99.89206790139932,88.46985617738743,43.49959595959596,1.0
config_B_high_mut,11,50,99.89206790139932,87.03317436178604,42.64343434343434,1.0
config_B_high_mut,12,0,96.04735132332934,68.75011083675143,47.50727272727273,1.0
config_B_high_mut,12,1,96.04735132332934,68.75011083675143,47.50727272727273,1.0
config_B_high_mut,12,2,96.04735132332934,75.2632011000003,46.99979797979798,1.0
config_B_high_mut,12,3,96.04735132332934,77.99612753893568,46.395353535353536,1.0
config_B_high_mut,12,4,96.04735132332934,81.2810924102544,45.48808080808081,1.0
config_B_high_mut,12,5,96.04735132332934,82.41791717299915,45.15777777777778,1.0
config_B_high_mut,12,6,96.35367803583786,83.87027275972429,45.16989898989899,1.0
config_B_high_mut,12,7,96.35367803583786,85.60943983971465,45.037373737373734,1.0
config_B_high_mut,12,8,99.85211854207134,85.49691636285186,44.944848484848485,1.0
config_B_high_mut,12,9,99.86421573724472,86.62989562276374,44.45757575757576,1.0
config_B_high_mut,12,10,99.86421573724472,87.64103869137638,44.822626262626265,1.0
config_B_high_mut,12,11,99.86421573724472,88.0165477653495,44.8569696969697,1.0
config_B_high_mut,12,12,99.86421573724472,85.6887124371841,44.667272727272724,1.0
config_B_high_mut,12,13,99.86421573724472,88.2744418164246,44.89212121212121,1.0
config_B_high_mut,12,14,99.87016403919816,87.1098596424525,44.5779797979798,1.0
config_B_high_mut,12,15,99.87317607257442,87.08580145709284,44.1189898989899,1.0
config_B_high_mut,12,16,99.87317607257442,87.64949830205904,44.7,1.0
config_B_high_mut,12,17,99.87317607257442,88.38571445748121,44.6440404040404,1.0
config_B_high_mut,12,18,99.88579545547103,87.29717971417585,44.81757575757576,1.0
config_B_high_mut,12,19,99.88579545547103,86.79546200890638,44.6389898989899,1.0
config_B_high_mut,12,20,99.88579545547103,86.67516761290655,44.73434343434344,1.0
config_B_high_mut,12,21,99.88579545547103,85.18800552024558,44.91676767676768,1.0
config_B_high_mut,12,22,99.88579545547103,86.51606144892308,45.17353535353536,1.0
config_B_high_mut,12,23,99.90782287038054,87.17635438350175,44.837171717171714,1.0
config_B_high_mut,12,24,99.90782287038054,86.32556600751683,44.78424242424242,1.0
config_B_high_mut,12,25,99.90782287038054,87.13681743715719,44.37474747474747,1.0
config_B_high_mut,12,26,99.90782287038054,87.00275810081827,44.26343434343434,1.0
config_B_high_mut,12,27,99.90782287038054,86.93743012468711,44.47757575757576,1.0
config_B_high_mut,12,28,99.90782287038054,86.2414636826686,44.44343434343434,1.0
config_B_high_mut,12,29,99.90782287038054,85.47088982547497,43.97878787878788,1.0
config_B_high_mut,12,30,99.90782287038054,84.54424995557521,44.40121212121212,1.0
config_B_high_mut,12,31,99.90782287038054,84.84445860987942,44.28989898989899,1.0
config_B_high_mut,12,32,99.90782287038054,86.87383267957486,42.47555555555556,1.0
config_B_high_mut,12,33,99.90782287038054,85.4296359394814,43.315555555555555,1.0
config_B_high_mut,12,34,99.90782287038054,84.6693470664158,43.89070707070707,1.0
config_B_high_mut,12,35,99.90782287038054,86.33957682823551,43.18848484848485,1.0
config_B_high_mut,12,36,99.90782287038054,86.76252232039543,43.713737373737374,1.0
config_B_high_mut,12,37,99.90782287038054,85.28740009400977,44.64282828282828,1.0
config_B_high_mut,12,38,99.90782287038054,83.79086522116962,44.61939393939394,1.0
config_B_high_mut,12,39,99.90782287038054,85.25944491758875,44.657171717171714,1.0
config_B_high_mut,12,40,99.90782287038054,86.25400925983611,44.352525252525254,1.0
config_B_high_mut,12,41,99.90782287038054,87.11070753798408,43.73717171717172,1.0
config_B_high_mut,12,42,99.90782287038054,86.91441281195044,43.487878787878785,1.0
config_B_high_mut,12,43,99.90782287038054,85.4112167909639,42.75939393939394,1.0
config_B_high_mut,12,44,99.90782287038054,86.06216513201896,42.87595959595959,1.0
config_B_high_mut,12,45,99.90782287038054,84.20694997847933,42.25252525252525,1.0
config_B_high_mut,12,46,99.90782287038054,84.88049235961256,43.54242424242424,1.0
config_B_high_mut,12,47,99.90782287038054,82.86719696004339,43.646868686868686,1.0
config_B_high_mut,12,48,99.90782287038054,84.93558933049604,44.093939393939394,1.0
config_B_high_mut,12,49,99.90782287038054,85.51429818578949,44.54767676767677,1.0
config_B_high_mut,12,50,99.90782287038054,86.32630257805079,43.906868686868684,1.0
config_B_high_mut,13,0,93.13700323306826,67.15931105556025,47.47070707070707,1.0
config_B_high_mut,13,1,93.13700323306826,67.15931105556025,47.47070707070707,1.0
config_B_high_mut,13,2,95.35665965300188,76.1652315773035,46.86161616161616,1.0
config_B_high_mut,13,3,95.35665965300188,79.6507506042056,46.36545454545455,1.0
config_B_high_mut,13,4,95.68152657408424,80.60780578152603,45.88545454545454,1.0
config_B_high_mut,13,5,95.68152657408424,81.9236975556457,45.794141414141414,1.0
config_B_high_mut,13,6,95.68152657408424,80.52558676827645,45.99979797979798,1.0
config_B_high_mut,13,7,95.9208839741701,82.71756030547846,45.5779797979798,1.0
config_B_high_mut,13,8,95.9208839741701,83.29824469861892,45.39575757575758,1.0
config_B_high_mut,13,9,96.46863334932286,84.8137298452689,45.403636363636366,1.0
config_B_high_mut,13,10,96.46863334932286,84.95190134594495,45.35818181818182,1.0
config_B_high_mut,13,11,96.46863334932286,83.59069924722344,45.60626262626263,1.0
config_B_high_mut,13,12,99.83668644330591,83.07732616090325,45.62060606060606,1.0
config_B_high_mut,13,13,99.83668644330591,84.63361793918666,45.25272727272727,1.0
config_B_high_mut,13,14,99.86678007393778,84.2931723297458,45.31757575757576,1.0
config_B_high_mut,13,15,99.86678007393778,85.21781270059373,45.39434343434343,1.0
config_B_high_mut,13,16,99.86832120773576,85.45902712066807,45.11818181818182,1.0
config_B_high_mut,13,17,99.86832120773576,86.79399304737457,44.92808080808081,1.0
config_B_high_mut,13,18,99.86832120773576,86.57184072871104,44.48646464646465,1.0
config_B_high_mut,13,19,99.8982155208602,86.6613646657011,44.38383838383838,1.0
config_B_high_mut,13,20,99.8982155208602,86.59238305219249,44.012121212121215,1.0
config_B_high_mut,13,21,99.8982155208602,85.85652074303219,44.52080808080808,1.0
config_B_high_mut,13,22,99.8982155208602,86.8940039225657,44.62646464646465,1.0
config_B_high_mut,13,23,99.8982155208602,87.19984640023073,44.32242424242424,1.0
config_B_high_mut,13,24,99.8982155208602,88.50283873989342,44.0379797979798,1.0
config_B_high_mut,13,25,99.8982155208602,88.78873607797658,44.252929292929295,1.0
config_B_high_mut,13,26,99.8982155208602,86.77166186093233,44.20444444444445,1.0
config_B_high_mut,13,27,99.8982155208602,86.91024974760208,44.39434343434343,1.0
config_B_high_mut,13,28,99.8982155208602,85.65314533608016,44.72808080808081,1.0
config_B_high_mut,13,29,99.8982155208602,88.25864319777176,44.585454545454546,1.0
config_B_high_mut,13,30,99.8982155208602,88.04911840367693,44.47757575757576,1.0
config_B_high_mut,13,31,99.8982155208602,87.5706173612983,44.393535353535356,1.0
config_B_high_mut,13,32,99.8982155208602,88.6041346147851,43.994343434343435,1.0
config_B_high_mut,13,33,99.8982155208602,87.93718400473357,43.29676767676768,1.0
config_B_high_mut,13,34,99.8982155208602,86.61380464224277,43.708888888888886,1.0
config_B_high_mut,13,35,99.8982155208602,85.8894729753287,44.02929292929293,1.0
config_B_high_mut,13,36,99.8982155208602,85.82458826342364,44.07313131313131,1.0
config_B_high_mut,13,37,99.8982155208602,86.2302909650575,44.31111111111111,1.0
config_B_high_mut,13,38,99.8982155208602,87.65722114562978,44.27414141414141,1.0
config_B_high_mut,13,39,99.91665965300189,88.17077389370061,44.42505050505051,1.0
config_B_high_mut,13,40,99.91665965300189,86.83245980728641,44.08323232323232,1.0
config_B_high_mut,13,41,99.91665965300189,87.02465069575014,43.36949494949495,1.0
config_B_high_mut,13,42,99.91665965300189,86.19909541956908,43.094343434343436,1.0
config_B_high_mut,13,43,99.91665965300189,87.52301368403421,43.40707070707071,1.0
config_B_high_mut,13,44,99.91665965300189,86.7785140792582,43.361414141414144,1.0
config_B_high_mut,13,45,99.91665965300189,88.24969412677436,43.77454545454545,1.0
config_B_high_mut,13,46,99.91665965300189,88.52128503684145,43.7830303030303,1.0
config_B_high_mut,13,47,99.91665965300189,87.52524961556213,44.137373737373736,1.0
config_B_high_mut,13,48,99.91665965300189,86.73640818604709,44.63050505050505,1.0
config_B_high_mut,13,49,99.91665965300189,85.3073689009594,44.46606060606061,1.0
config_B_high_mut,13,50,99.91665965300189,85.35377603883637,44.93454545454546,1.0
config_B_high_mut,14,0,96.37357626910305,68.32410627308337,47.47212121212121,1.0
config_B_high_mut,14,1,96.37357626910305,68.32410627308337,47.47212121212121,1.0
config_B_high_mut,14,2,96.37357626910305,74.3206214979798,47.001414141414145,1.0
config_B_high_mut,14,3,96.37357626910305,78.96298602450887,46.48909090909091,1.0
config_B_high_mut,14,4,96.37357626910305,81.22048597651299,45.91616161616162,1.0
config_B_high_mut,14,5,96.37357626910305,83.47611812167996,45.2650505050505,1.0
config_B_high_mut,14,6,96.37357626910305,84.97182190219871,44.65878787878788,1.0
config_B_high_mut,14,7,96.37357626910305,84.12977557917486,44.44646464646465,1.0
config_B_high_mut,14,8,96.37357626910305,85.96650711676953,43.83373737373737,1.0
config_B_high_mut,14,9,96.3866996071075,86.41458538642539,44.105858585858584,1.0
config_B_high_mut,14,10,96.3866996071075,84.81275356587315,44.308484848484845,1.0
config_B_high_mut,14,11,99.83539368868368,85.3228267058497,44.48969696969697,1.0
config_B_high_mut,14,12,99.83539368868368,87.28187248743609,44.422828282828284,1.0
config_B_high_mut,14,13,99.83539368868368,86.67654198135287,44.91252525252525,1.0
config_B_high_mut,14,14,99.83539368868368,85.78239308324152,44.832121212121216,1.0
config_B_high_mut,14,15,99.83539368868368,86.13741929400956,44.33191919191919,1.0
config_B_high_mut,14,16,99.83539368868368,87.0219713349787,44.42040404040404,1.0
config_B_high_mut,14,17,99.83539368868368,84.86593656109905,44.8569696969697,1.0
config_B_high_mut,14,18,99.83539368868368,85.03154011148865,45.18767676767677,1.0
config_B_high_mut,14,19,99.85114865766491,86.92170434073627,45.38242424242424,1.0
config_B_high_mut,14,20,99.85114865766491,87.834186131738,45.00282828282828,1.0
config_B_high_mut,14,21,99.87016403919816,86.8948632731875,45.03171717171717,1.0
config_B_high_mut,14,22,99.87016403919816,87.8973304480928,45.186262626262625,1.0
config_B_high_mut,14,23,99.87016403919816,87.12413018277944,45.371515151515155,1.0
config_B_high_mut,14,24,99.87016403919816,88.01067593969793,45.00969696969697,1.0
config_B_high_mut,14,25,99.87016403919816,87.65301510944387,44.10969696969697,1.0
config_B_high_mut,14,26,99.87113392360459,88.91484345376628,43.77272727272727,1.0
config_B_high_mut,14,27,99.87113392360459,86.8877379427759,44.596767676767676,1.0
config_B_high_mut,14,28,99.87113392360459,86.69891466974403,44.60505050505051,1.0
config_B_high_mut,14,29,99.87113392360459,87.04257857959242,44.08585858585859,1.0
config_B_high_mut,14,30,99.87113392360459,86.39505535034795,44.70747474747475,1.0
config_B_high_mut,14,31,99.87113392360459,86.31598860658592,44.343030303030304,1.0
config_B_high_mut,14,32,99.87491652387985,85.71402460768853,44.73010101010101,1.0
config_B_high_mut,14,33,99.87491652387985,84.95099090369116,44.90888888888889,1.0
config_B_high_mut,14,34,99.87491652387985,85.5144142807236,45.258989898989896,1.0
config_B_high_mut,14,35,99.87491652387985,85.73827460420718,44.91171717171717,1.0
config_B_high_mut,14,36,99.87491652387985,85.67628215898338,44.735151515151514,1.0
config_B_high_mut,14,37,99.87491652387985,86.27157442412064,44.24060606060606,1.0
config_B_high_mut,14,38,99.87491652387985,88.24843026943178,43.681414141414145,1.0
config_B_high_mut,14,39,99.88278342209478,87.37232257862244,43.23838383838384,1.0
config_B_high_mut,14,40,99.88278342209478,86.34541097025995,43.072323232323235,1.0
config_B_high_mut,14,41,99.9100643368578,85.879365341072,43.66848484848485,1.0
config_B_high_mut,14,42,99.9100643368578,84.77096921855777,43.838181818181816,1.0
config_B_high_mut,14,43,99.9100643368578,85.1972544156983,44.04646464646465,1.0
config_B_high_mut,14,44,99.9100643368578,85.31221864161171,43.71919191919192,1.0
config_B_high_mut,14,45,99.9100643368578,87.27620426337508,44.18949494949495,1.0
config_B_high_mut,14,46,99.9100643368578,85.9425588909472,44.53636363636364,1.0
config_B_high_mut,14,47,99.9100643368578,86.51928723212937,44.405454545454546,1.0
config_B_high_mut,14,48,99.9100643368578,85.10919427486897,43.96989898989899,1.0
config_B_high_mut,14,49,99.9100643368578,86.02606387680596,44.477777777777774,1.0
config_B_high_mut,14,50,99.9100643368578,85.55865804931216,44.53878787878788,1.0
config_B_high_mut,15,0,96.25865724175316,68.04100892774395,47.4959595959596,1.0
config_B_high_mut,15,1,96.25865724175316,68.04100892774395,47.4959595959596,1.0
config_B_high_mut,15,2,96.25865724175316,75.75356744113587,46.86606060606061,1.0
config_B_high_mut,15,3,99.84609447531882,79.45511129983662,46.501414141414145,1.0
config_B_high_mut,15,4,99.84609447531882,83.49647832995657,45.85515151515151,1.0
config_B_high_mut,15,5,99.84609447531882,83.76885897702361,45.33838383838384,1.0
config_B_high_mut,15,6,99.84609447531882,84.05937992875103,44.8810101010101,1.0
config_B_high_mut,15,7,99.84609447531882,85.26102106221961,44.69959595959596,1.0
config_B_high_mut,15,8,99.84609447531882,84.50451569255141,44.50929292929293,1.0
config_B_high_mut,15,9,99.84609447531882,85.60279902187396,44.621212121212125,1.0
config_B_high_mut,15,10,99.84609447531882,86.79923606849769,44.44444444444444,1.0
config_B_high_mut,15,11,99.86421573724472,86.07491646485461,43.97858585858586,1.0
config_B_high_mut,15,12,99.8645386074605,87.54728041434784,43.13090909090909,1.0
config_B_high_mut,15,13,99.8645386074605,87.651737416621,43.74383838383839,1.0
config_B_high_mut,15,14,99.8645386074605,85.915173989508,44.19434343434344,1.0
config_B_high_mut,15,15,99.8645386074605,86.31496377554029,44.352929292929296,1.0
config_B_high_mut,15,16,99.8645386074605,86.48515490512413,44.691515151515155,1.0
config_B_high_mut,15,17,99.8645386074605,85.48627693325456,44.09939393939394,1.0
config_B_high_mut,15,18,99.8645386074605,86.10714310720734,44.34444444444444,1.0
config_B_high_mut,15,19,99.8645386074605,86.53754229163053,44.281616161616164,1.0
config_B_high_mut,15,20,99.86832120773576,88.17128632267227,43.384040404040405,1.0
config_B_high_mut,15,21,99.86832120773576,89.76670407017569,43.88545454545454,1.0
config_B_high_mut,15,22,99.86832120773576,89.29030211077308,44.123636363636365,1.0
config_B_high_mut,15,23,99.89181952222354,87.29940626278048,44.36949494949495,1.0
config_B_high_mut,15,24,99.89181952222354,87.75275528929359,44.66808080808081,1.0
config_B_high_mut,15,25,99.89181952222354,88.07976721211323,44.76141414141414,1.0
config_B_high_mut,15,26,99.89181952222354,87.240191249446,44.9220202020202,1.0
config_B_high_mut,15,27,99.89181952222354,88.10436156272725,44.72464646464646,1.0
config_B_high_mut,15,28,99.89181952222354,88.52905822568874,44.347272727272724,1.0
config_B_high_mut,15,29,99.89181952222354,88.64715740651837,44.34909090909091,1.0
config_B_high_mut,15,30,99.89181952222354,88.95765344233133,44.73010101010101,1.0
config_B_high_mut,15,31,99.89181952222354,87.2993320524533,44.63070707070707,1.0
config_B_high_mut,15,32,99.89181952222354,87.49619689176474,43.844242424242424,1.0
config_B_high_mut,15,33,99.89181952222354,87.2892640124369,44.022222222222226,1.0
config_B_high_mut,15,34,99.89181952222354,86.82711705749058,44.4159595959596,1.0
config_B_high_mut,15,35,99.89181952222354,87.36056999731369,44.413939393939394,1.0
config_B_high_mut,15,36,99.89181952222354,87.69639071633854,43.73070707070707,1.0
config_B_high_mut,15,37,99.89181952222354,87.5557365476361,44.21333333333333,1.0
config_B_high_mut,15,38,99.89181952222354,87.20220832606384,44.29313131313131,1.0
config_B_high_mut,15,39,99.89181952222354,87.56828179868977,44.60808080808081,1.0
config_B_high_mut,15,40,99.89181952222354,87.392924671796,44.62989898989899,1.0
config_B_high_mut,15,41,99.89181952222354,87.57533155306811,44.277373737373736,1.0
config_B_high_mut,15,42,99.89181952222354,85.74941703024959,44.47191919191919,1.0
config_B_high_mut,15,43,99.89181952222354,86.68905625301163,44.49212121212121,1.0
config_B_high_mut,15,44,99.89181952222354,84.85887386819729,44.67818181818182,1.0
config_B_high_mut,15,45,99.89181952222354,85.47413526367059,44.97737373737374,1.0
config_B_high_mut,15,46,99.89181952222354,84.64934793313765,45.196969696969695,1.0
config_B_high_mut,15,47,99.89181952222354,85.24067366563962,45.089696969696966,1.0
config_B_high_mut,15,48,99.89181952222354,85.7848907255524,45.32969696969697,1.0
config_B_high_mut,15,49,99.89181952222354,84.32724411789532,45.25737373737374,1.0
config_B_high_mut,15,50,99.89181952222354,83.65995469947453,44.84262626262626,1.0
config_B_high_mut,16,0,90.64962555590087,65.91391840852287,47.467070707070704,1.0
config_B_high_mut,16,1,90.64962555590087,65.91391840852287,47.467070707070704,1.0
config_B_high_mut,16,2,93.44382465702378,72.85114673829166,46.80888888888889,1.0
config_B_high_mut,16,3,95.3013986070994,77.86363511379662,46.31878787878788,1.0
config_B_high_mut,16,4,95.3013986070994,82.02769842764154,45.772525252525256,1.0
config_B_high_mut,16,5,95.3013986070994,84.78660703809645,44.94323232323232,1.0
config_B_high_mut,16,6,95.3013986070994,85.64839697413626,44.506262626262625,1.0
config_B_high_mut,16,7,95.75119615781949,85.17924436208854,44.90040404040404,1.0
config_B_high_mut,16,8,95.93080507759855,84.25549321870332,45.39757575757576,1.0
config_B_high_mut,16,9,95.93080507759855,85.43007075811336,45.157171717171714,1.0
config_B_high_mut,16,10,95.93080507759855,86.52072176987149,45.22040404040404,1.0
config_B_high_mut,16,11,95.93080507759855,85.8122853544454,45.07272727272727,1.0
config_B_high_mut,16,12,96.26453860746051,86.91370842210739,45.62888888888889,1.0
config_B_high_mut,16,13,96.26453860746051,86.70148419520541,45.29636363636364,1.0
config_B_high_mut,16,14,96.26453860746051,86.33748165950486,45.06545454545454,1.0
config_B_high_mut,16,15,96.26453860746051,85.29887450322832,44.89131313131313,1.0
config_B_high_mut,16,16,96.40452949115283,86.15500094409967,44.568888888888885,1.0
config_B_high_mut,16,17,99.84833594179608,84.86244868442283,44.84060606060606,1.0
config_B_high_mut,16,18,99.84833594179608,86.13500170303091,44.7939393939394,1.0
config_B_high_mut,16,19,99.85717272441742,88.38779613343992,44.195151515151515,1.0
config_B_high_mut,16,20,99.85717272441742,86.09156753352181,44.44464646464647,1.0
config_B_high_mut,16,21,99.89239077161511,84.63784424477598,44.56747474747475,1.0
config_B_high_mut,16,22,99.89239077161511,86.09382616756321,43.49959595959596,1.0
config_B_high_mut,16,23,99.89239077161511,86.48932113583155,43.2969696969697,1.0
config_B_high_mut,16,24,99.89239077161511,86.42818038379528,43.03717171717172,1.0
config_B_high_mut,16,25,99.89239077161511,85.17766449237706,43.45696969696969,1.0
config_B_high_mut,16,26,99.89239077161511,86.2691303855827,43.076565656565656,1.0
config_B_high_mut,16,27,99.89239077161511,87.06596988086285,43.25979797979798,1.0
config_B_high_mut,16,28,99.89239077161511,86.82271651057953,43.329292929292926,1.0
config_B_high_mut,16,29,99.89239077161511,85.57555493622647,44.01030303030303,1.0
config_B_high_mut,16,30,99.89239077161511,86.07490217700375,43.292929292929294,1.0
config_B_high_mut,16,31,99.8982155208602,84.9786453838762,42.5630303030303,1.0
config_B_high_mut,16,32,99.8982155208602,86.6303236267536,42.784444444444446,1.0
config_B_high_mut,16,33,99.8982155208602,87.30095525202985,42.82343434343434,1.0
config_B_high_mut,16,34,99.8982155208602,86.572994394335,42.713535353535356,1.0
config_B_high_mut,16,35,99.8982155208602,87.4583607485799,43.57676767676767,1.0
config_B_high_mut,16,36,99.8982155208602,84.83122876578132,44.23474747474747,1.0
config_B_high_mut,16,37,99.8982155208602,85.0003842622426,44.69858585858586,1.0
config_B_high_mut,16,38,99.8982155208602,85.53162460836288,45.08343434343434,1.0
config_B_high_mut,16,39,99.8982155208602,85.26824265957403,44.9389898989899,1.0
config_B_high_mut,16,40,99.8982155208602,84.24712140102574,45.04464646464646,1.0
config_B_high_mut,16,41,99.8982155208602,83.16487372644852,44.977777777777774,1.0
config_B_high_mut,16,42,99.8982155208602,84.4522923240807,44.60181818181818,1.0
config_B_high_mut,16,43,99.8982155208602,85.75079729194806,43.89111111111111,1.0
config_B_high_mut,16,44,99.8982155208602,86.75315116220067,43.35353535353536,1.0
config_B_high_mut,16,45,99.8982155208602,85.6969617962106,43.99979797979798,1.0
config_B_high_mut,16,46,99.8982155208602,86.88689887884101,43.60989898989899,1.0
config_B_high_mut,16,47,99.8982155208602,85.97638615223767,43.91676767676768,1.0
config_B_high_mut,16,48,99.8982155208602,86.56421361192425,44.188686868686865,1.0
config_B_high_mut,16,49,99.8982155208602,86.84538010191913,44.54585858585859,1.0
config_B_high_mut,16,50,99.8982155208602,87.41438361760602,44.09232323232323,1.0
config_B_high_mut,17,0,92.08463066783366,67.38028841167332,47.557575757575755,1.0
config_B_high_mut,17,1,92.08463066783366,67.38028841167332,47.557575757575755,1.0
config_B_high_mut,17,2,95.66330246930056,75.45982569888129,46.94828282828283,1.0
config_B_high_mut,17,3,95.66330246930056,80.99070182064351,46.14727272727273,1.0
config_B_high_mut,17,4,95.66330246930056,81.7449992916198,45.74626262626263,1.0
config_B_high_mut,17,5,99.84231187504356,82.71847338933361,45.242222222222225,1.0
config_B_high_mut,17,6,99.84231187504356,84.61237897652039,44.626666666666665,1.0
config_B_high_mut,17,7,99.84231187504356,85.1333475792795,44.052727272727275,1.0
config_B_high_mut,17,8,99.86229714098324,85.3585022079746,43.568282828282825,1.0
config_B_high_mut,17,9,99.86229714098324,88.48316909816093,43.69171717171717,1.0
config_B_high_mut,17,10,99.87163493877644,88.10750971887929,43.582424242424246,1.0
config_B_high_mut,17,11,99.87163493877644,86.03229970047096,43.82060606060606,1.0
config_B_high_mut,17,12,99.87163493877644,86.93689006646156,44.51131313131313,1.0
config_B_high_mut,17,13,99.87163493877644,86.70103467391574,44.375757575757575,1.0
config_B_high_mut,17,14,99.87163493877644,87.21138337086319,44.47939393939394,1.0
config_B_high_mut,17,15,99.87163493877644,88.39584995082299,44.37979797979798,1.0
config_B_high_mut,17,16,99.87163493877644,88.68106246242426,44.512727272727275,1.0
config_B_high_mut,17,17,99.87163493877644,87.5098761298559,44.74727272727273,1.0
config_B_high_mut,17,18,99.87163493877644,87.43830184125876,44.90222222222222,1.0
config_B_high_mut,17,19,99.87163493877644,85.75136462354513,44.77939393939394,1.0
config_B_high_mut,17,20,99.87163493877644,86.54666986988033,44.88686868686869,1.0
config_B_high_mut,17,21,99.87163493877644,85.14079133937024,45.388282828282826,1.0
config_B_high_mut,17,22,99.87163493877644,86.35937418842633,44.9969696969697,1.0
config_B_high_mut,17,23,99.87163493877644,87.32741369985926,45.03757575757576,1.0
config_B_high_mut,17,24,99.87163493877644,85.93983052601949,45.18848484848485,1.0
config_B_high_mut,17,25,99.87163493877644,85.37547127853135,44.78828282828283,1.0
config_B_high_mut,17,26,99.87163493877644,86.5060788193862,44.79737373737374,1.0
config_B_high_mut,17,27,99.87163493877644,86.6575984253115,44.66141414141414,1.0
config_B_high_mut,17,28,99.87163493877644,86.98410961283571,44.407878787878786,1.0
config_B_high_mut,17,29,99.87163493877644,87.10732126158209,44.230909090909094,1.0
config_B_high_mut,17,30,99.87163493877644,87.59353487004675,44.473333333333336,1.0
config_B_high_mut,17,31,99.87163493877644,87.56622878861137,44.681414141414145,1.0
config_B_high_mut,17,32,99.87964783601015,86.38899331103163,44.59050505050505,1.0
config_B_high_mut,17,33,99.87964783601015,85.21496458420407,44.78666666666667,1.0
config_B_high_mut,17,34,99.87964783601015,86.05322863603993,44.636161616161615,1.0
config_B_high_mut,17,35,99.87964783601015,85.40044841521137,44.56848484848485,1.0
config_B_high_mut,17,36,99.87964783601015,86.1145935531205,44.86666666666667,1.0
config_B_high_mut,17,37,99.87964783601015,86.69935435240595,44.822020202020205,1.0
config_B_high_mut,17,38,99.87964783601015,87.53902069675458,44.32,1.0
config_B_high_mut,17,39,99.87964783601015,87.12489576158296,43.971717171717174,1.0
config_B_high_mut,17,40,99.87964783601015,86.03316253053974,44.12767676767677,1.0
config_B_high_mut,17,41,99.87964783601015,85.05884772484485,44.283232323232326,1.0
config_B_high_mut,17,42,99.89585050167457,87.22326838419997,44.687474747474745,1.0
config_B_high_mut,17,43,99.89585050167457,86.3731433109419,44.49090909090909,1.0
config_B_high_mut,17,44,99.89585050167457,85.73479340510043,44.69474747474747,1.0
config_B_high_mut,17,45,99.89585050167457,86.1719400858155,44.40020202020202,1.0
config_B_high_mut,17,46,99.90102823672903,87.34369451725107,44.86484848484849,1.0
config_B_high_mut,17,47,99.90102823672903,84.11138812718346,44.95838383838384,1.0
config_B_high_mut,17,48,99.90102823672903,85.14181036133276,45.28989898989899,1.0
config_B_high_mut,17,49,99.90102823672903,83.21295520057448,45.457373737373736,0.99
config_B_high_mut,17,50,99.90102823672903,84.27007052912606,45.23373737373738,0.99
config_B_high_mut,18,0,94.21413390073715,66.2205325531908,47.534949494949494,1.0
config_B_high_mut,18,1,94.21413390073715,66.2205325531908,47.534949494949494,1.0
config_B_high_mut,18,2,95.55565726462059,75.28821100911506,46.78121212121212,1.0
config_B_high_mut,18,3,96.10189694445462,80.91050786464452,46.16262626262626,1.0
config_B_high_mut,18,4,96.37910493843636,84.13750401251525,45.753535353535355,1.0
config_B_high_mut,18,5,96.37910493843636,83.72245637681714,45.16747474747475,1.0
config_B_high_mut,18,6,96.37910493843636,85.7704886125818,45.40181818181818,1.0
config_B_high_mut,18,7,96.37910493843636,86.25180008628664,45.36020202020202,1.0
config_B_high_mut,18,8,96.37910493843636,85.56057117566733,45.51252525252525,1.0
config_B_high_mut,18,9,99.84833594179608,87.60841264674765,45.565252525252525,1.0
config_B_high_mut,18,10,99.85082578744911,86.75696136352644,45.357373737373734,1.0
config_B_high_mut,18,11,99.85082578744911,86.82228970537915,45.413939393939394,1.0
config_B_high_mut,18,12,99.85493125794017,88.45932091773173,44.23656565656566,1.0
config_B_high_mut,18,13,99.85794329131642,89.86320831040902,43.677979797979795,1.0
config_B_high_mut,18,14,99.85794329131642,88.26851476910056,44.153333333333336,1.0
config_B_high_mut,18,15,99.85794329131642,87.66382582140076,44.372727272727275,1.0
config_B_high_mut,18,16,99.88201285519577,88.8583897501998,44.25616161616161,1.0
config_B_high_mut,18,17,99.88201285519577,87.4306047879553,44.705858585858586,1.0
config_B_high_mut,18,18,99.88201285519577,88.5085799654604,44.704040404040406,1.0
config_B_high_mut,18,19,99.8982155208602,88.0627176422552,44.453131313131315,1.0
config_B_high_mut,18,20,99.90404027010528,88.7102635299845,44.0179797979798,1.0
config_B_high_mut,18,21,99.90404027010528,87.98631311518628,44.287676767676764,1.0
config_B_high_mut,18,22,99.90404027010528,87.39664133034192,44.12444444444444,1.0
config_B_high_mut,18,23,99.90404027010528,86.89464394735711,44.28868686868687,1.0
config_B_high_mut,18,24,99.90404027010528,86.10526755506355,44.224848484848486,1.0
config_B_high_mut,18,25,99.90404027010528,85.9643468230859,43.81070707070707,1.0
config_B_high_mut,18,26,99.90404027010528,88.39302158064409,43.742828282828285,1.0
config_B_high_mut,18,27,99.90404027010528,88.16320311533424,43.35333333333333,1.0
config_B_high_mut,18,28,99.90404027010528,87.76650865772027,43.50909090909091,1.0
config_B_high_mut,18,29,99.90404027010528,88.67179241743315,43.08707070707071,1.0
config_B_high_mut,18,30,99.90404027010528,87.7754390444955,43.295353535353534,1.0
config_B_high_mut,18,31,99.90404027010528,87.3943841262177,43.7569696969697,1.0
config_B_high_mut,18,32,99.90404027010528,87.50297209733755,43.913333333333334,1.0
config_B_high_mut,18,33,99.90404027010528,85.81547348184068,44.73232323232323,1.0
config_B_high_mut,18,34,99.90404027010528,86.29891187475643,44.76969696969697,1.0
config_B_high_mut,18,35,99.90404027010528,85.1531382069101,44.88505050505051,1.0
config_B_high_mut,18,36,99.90404027010528,86.40226854637905,44.47979797979798,1.0
config_B_high_mut,18,37,99.90404027010528,86.92349360404924,44.00545454545455,1.0
config_B_high_mut,18,38,99.90404027010528,85.45614000647902,44.407878787878786,1.0
config_B_high_mut,18,39,99.90404027010528,85.45048873349697,43.74080808080808,1.0
config_B_high_mut,18,40,99.90404027010528,86.64676396664564,43.87717171717172,1.0
config_B_high_mut,18,41,99.90404027010528,86.50301390391685,43.67838383838384,1.0
config_B_high_mut,18,42,99.90404027010528,86.76800947284256,44.05353535353535,1.0
config_B_high_mut,18,43,99.90404027010528,86.26737648756904,44.73050505050505,1.0
config_B_high_mut,18,44,99.90404027010528,87.08038409157272,44.26989898989899,1.0
config_B_high_mut,18,45,99.90404027010528,87.31547673937366,43.92565656565657,1.0
config_B_high_mut,18,46,99.90404027010528,85.69148653594486,44.096767676767676,1.0
config_B_high_mut,18,47,99.90404027010528,86.52680119528667,44.69858585858586,1.0
config_B_high_mut,18,48,99.90404027010528,85.54306331515629,44.60080808080808,1.0
config_B_high_mut,18,49,99.90404027010528,86.45594296343228,44.30141414141414,1.0
config_B_high_mut,18,50,99.90404027010528,86.23466575420092,44.188080808080805,1.0
config_B_high_mut,19,0,94.34880748884729,66.9170786973233,47.48262626262626,1.0
config_B_high_mut,19,1,94.34880748884729,66.9170786973233,47.48262626262626,1.0
config_B_high_mut,19,2,99.82899769004703,75.61323794209544,47.003232323232325,1.0
config_B_high_mut,19,3,99.82899769004703,79.5105316973071,46.30444444444444,1.0
config_B_high_mut,19,4,99.82899769004703,82.63884203657646,45.55737373737374,1.0
config_B_high_mut,19,5,99.85697340691,84.09697844672621,44.50848484848485,1.0
config_B_high_mut,19,6,99.85697340691,85.38935041766456,44.405656565656564,1.0
config_B_high_mut,19,7,99.85697340691,84.05524895749046,44.63272727272727,1.0
config_B_high_mut,19,8,99.85697340691,85.1596107100729,44.11373737373737,1.0
config_B_high_mut,19,9,99.85697340691,84.51817561334829,44.49575757575757,1.0
config_B_high_mut,19,10,99.86376804056151,84.2248028118814,43.98707070707071,1.0
config_B_high_mut,19,11,99.86376804056151,85.08097306902704,44.32909090909091,1.0
config_B_high_mut,19,12,99.86376804056151,85.14459674093773,44.03030303030303,1.0
config_B_high_mut,19,13,99.86376804056151,85.03702120864843,44.33919191919192,1.0
config_B_high_mut,19,14,99.86376804056151,87.89381208189052,44.37616161616162,1.0
config_B_high_mut,19,15,99.8645386074605,86.54359139983026,44.695757575757575,1.0
config_B_high_mut,19,16,99.8645386074605,88.37455503768189,44.52323232323232,1.0
config_B_high_mut,19,17,99.87382308676506,88.81838846952604,43.65373737373737,1.0
config_B_high_mut,19,18,99.87491652387985,87.57822360262514,43.9389898989899,1.0
config_B_high_mut,19,19,99.87491652387985,87.64037383747338,44.64484848484849,1.0
config_B_high_mut,19,20,99.89239077161511,88.76216103060467,44.61313131313131,1.0
config_B_high_mut,19,21,99.89239077161511,88.92448243402097,44.49959595959596,1.0
config_B_high_mut,19,22,99.89239077161511,86.94755345867472,44.58646464646465,1.0
config_B_high_mut,19,23,99.89239077161511,86.68274805375441,44.68525252525252,1.0
config_B_high_mut,19,24,99.89239077161511,86.50557663281722,44.82545454545455,1.0
config_B_high_mut,19,25,99.89239077161511,87.34320616948398,45.07090909090909,1.0
config_B_high_mut,19,26,99.89239077161511,87.81795289401272,45.18585858585858,1.0
config_B_high_mut,19,27,99.89239077161511,85.09763650220422,44.772525252525256,1.0
config_B_high_mut,19,28,99.89239077161511,86.09840558889066,44.79919191919192,1.0
config_B_high_mut,19,29,99.89239077161511,88.08552131830102,44.60141414141414,1.0
config_B_high_mut,19,30,99.90705230348155,88.68849999274876,44.636161616161615,1.0
config_B_high_mut,19,31,99.90705230348155,88.00912892200341,44.547474747474745,1.0
config_B_high_mut,19,32,99.90705230348155,88.06225375702896,44.50282828282828,1.0
config_B_high_mut,19,33,99.90705230348155,88.00539617932041,44.54303030303031,1.0
config_B_high_mut,19,34,99.90705230348155,86.92014172377938,44.551515151515154,1.0
config_B_high_mut,19,35,99.90705230348155,85.37098865956696,44.43434343434343,1.0
config_B_high_mut,19,36,99.91364761962564,88.16106589485878,43.45333333333333,1.0
config_B_high_mut,19,37,99.91364761962564,87.70254475274702,44.00545454545455,1.0
config_B_high_mut,19,38,99.91364761962564,87.33782144990923,44.483636363636364,1.0
config_B_high_mut,19,39,99.91364761962564,86.55279990326197,44.61454545454546,1.0
config_B_high_mut,19,40,99.91364761962564,86.87456955129132,44.985454545454544,1.0
config_B_high_mut,19,41,99.91364761962564,87.51759876693085,44.92080808080808,1.0
config_B_high_mut,19,42,99.91364761962564,87.71730298080638,44.77010101010101,1.0
config_B_high_mut,19,43,99.91364761962564,86.23074014968687,44.90969696969697,1.0
config_B_high_mut,19,44,99.91364761962564,85.15966261742479,44.279191919191916,1.0
config_B_high_mut,19,45,99.91364761962564,85.99839696184048,44.15838383838384,1.0
config_B_high_mut,19,46,99.91364761962564,87.1387242669324,43.80707070707071,1.0
config_B_high_mut,19,47,99.91364761962564,85.48112968821724,44.047474747474745,1.0
config_B_high_mut,19,48,99.91364761962564,84.95284767802762,44.69737373737374,1.0
config_B_high_mut,19,49,99.91364761962564,86.57900248345707,44.263636363636365,1.0
config_B_high_mut,19,50,99.91364761962564,85.90406266649177,44.223838383838384,1.0
config_B_high_mut,20,0,95.98076806342894,69.52609582454842,47.48808080808081,1.0
config_B_high_mut,20,1,95.98076806342894,69.52609582454842,47.48808080808081,1.0
config_B_high_mut,20,2,96.1493489120806,74.76219396529243,47.015151515151516,1.0
config_B_high_mut,20,3,99.81144767751269,79.27800146154655,46.39818181818182,1.0
config_B_high_mut,20,4,99.81144767751269,81.52881275703236,45.90343434343434,1.0
config_B_high_mut,20,5,99.81144767751269,83.19386484695775,44.84686868686869,1.0
config_B_high_mut,20,6,99.81144767751269,84.26732231058298,44.276161616161616,1.0
config_B_high_mut,20,7,99.81144767751269,85.85175643628543,44.58747474747475,1.0
config_B_high_mut,20,8,99.85493125794017,85.5371752093821,44.57555555555555,1.0
config_B_high_mut,20,9,99.85493125794017,86.75922204644294,44.817373737373735,1.0
config_B_high_mut,20,10,99.87190449050358,87.04656898901186,45.03717171717172,1.0
config_B_high_mut,20,11,99.87190449050358,86.47405090293522,44.777979797979796,1.0
config_B_high_mut,20,12,99.88074127312494,88.34484082996724,44.26262626262626,1.0
config_B_high_mut,20,13,99.88074127312494,88.42435115516314,44.64020202020202,1.0
config_B_high_mut,20,14,99.88074127312494,87.7040516411893,44.58585858585859,1.0
config_B_high_mut,20,15,99.88074127312494,87.01901663497569,44.01353535353535,1.0
config_B_high_mut,20,16,99.88074127312494,85.81036124873096,44.09878787878788,1.0
config_B_high_mut,20,17,99.88074127312494,87.25763118495689,43.964646464646464,1.0
config_B_high_mut,20,18,99.88074127312494,88.11804965825166,43.98949494949495,1.0
config_B_high_mut,20,19,99.88579545547103,86.2497789577091,44.39939393939394,1.0
config_B_high_mut,20,20,99.88579545547103,85.42689776466536,44.542020202020204,1.0
config_B_high_mut,20,21,99.88579545547103,85.58652235581285,44.7789898989899,1.0
config_B_high_mut,20,22,99.88579545547103,85.31562270063391,44.896565656565656,1.0
config_B_high_mut,20,23,99.88579545547103,86.2703580216966,44.703434343434346,1.0
config_B_high_mut,20,24,99.88579545547103,86.06113676620785,45.08585858585859,1.0
config_B_high_mut,20,25,99.88579545547103,84.91013489524696,44.90989898989899,1.0
config_B_high_mut,20,26,99.88579545547103,85.50208935515643,44.96424242424242,1.0
config_B_high_mut,20,27,99.88579545547103,86.48521072377304,45.003838383838385,1.0
config_B_high_mut,20,28,99.88579545547103,87.17158554957554,44.969292929292926,1.0
config_B_high_mut,20,29,99.88579545547103,84.9000407790493,45.03878787878788,1.0
config_B_high_mut,20,30,99.88579545547103,85.67714360048495,44.67959595959596,1.0
config_B_high_mut,20,31,99.88579545547103,84.49802151324066,44.29272727272727,1.0
config_B_high_mut,20,32,99.88579545547103,85.63722571364427,44.519393939393936,1.0
config_B_high_mut,20,33,99.89239077161511,85.7569780917924,44.33090909090909,1.0
config_B_high_mut,20,34,99.89239077161511,85.56233221295054,44.7240404040404,1.0
config_B_high_mut,20,35,99.89239077161511,85.85640673617849,44.73535353535353,1.0
config_B_high_mut,20,36,99.89239077161511,85.27403754327497,44.83353535353535,1.0
config_B_high_mut,20,37,99.89239077161511,84.27551726389972,44.773131313131316,1.0
config_B_high_mut,20,38,99.89239077161511,84.50991685647139,44.45272727272727,1.0
config_B_high_mut,20,39,99.89239077161511,85.56154728265524,44.5440404040404,1.0
config_B_high_mut,20,40,99.89239077161511,87.17938121655483,44.657171717171714,1.0
config_B_high_mut,20,41,99.89239077161511,86.9562156930898,44.00666666666667,1.0
config_B_high_mut,20,42,99.89239077161511,86.4189646710214,43.747070707070705,1.0
config_B_high_mut,20,43,99.92044225327714,85.90711223708891,43.64464646464646,1.0
config_B_high_mut,20,44,99.92044225327714,87.62189342174783,44.00161616161616,1.0
config_B_high_mut,20,45,99.92044225327714,86.62749041774798,43.811313131313135,1.0
config_B_high_mut,20,46,99.92044225327714,85.95305935027663,43.781010101010104,1.0
config_B_high_mut,20,47,99.92044225327714,87.23807256277406,43.716767676767674,1.0
config_B_high_mut,20,48,99.92044225327714,86.44747722726375,44.085454545454546,1.0
config_B_high_mut,20,49,99.92044225327714,86.54172888032942,44.01858585858586,1.0
config_B_high_mut,20,50,99.92044225327714,87.83624275881328,44.515757575757576,1.0
config_B_high_mut,21,0,94.95240550567543,67.02370889541874,47.47757575757576,1.0
config_B_high_mut,21,1,94.95240550567543,67.02370889541874,47.47757575757576,1.0
config_B_high_mut,21,2,94.95240550567543,75.33041229973705,46.838181818181816,1.0
config_B_high_mut,21,3,94.95240550567543,79.7866463574528,46.06545454545454,1.0
config_B_high_mut,21,4,96.16049269336773,83.39997691740322,45.51717171717172,1.0
config_B_high_mut,21,5,96.18155336438826,84.59729335030143,45.46282828282828,1.0
config_B_high_mut,21,6,96.18155336438826,85.16343483880478,45.48020202020202,1.0
config_B_high_mut,21,7,99.80281021239878,85.70594423568159,44.99090909090909,1.0
config_B_high_mut,21,8,99.80281021239878,85.51750873107716,44.724444444444444,1.0
config_B_high_mut,21,9,99.80281021239878,85.39991303365852,44.64141414141414,1.0
config_B_high_mut,21,10,99.84833594179608,86.41802328848748,43.81919191919192,1.0
config_B_high_mut,21,11,99.84833594179608,86.6333447227156,43.20323232323232,1.0
config_B_high_mut,21,12,99.84833594179608,87.9765449899132,43.5979797979798,1.0
config_B_high_mut,21,13,99.85729755088484,87.11837994945724,43.86,1.0
config_B_high_mut,21,14,99.85729755088484,86.51974360422594,44.22242424242424,1.0
config_B_high_mut,21,15,99.86152657408425,86.53927085075834,43.95454545454545,1.0
config_B_high_mut,21,16,99.86152657408425,87.14822760343374,43.99393939393939,1.0
config_B_high_mut,21,17,99.86152657408425,86.97343758265264,44.59414141414141,1.0
config_B_high_mut,21,18,99.8982155208602,87.44449943444586,44.8969696969697,1.0
config_B_high_mut,21,19,99.8982155208602,87.49758467696228,44.89111111111111,1.0
config_B_high_mut,21,20,99.8982155208602,87.58894225823836,44.708282828282826,1.0
config_B_high_mut,21,21,99.8982155208602,86.91881817685282,44.37959595959596,1.0
config_B_high_mut,21,22,99.8982155208602,86.29127231638867,44.588484848484846,1.0
config_B_high_mut,21,23,99.8982155208602,87.22879674167123,44.185050505050505,1.0
config_B_high_mut,21,24,99.8982155208602,87.93496832272358,43.46989898989899,1.0
config_B_high_mut,21,25,99.8982155208602,87.67013819082926,43.06383838383839,1.0
config_B_high_mut,21,26,99.8982155208602,87.83689135621728,43.70686868686869,1.0
config_B_high_mut,21,27,99.8982155208602,88.06887108856654,44.066464646464645,1.0
config_B_high_mut,21,28,99.8982155208602,87.84441834577666,43.64464646464646,1.0
config_B_high_mut,21,29,99.8982155208602,87.95309977369011,43.46363636363636,1.0
config_B_high_mut,21,30,99.8982155208602,87.87310038873373,43.99535353535354,1.0
config_B_high_mut,21,31,99.90122755423646,86.89389790437123,44.558181818181815,1.0
config_B_high_mut,21,32,99.90122755423646,87.82351564696295,45.18848484848485,1.0
config_B_high_mut,21,33,99.90122755423646,87.60540097523983,45.08868686868687,1.0
config_B_high_mut,21,34,99.90122755423646,86.83037491339387,45.28808080808081,1.0
config_B_high_mut,21,35,99.90122755423646,88.3165563249063,44.910909090909094,1.0
config_B_high_mut,21,36,99.90122755423646,88.77674031632291,44.39373737373737,1.0
config_B_high_mut,21,37,99.90122755423646,87.84946160863319,44.60949494949495,1.0
config_B_high_mut,21,38,99.90122755423646,87.49161531015088,44.08040404040404,1.0
config_B_high_mut,21,39,99.90122755423646,87.47507743799468,43.52929292929293,1.0
config_B_high_mut,21,40,99.90122755423646,87.65219295873426,43.52080808080808,1.0
config_B_high_mut,21,41,99.91429463381627,87.59384374642747,42.82585858585858,1.0
config_B_high_mut,21,42,99.91429463381627,87.43165269503996,42.925252525252525,1.0
config_B_high_mut,21,43,99.91429463381627,87.09529510677807,42.23373737373738,1.0
config_B_high_mut,21,44,99.91429463381627,87.154025023094,42.56444444444445,1.0
config_B_high_mut,21,45,99.91429463381627,86.99592880517024,43.135555555555555,1.0
config_B_high_mut,21,46,99.91429463381627,87.10270621181226,42.58141414141414,1.0
config_B_high_mut,21,47,99.91429463381627,85.57509467669907,41.34383838383838,1.0
config_B_high_mut,21,48,99.91429463381627,85.08103574125677,41.83191919191919,1.0
config_B_high_mut,21,49,99.91429463381627,86.17385747164475,42.59090909090909,1.0
config_B_high_mut,21,50,99.91429463381627,85.65409920022213,43.32424242424243,1.0
config_B_high_mut,22,0,92.07912878880435,67.31268032605686,47.534343434343434,1.0
config_B_high_mut,22,1,92.07912878880435,67.31268032605686,47.534343434343434,1.0
config_B_high_mut,22,2,93.06078877327951,73.59813705800316,46.90868686868687,1.0
config_B_high_mut,22,3,94.23528689425022,78.63412778535418,46.37030303030303,1.0
config_B_high_mut,22,4,94.49737360343862,80.30250466494645,46.003838383838385,1.0
config_B_high_mut,22,5,94.49737360343862,81.69566659346155,45.44747474747475,1.0
config_B_high_mut,22,6,95.58016090742568,83.53019197047948,44.57979797979798,1.0
config_B_high_mut,22,7,99.88937873823886,84.35569643858832,44.72848484848485,1.0
config_B_high_mut,22,8,99.88937873823886,85.68256876153654,44.96989898989899,1.0
config_B_high_mut,22,9,99.88937873823886,87.10271155468403,44.54343434343434,1.0
config_B_high_mut,22,10,99.88937873823886,85.76397675169942,44.44383838383838,1.0
config_B_high_mut,22,11,99.88937873823886,86.12155729017775,44.595757575757574,1.0
config_B_high_mut,22,12,99.88937873823886,86.63320424158968,45.075959595959596,1.0
config_B_high_mut,22,13,99.88937873823886,85.97499276032417,45.19313131313131,1.0
config_B_high_mut,22,14,99.88937873823886,86.55465904978459,44.9630303030303,1.0
config_B_high_mut,22,15,99.88937873823886,86.54572328358626,45.12222222222222,1.0
config_B_high_mut,22,16,99.88937873823886,87.60378797881602,44.76767676767677,1.0
config_B_high_mut,22,17,99.88937873823886,85.64751615449954,44.23737373737374,1.0
config_B_high_mut,22,18,99.88937873823886,86.54700962216671,44.35575757575758,1.0
config_B_high_mut,22,19,99.89463223809237,86.47177737466522,44.49757575757576,1.0
config_B_high_mut,22,20,99.89463223809237,86.36972673835334,44.562828282828285,1.0
config_B_high_mut,22,21,99.89463223809237,88.09471653055431,43.95151515151515,1.0
config_B_high_mut,22,22,99.89463223809237,88.03265204500971,43.921010101010104,1.0
config_B_high_mut,22,23,99.89463223809237,87.98008052473209,43.74868686868687,1.0
config_B_high_mut,22,24,99.89463223809237,88.31184179431283,43.36424242424243,1.0
config_B_high_mut,22,25,99.89463223809237,86.43228688101043,44.25939393939394,1.0
config_B_high_mut,22,26,99.89463223809237,86.62223043216758,43.98848484848485,1.0
config_B_high_mut,22,27,99.89463223809237,87.7639023028195,44.56323232323232,1.0
config_B_high_mut,22,28,99.89463223809237,85.97146037483441,44.62060606060606,1.0
config_B_high_mut,22,29,99.89463223809237,87.06483635193825,44.75090909090909,1.0
config_B_high_mut,22,30,99.89463223809237,86.83628666809108,45.21212121212121,1.0
config_B_high_mut,22,31,99.89463223809237,87.47574168935182,45.064040404040405,1.0
config_B_high_mut,22,32,99.9174302199009,87.49117974219818,44.62888888888889,1.0
config_B_high_mut,22,33,99.9174302199009,87.49665124406674,43.947272727272725,1.0
config_B_high_mut,22,34,99.9174302199009,86.74675083106442,43.968080808080806,1.0
config_B_high_mut,22,35,99.9174302199009,87.00465354271802,44.816767676767675,1.0
config_B_high_mut,22,36,99.9174302199009,87.52601330524554,44.925252525252525,1.0
config_B_high_mut,22,37,99.9174302199009,86.6174106101065,44.91858585858586,1.0
config_B_high_mut,22,38,99.9174302199009,86.29055179621604,44.44444444444444,1.0
config_B_high_mut,22,39,99.9174302199009,87.93435052266743,44.036161616161614,1.0
config_B_high_mut,22,40,99.9174302199009,85.68641838366302,44.22282828282828,1.0
config_B_high_mut,22,41,99.9174302199009,86.95653960205215,44.433535353535355,1.0
config_B_high_mut,22,42,99.9174302199009,85.33410456909513,44.402424242424246,1.0
config_B_high_mut,22,43,99.9174302199009,86.96724693841634,44.87595959595959,1.0
config_B_high_mut,22,44,99.9174302199009,87.04021767665112,44.863838383838385,1.0
config_B_high_mut,22,45,99.9174302199009,86.06301422536959,44.91070707070707,1.0
config_B_high_mut,22,46,99.9174302199009,86.07235693145317,45.18545454545455,1.0
config_B_high_mut,22,47,99.9174302199009,85.87865738262548,45.52505050505051,1.0
config_B_high_mut,22,48,99.9174302199009,85.34783318789938,44.77333333333333,1.0
config_B_high_mut,22,49,99.9174302199009,85.4580636279687,44.974747474747474,1.0
config_B_high_mut,22,50,99.9174302199009,84.18996276162962,43.29555555555555,1.0
config_B_high_mut,23,0,94.50880748884728,66.27102347247164,47.49717171717172,1.0
config_B_high_mut,23,1,94.50880748884728,66.27102347247164,47.49717171717172,1.0
config_B_high_mut,23,2,94.78698095295897,74.62969625542904,46.922222222222224,1.0
config_B_high_mut,23,3,96.094264807658,79.46593185277476,46.227474747474744,1.0
config_B_high_mut,23,4,96.094264807658,82.22025127751385,45.304848484848485,1.0
config_B_high_mut,23,5,99.83917628895894,82.79772655396556,44.88242424242424,1.0
config_B_high_mut,23,6,99.83917628895894,84.63231519874591,44.965252525252524,1.0
config_B_high_mut,23,7,99.83917628895894,83.828228654425,44.90828282828283,1.0
config_B_high_mut,23,8,99.88502488857203,85.33928937298259,44.76686868686868,1.0
config_B_high_mut,23,9,99.88502488857203,85.05969842065387,44.71919191919192,1.0
config_B_high_mut,23,10,99.88502488857203,86.0663173305501,44.410909090909094,1.0
config_B_high_mut,23,11,99.88502488857203,87.13429576229102,44.21393939393939,1.0
config_B_high_mut,23,12,99.88502488857203,85.78625340191076,44.45353535353535,1.0
config_B_high_mut,23,13,99.88502488857203,86.44511834097563,43.99878787878788,1.0
config_B_high_mut,23,14,99.88502488857203,86.22845316110178,43.10787878787879,1.0
config_B_high_mut,23,15,99.88502488857203,84.83807038784964,43.23979797979798,1.0
config_B_high_mut,23,16,99.88502488857203,85.76849155923851,43.292323232323234,1.0
config_B_high_mut,23,17,99.89336065602154,86.64902977862171,43.53454545454545,1.0
config_B_high_mut,23,18,99.89463223809237,86.36618620073693,42.95474747474748,1.0
config_B_high_mut,23,19,99.89463223809237,88.71619081098453,43.50989898989899,1.0
config_B_high_mut,23,20,99.89463223809237,87.39016730246256,43.4149494949495,1.0
config_B_high_mut,23,21,99.89463223809237,87.38240228517824,43.74323232323232,1.0
config_B_high_mut,23,22,99.89463223809237,86.90436502460541,44.24727272727273,1.0
config_B_high_mut,23,23,99.89463223809237,86.15027463621307,44.642020202020205,1.0
config_B_high_mut,23,24,99.89463223809237,86.23139004983717,44.673131313131314,1.0
config_B_high_mut,23,25,99.89463223809237,86.44372351625314,45.008686868686866,1.0
config_B_high_mut,23,26,99.89463223809237,85.69993354793343,44.98161616161616,1.0
config_B_high_mut,23,27,99.89463223809237,84.25482109789812,44.42969696969697,1.0
config_B_high_mut,23,28,99.89463223809237,85.18749227267045,43.87838383838384,1.0
config_B_high_mut,23,29,99.89463223809237,85.87775352655794,44.062828282828285,1.0
config_B_high_mut,23,30,99.89463223809237,86.34246162409653,43.910909090909094,1.0
config_B_high_mut,23,31,99.89463223809237,85.68947852447005,43.64181818181818,1.0
config_B_high_mut,23,32,99.89463223809237,85.53018465731562,44.077171717171716,1.0
config_B_high_mut,23,33,99.89463223809237,86.10719274971188,43.96888888888889,1.0
config_B_high_mut,23,34,99.89463223809237,86.58324231273674,44.24787878787879,1.0
config_B_high_mut,23,35,99.89463223809237,86.40753508011329,44.526060606060604,1.0
config_B_high_mut,23,36,99.89463223809237,86.61881785051915,45.087272727272726,1.0
config_B_high_mut,23,37,99.89463223809237,86.04212762445972,44.89070707070707,1.0
config_B_high_mut,23,38,99.89463223809237,86.24879573156504,45.09474747474747,1.0
config_B_high_mut,23,39,99.89463223809237,86.0423242794615,44.9020202020202,1.0
config_B_high_mut,23,40,99.89463223809237,86.78237791729845,45.02242424242424,1.0
config_B_high_mut,23,41,99.89463223809237,88.20950436708914,44.99232323232323,1.0
config_B_high_mut,23,42,99.89463223809237,87.85332390721615,44.22787878787879,1.0
config_B_high_mut,23,43,99.89463223809237,88.49835168981099,44.475353535353534,1.0
config_B_high_mut,23,44,99.89463223809237,87.68715132901283,44.005050505050505,1.0
config_B_high_mut,23,45,99.89463223809237,85.74949550734469,44.564040404040405,1.0
config_B_high_mut,23,46,99.89463223809237,86.62511593061208,44.515757575757576,1.0
config_B_high_mut,23,47,99.89463223809237,86.24427329159154,44.035555555555554,1.0
config_B_high_mut,23,48,99.89463223809237,84.90718200583238,43.70383838383838,1.0
config_B_high_mut,23,49,99.89463223809237,84.60720278379209,43.58808080808081,1.0
config_B_high_mut,23,50,99.89540280499138,85.4882794106472,43.85979797979798,1.0
config_B_high_mut,24,0,93.61757292094606,65.5831170832678,47.48343434343435,1.0
config_B_high_mut,24,1,93.61757292094606,65.5831170832678,47.48343434343435,1.0
config_B_high_mut,24,2,94.03781532433158,76.16948163514397,46.786464646464644,1.0
config_B_high_mut,24,3,95.87326291752784,79.33718132477884,46.23555555555556,1.0
config_B_high_mut,24,4,96.29982800518077,82.29251043383017,45.76060606060606,1.0
config_B_high_mut,24,5,96.42458610761508,82.80618376804979,45.365656565656565,1.0
config_B_high_mut,24,6,96.42458610761508,84.85340845914453,44.99757575757576,1.0
config_B_high_mut,24,7,99.83840572205995,85.19561189524062,45.025252525252526,1.0
config_B_high_mut,24,8,99.83840572205995,86.10200755866691,44.752323232323235,1.0
config_B_high_mut,24,9,99.83840572205995,84.95794727080678,44.80989898989899,1.0
config_B_high_mut,24,10,99.83840572205995,85.6788984424308,44.49292929292929,1.0
config_B_high_mut,24,11,99.83840572205995,85.31500547285995,44.92545454545454,1.0
config_B_high_mut,24,12,99.85114865766491,84.78798787234096,45.0,1.0
config_B_high_mut,24,13,99.85114865766491,85.47524447564315,44.9610101010101,1.0
config_B_high_mut,24,14,99.85473194043273,85.10942215442276,44.76868686868687,1.0
config_B_high_mut,24,15,99.85473194043273,86.37832630609472,45.16464646464647,1.0
config_B_high_mut,24,16,99.89336065602154,87.68481955151674,44.93858585858586,1.0
config_B_high_mut,24,17,99.89336065602154,88.03154660458675,44.45838383838384,1.0
config_B_high_mut,24,18,99.89336065602154,87.27864879805531,44.88989898989899,1.0
config_B_high_mut,24,19,99.89336065602154,87.27613286895875,44.5769696969697,1.0
config_B_high_mut,24,20,99.89336065602154,85.14325954020758,44.62,1.0
config_B_high_mut,24,21,99.89336065602154,86.16732073096604,44.324444444444445,1.0
config_B_high_mut,24,22,99.89336065602154,85.75387960524996,44.22989898989899,1.0
config_B_high_mut,24,23,99.89336065602154,85.68505166575552,44.35393939393939,1.0
config_B_high_mut,24,24,99.89336065602154,87.23902694827427,44.77090909090909,1.0
config_B_high_mut,24,25,99.89336065602154,86.49961497292966,44.79151515151515,1.0
config_B_high_mut,24,26,99.89336065602154,87.46453976026173,44.59919191919192,1.0
config_B_high_mut,24,27,99.89336065602154,86.9374580659568,44.888888888888886,1.0
config_B_high_mut,24,28,99.89336065602154,87.33634881989947,43.72282828282828,1.0
config_B_high_mut,24,29,99.89336065602154,87.3766654567922,44.0610101010101,1.0
config_B_high_mut,24,30,99.89336065602154,86.01563166484343,44.11212121212121,1.0
config_B_high_mut,24,31,99.89336065602154,85.93723355486951,43.725656565656564,1.0
config_B_high_mut,24,32,99.89336065602154,86.51234896644871,43.81636363636363,1.0
config_B_high_mut,24,33,99.89336065602154,86.42567109218459,43.74444444444445,1.0
config_B_high_mut,24,34,99.89336065602154,85.62148268313332,44.12464646464647,1.0
config_B_high_mut,24,35,99.89336065602154,85.42740557402321,44.463838383838386,1.0
config_B_high_mut,24,36,99.89336065602154,85.17047103978071,44.698181818181816,1.0
config_B_high_mut,24,37,99.90423958761272,86.48445924378606,44.87838383838384,1.0
config_B_high_mut,24,38,99.90423958761272,86.79109545188669,44.90181818181818,1.0
config_B_high_mut,24,39,99.90423958761272,86.48201087967499,44.542020202020204,1.0
config_B_high_mut,24,40,99.90423958761272,88.17245113530858,44.795959595959594,1.0
config_B_high_mut,24,41,99.90423958761272,87.19334621837511,44.92181818181818,1.0
config_B_high_mut,24,42,99.90423958761272,88.54537645107237,44.66,1.0
config_B_high_mut,24,43,99.90423958761272,86.00359023755941,45.15313131313131,1.0
config_B_high_mut,24,44,99.90423958761272,86.49474833553937,44.98989898989899,1.0
config_B_high_mut,24,45,99.90423958761272,85.81446034835778,44.37555555555556,1.0
config_B_high_mut,24,46,99.90423958761272,85.93867864480288,44.444848484848485,1.0
config_B_high_mut,24,47,99.90423958761272,87.02664389342404,44.32222222222222,1.0
config_B_high_mut,24,48,99.90423958761272,86.88343876557741,44.02060606060606,1.0
config_B_high_mut,24,49,99.90423958761272,86.57257683496672,44.263030303030305,1.0
config_B_high_mut,24,50,99.90423958761272,86.14614531459904,44.01090909090909,1.0
config_B_high_mut,25,0,93.5058668059936,66.45122321082248,47.495555555555555,1.0
config_B_high_mut,25,1,93.5058668059936,66.45122321082248,47.495555555555555,1.0
config_B_high_mut,25,2,94.17204719154876,72.744800649644,46.90282828282828,1.0
config_B_high_mut,25,3,94.17204719154876,78.17092479572824,46.221414141414144,1.0
config_B_high_mut,25,4,95.24416823709014,81.41895223792288,45.46484848484849,1.0
config_B_high_mut,25,5,95.50481083700429,83.64945354492139,45.4379797979798,1.0
config_B_high_mut,25,6,95.50481083700429,82.17784530269876,45.88060606060606,1.0
config_B_high_mut,25,7,95.50481083700429,83.13915807653574,45.51676767676768,1.0
config_B_high_mut,25,8,95.50481083700429,83.56451868061593,45.39858585858586,1.0
config_B_high_mut,25,9,95.50481083700429,84.52152860066252,44.97636363636364,1.0
config_B_high_mut,25,10,96.31702090706457,85.44813080699676,44.963232323232326,1.0
config_B_high_mut,25,11,99.83066237655339,86.84274708113311,44.797777777777775,1.0
config_B_high_mut,25,12,99.83066237655339,86.75469272400484,45.03838383838384,1.0
config_B_high_mut,25,13,99.8574211035932,87.80966451569704,44.154545454545456,1.0
config_B_high_mut,25,14,99.90782287038054,87.3259285375318,44.126060606060605,1.0
config_B_high_mut,25,15,99.90782287038054,86.59859404810817,43.846464646464646,1.0
config_B_high_mut,25,16,99.90782287038054,86.5408413451756,43.23070707070707,1.0
config_B_high_mut,25,17,99.90782287038054,87.2401189504226,44.33191919191919,1.0
config_B_high_mut,25,18,99.90782287038054,86.81081342386538,44.594343434343436,1.0
config_B_high_mut,25,19,99.90782287038054,86.12486532683918,44.547474747474745,1.0
config_B_high_mut,25,20,99.90782287038054,87.26578002300892,43.72161616161616,1.0
config_B_high_mut,25,21,99.90782287038054,87.23665048919675,44.195757575757575,1.0
config_B_high_mut,25,22,99.90782287038054,87.38710519666867,43.74949494949495,1.0
config_B_high_mut,25,23,99.90782287038054,86.44089025300724,43.39858585858586,1.0
config_B_high_mut,25,24,99.90782287038054,86.31584454152272,43.3210101010101,1.0
config_B_high_mut,25,25,99.90782287038054,85.96190114021911,43.71575757575758,1.0
config_B_high_mut,25,26,99.90782287038054,87.42591901375268,43.578989898989896,1.0
config_B_high_mut,25,27,99.90782287038054,85.3576576698753,44.492525252525255,1.0
config_B_high_mut,25,28,99.90782287038054,85.65427052869182,44.13656565656566,1.0
config_B_high_mut,25,29,99.90782287038054,85.04306734381433,43.97858585858586,1.0
config_B_high_mut,25,30,99.90782287038054,85.51661171941086,43.21757575757576,1.0
config_B_high_mut,25,31,99.90782287038054,85.1050842901692,43.07494949494949,1.0
config_B_high_mut,25,32,99.90782287038054,87.57913968662452,43.42383838383839,1.0
config_B_high_mut,25,33,99.90782287038054,87.91993116759191,43.693333333333335,1.0
config_B_high_mut,25,34,99.90782287038054,87.93715841391118,43.65010101010101,1.0
config_B_high_mut,25,35,99.90782287038054,87.18122700838066,44.34969696969697,1.0
config_B_high_mut,25,36,99.90782287038054,88.25405863458496,44.50646464646464,1.0
config_B_high_mut,25,37,99.90782287038054,87.19666844372762,44.533131313131314,1.0
config_B_high_mut,25,38,99.90782287038054,85.85412406989363,44.88929292929293,1.0
config_B_high_mut,25,39,99.90782287038054,86.28933984411539,45.26868686868687,1.0
config_B_high_mut,25,40,99.90782287038054,86.6207750681867,45.08707070707071,1.0
config_B_high_mut,25,41,99.91441818652463,86.50232100200589,44.93979797979798,1.0
config_B_high_mut,25,42,99.91441818652463,84.66099323855579,45.10080808080808,1.0
config_B_high_mut,25,43,99.91441818652463,85.64085325930941,45.18727272727273,1.0
config_B_high_mut,25,44,99.91441818652463,86.97547047366172,45.257777777777775,1.0
config_B_high_mut,25,45,99.91441818652463,86.3393010352899,44.932323232323235,1.0
config_B_high_mut,25,46,99.91441818652463,85.53045630550858,45.03575757575758,1.0
config_B_high_mut,25,47,99.91441818652463,86.46908020157362,44.87292929292929,1.0
config_B_high_mut,25,48,99.91441818652463,86.78764819368135,45.2,1.0
config_B_high_mut,25,49,99.91441818652463,85.3136275686141,44.87838383838384,1.0
config_B_high_mut,25,50,99.91441818652463,85.5592794154764,44.82848484848485,1.0
config_B_high_mut,26,0,91.25717870020767,64.87916433833371,47.51656565656565,1.0
config_B_high_mut,26,1,91.25717870020767,64.87916433833371,47.51656565656565,1.0
config_B_high_mut,26,2,93.17574638505774,73.6060036180246,47.11212121212121,1.0
config_B_high_mut,26,3,94.02322514298773,77.14808593061734,46.58262626262626,1.0
config_B_high_mut,26,4,99.89181952222354,81.30492795453762,45.88242424242424,1.0
config_B_high_mut,26,5,99.89181952222354,83.15232117359022,45.303030303030305,1.0
config_B_high_mut,26,6,99.89181952222354,84.8093935366939,44.99010101010101,1.0
config_B_high_mut,26,7,99.89181952222354,86.40247741250958,45.26161616161616,1.0
config_B_high_mut,26,8,99.89181952222354,85.48639181162741,44.79212121212121,1.0
config_B_high_mut,26,9,99.89181952222354,87.42816383235417,44.85777777777778,1.0
config_B_high_mut,26,10,99.89181952222354,86.7692294805407,44.60828282828283,1.0
config_B_high_mut,26,11,99.89181952222354,86.9189836676843,44.92949494949495,1.0
config_B_high_mut,26,12,99.89181952222354,88.0191409682015,45.01737373737374,1.0
config_B_high_mut,26,13,99.89181952222354,87.75690957000441,44.86646464646465,1.0
config_B_high_mut,26,14,99.89181952222354,86.13301298667056,44.62040404040404,1.0
config_B_high_mut,26,15,99.89181952222354,86.554315055946,44.17636363636364,1.0
config_B_high_mut,26,16,99.89181952222354,85.76608429646693,43.29878787878788,1.0
config_B_high_mut,26,17,99.89181952222354,85.83813686589063,43.49030303030303,1.0
config_B_high_mut,26,18,99.89181952222354,86.62084346750065,43.37191919191919,1.0
config_B_high_mut,26,19,99.89181952222354,86.95997347221328,43.71191919191919,1.0
config_B_high_mut,26,20,99.89181952222354,88.5515260833248,44.00060606060606,1.0
config_B_high_mut,26,21,99.89181952222354,86.96656749024824,43.79272727272727,1.0
config_B_high_mut,26,22,99.89181952222354,86.95640006347658,43.76888888888889,1.0
config_B_high_mut,26,23,99.8982155208602,86.51737689846851,43.550909090909094,1.0
config_B_high_mut,26,24,99.8982155208602,86.12157483422378,43.62161616161616,1.0
config_B_high_mut,26,25,99.8982155208602,86.35491374005845,43.97252525252525,1.0
config_B_high_mut,26,26,99.8982155208602,87.14348104769434,43.68161616161616,1.0
config_B_high_mut,26,27,99.8982155208602,86.69214891151627,43.953131313131315,1.0
config_B_high_mut,26,28,99.8982155208602,85.56349473439006,44.264242424242425,1.0
config_B_high_mut,26,29,99.8982155208602,85.71188409311493,44.38,1.0
config_B_high_mut,26,30,99.8982155208602,85.4965067578465,44.44282828282828,1.0
config_B_high_mut,26,31,99.8982155208602,86.05681639725897,44.63838383838384,1.0
config_B_high_mut,26,32,99.8982155208602,86.19039049766498,44.50242424242424,1.0
config_B_high_mut,26,33,99.8982155208602,87.08984560376173,43.535353535353536,1.0
config_B_high_mut,26,34,99.8982155208602,86.775912846856,43.14040404040404,1.0
config_B_high_mut,26,35,99.8982155208602,87.52446120235818,43.09111111111111,1.0
config_B_high_mut,26,36,99.8982155208602,86.95423592384687,44.02626262626263,1.0
config_B_high_mut,26,37,99.8982155208602,87.21643737322053,44.347070707070706,1.0
config_B_high_mut,26,38,99.90326970320629,87.05825315502736,44.13131313131313,1.0
config_B_high_mut,26,39,99.90326970320629,87.84576764895093,44.95272727272727,1.0
config_B_high_mut,26,40,99.90326970320629,87.7731186649213,44.34686868686869,1.0
config_B_high_mut,26,41,99.90326970320629,86.64039935207278,44.661212121212124,1.0
config_B_high_mut,26,42,99.90326970320629,85.68072609156623,44.84,1.0
config_B_high_mut,26,43,99.90326970320629,86.59548541738145,45.21111111111111,1.0
config_B_high_mut,26,44,99.90326970320629,88.18720872093503,44.70020202020202,1.0
config_B_high_mut,26,45,99.90326970320629,85.72131654070375,44.7349494949495,1.0
config_B_high_mut,26,46,99.90326970320629,87.12683601119062,44.813737373737375,1.0
config_B_high_mut,26,47,99.90326970320629,87.12360188550642,44.737575757575755,1.0
config_B_high_mut,26,48,99.90326970320629,87.34462549807523,44.07818181818182,1.0
config_B_high_mut,26,49,99.90326970320629,87.62730176791919,44.281010101010104,1.0
config_B_high_mut,26,50,99.90326970320629,86.22091833973847,44.30585858585859,1.0
config_B_high_mut,27,0,94.83618810595068,66.83784449755679,47.497979797979795,1.0
config_B_high_mut,27,1,94.83618810595068,66.83784449755679,47.497979797979795,1.0
config_B_high_mut,27,2,94.83618810595068,75.59127659919908,46.99333333333333,1.0
config_B_high_mut,27,3,94.83618810595068,79.53348097230077,46.601616161616164,1.0
config_B_high_mut,27,4,95.28415912078245,81.55642441775916,46.134949494949495,1.0
config_B_high_mut,27,5,95.78875087238502,82.2097230493196,45.903232323232324,1.0
config_B_high_mut,27,6,95.78875087238502,83.87381488145871,45.59090909090909,1.0
config_B_high_mut,27,7,96.2188712933209,84.5645197039704,45.56040404040404,1.0
config_B_high_mut,27,8,96.2188712933209,85.12450396763758,45.43919191919192,1.0
config_B_high_mut,27,9,96.2188712933209,85.84470187299219,45.35717171717172,1.0
config_B_high_mut,27,10,96.27835822190536,85.33402156890972,45.09959595959596,1.0
config_B_high_mut,27,11,96.27835822190536,84.7470167047775,44.887070707070706,1.0
config_B_high_mut,27,12,96.27835822190536,85.2751902775041,44.954343434343436,1.0
config_B_high_mut,27,13,96.41207398185276,84.83415436352477,44.89393939393939,1.0
config_B_high_mut,27,14,96.41207398185276,86.63308978249755,44.57070707070707,1.0
config_B_high_mut,27,15,96.41207398185276,84.47421240245666,44.398989898989896,1.0
config_B_high_mut,27,16,99.74939641223517,85.03856563280522,44.247070707070705,1.0
config_B_high_mut,27,17,99.74939641223517,85.93069030571476,44.67636363636364,1.0
config_B_high_mut,27,18,99.8295689394386,86.92764496820487,44.18060606060606,1.0
config_B_high_mut,27,19,99.83648712579847,86.49324277998255,43.75515151515152,1.0
config_B_high_mut,27,20,99.83648712579847,85.5875509298421,44.474141414141414,1.0
config_B_high_mut,27,21,99.85493125794017,86.9303059323621,44.13535353535354,1.0
config_B_high_mut,27,22,99.85493125794017,86.37470369307455,44.07818181818182,1.0
config_B_high_mut,27,23,99.85948442511442,86.7938074807872,44.838787878787876,1.0
config_B_high_mut,27,24,99.85948442511442,87.71306336991091,44.947272727272725,1.0
config_B_high_mut,27,25,99.85948442511442,86.92238624496169,45.21454545454545,1.0
config_B_high_mut,27,26,99.85948442511442,86.43457582077532,44.843636363636364,1.0
config_B_high_mut,27,27,99.8982155208602,87.73293829162529,44.71979797979798,1.0
config_B_high_mut,27,28,99.8982155208602,86.85816528218233,44.561616161616165,1.0
config_B_high_mut,27,29,99.8982155208602,87.18007026350864,44.587878787878786,1.0
config_B_high_mut,27,30,99.8982155208602,88.32529630325618,44.42727272727273,1.0
config_B_high_mut,27,31,99.8982155208602,86.92988984531068,44.62323232323232,1.0
config_B_high_mut,27,32,99.8982155208602,87.41737001180589,44.54666666666667,1.0
config_B_high_mut,27,33,99.8982155208602,88.40368578508084,44.33474747474747,1.0
config_B_high_mut,27,34,99.8982155208602,87.73102880720224,44.3559595959596,1.0
config_B_high_mut,27,35,99.8982155208602,87.39544317648462,43.92565656565657,1.0
config_B_high_mut,27,36,99.8982155208602,86.72708396726013,44.546868686868685,1.0
config_B_high_mut,27,37,99.8982155208602,87.14540395181248,44.64,1.0
config_B_high_mut,27,38,99.8982155208602,86.71915483153913,44.607676767676764,1.0
config_B_high_mut,27,39,99.8982155208602,86.51356961639588,44.66747474747475,1.0
config_B_high_mut,27,40,99.8982155208602,85.32104557505801,44.398989898989896,1.0
config_B_high_mut,27,41,99.8982155208602,87.19965047593939,44.726868686868684,1.0
config_B_high_mut,27,42,99.8982155208602,86.69404634022803,44.77010101010101,1.0
config_B_high_mut,27,43,99.8982155208602,85.28231529403975,44.766666666666666,1.0
config_B_high_mut,27,44,99.8982155208602,86.88636328789245,44.077171717171716,1.0
config_B_high_mut,27,45,99.8982155208602,85.82171610876888,43.94686868686869,1.0
config_B_high_mut,27,46,99.8982155208602,86.3573632966052,44.005656565656565,1.0
config_B_high_mut,27,47,99.8982155208602,85.73283667908895,44.03454545454545,1.0
config_B_high_mut,27,48,99.8982155208602,85.83135530209238,44.50666666666667,1.0
config_B_high_mut,27,49,99.8982155208602,85.63808101267021,44.52848484848485,1.0
config_B_high_mut,27,50,99.8982155208602,83.85190245594693,44.22525252525252,1.0
config_B_high_mut,28,0,94.15630695662784,66.04767622155597,47.51414141414141,1.0
config_B_high_mut,28,1,94.15630695662784,66.04767622155597,47.51414141414141,1.0
config_B_high_mut,28,2,94.47057896978711,75.53987572504437,46.9559595959596,1.0
config_B_high_mut,28,3,94.59358832534674,79.52830068742148,46.5189898989899,1.0
config_B_high_mut,28,4,95.54573616119214,83.46309351594802,45.93979797979798,1.0
config_B_high_mut,28,5,96.08028446013404,84.40758146005186,45.7210101010101,1.0
config_B_high_mut,28,6,96.08028446013404,84.1618533167242,45.45696969696969,1.0
config_B_high_mut,28,7,96.14994842611665,84.93319521516813,45.173737373737374,1.0
config_B_high_mut,28,8,96.19570182483916,86.03120835838908,44.96909090909091,1.0
config_B_high_mut,28,9,96.34026060976605,86.1031086865839,44.66949494949495,1.0
config_B_high_mut,28,10,96.38185947632915,86.3405799022925,44.60848484848485,1.0
config_B_high_mut,28,11,99.83725769269746,86.8482772172224,44.52848484848485,1.0
config_B_high_mut,28,12,99.83725769269746,87.01483228356066,44.75030303030303,1.0
config_B_high_mut,28,13,99.85211854207134,86.30764031781251,44.550909090909094,1.0
config_B_high_mut,28,14,99.85211854207134,87.82770596378563,44.34949494949495,1.0
config_B_high_mut,28,15,99.87208263545963,87.68067978655422,44.7020202020202,1.0
config_B_high_mut,28,16,99.87208263545963,88.54587243708804,44.46060606060606,1.0
config_B_high_mut,28,17,99.87208263545963,88.9900079717233,44.377575757575755,1.0
config_B_high_mut,28,18,99.87208263545963,86.77205903978445,44.69919191919192,1.0
config_B_high_mut,28,19,99.87208263545963,89.08772602554083,45.18767676767677,1.0
config_B_high_mut,28,20,99.87208263545963,87.86658075803615,45.00787878787879,1.0
config_B_high_mut,28,21,99.89617337189037,88.42067051936934,44.593939393939394,1.0
config_B_high_mut,28,22,99.89617337189037,89.33891602987516,45.11575757575758,1.0
config_B_high_mut,28,23,99.89617337189037,87.9979856496914,45.24262626262626,1.0
config_B_high_mut,28,24,99.89712208374542,87.17425571182751,45.06141414141414,1.0
config_B_high_mut,28,25,99.89712208374542,86.47955028646714,44.89030303030303,1.0
config_B_high_mut,28,26,99.89712208374542,86.31919609365688,44.93212121212121,1.0
config_B_high_mut,28,27,99.89712208374542,86.97418668437513,44.13111111111111,1.0
config_B_high_mut,28,28,99.89712208374542,85.92275723060209,44.431717171717175,1.0
config_B_high_mut,28,29,99.89712208374542,86.30564231786802,43.65010101010101,1.0
config_B_high_mut,28,30,99.89712208374542,86.88499706067125,42.81717171717172,1.0
config_B_high_mut,28,31,99.89712208374542,85.90280763109462,43.44747474747475,1.0
config_B_high_mut,28,32,99.89712208374542,85.86207810085303,43.77818181818182,1.0
config_B_high_mut,28,33,99.89712208374542,87.0969941942224,43.852525252525254,1.0
config_B_high_mut,28,34,99.89712208374542,85.16921559127961,44.07010101010101,1.0
config_B_high_mut,28,35,99.89712208374542,87.2774829782249,43.77010101010101,1.0
config_B_high_mut,28,36,99.89712208374542,86.36454313374759,43.01535353535353,1.0
config_B_high_mut,28,37,99.89712208374542,86.84999735710265,42.72787878787879,1.0
config_B_high_mut,28,38,99.89712208374542,86.90631520796538,43.74040404040404,1.0
config_B_high_mut,28,39,99.89712208374542,85.5619910924195,43.387676767676766,1.0
config_B_high_mut,28,40,99.89712208374542,87.28154442694222,43.64343434343434,1.0
config_B_high_mut,28,41,99.89712208374542,87.25549103082652,43.695151515151515,1.0
config_B_high_mut,28,42,99.89712208374542,85.84233021865904,42.72909090909091,1.0
config_B_high_mut,28,43,99.89712208374542,85.78211050756488,43.45838383838384,1.0
config_B_high_mut,28,44,99.89712208374542,85.67421156197933,42.60606060606061,1.0
config_B_high_mut,28,45,99.89712208374542,87.39110168393042,42.616565656565655,1.0
config_B_high_mut,28,46,99.89712208374542,85.88231731183936,43.089090909090906,1.0
config_B_high_mut,28,47,99.89712208374542,85.74420253979386,43.55070707070707,1.0
config_B_high_mut,28,48,99.89712208374542,85.94973143240699,42.03050505050505,1.0
config_B_high_mut,28,49,99.89712208374542,87.25413903204597,41.32181818181818,1.0
config_B_high_mut,28,50,99.89712208374542,87.39465932214543,41.40161616161616,1.0
config_B_high_mut,29,0,94.22609447531882,67.12943391823133,47.493737373737375,1.0
config_B_high_mut,29,1,94.22609447531882,67.12943391823133,47.493737373737375,1.0
config_B_high_mut,29,2,94.7858668059936,74.43030235680882,46.957979797979796,1.0
config_B_high_mut,29,3,95.22719794446272,81.06899324140342,46.31656565656566,1.0
config_B_high_mut,29,4,95.71311677829553,82.49465685263237,45.998585858585855,1.0
config_B_high_mut,29,5,95.71311677829553,83.11705477968322,45.68343434343434,1.0
config_B_high_mut,29,6,96.2524621221377,84.38829902081618,45.084242424242426,1.0
config_B_high_mut,29,7,96.2524621221377,84.23044223692601,45.07636363636364,1.0
config_B_high_mut,29,8,96.2524621221377,85.04438116807036,45.124242424242425,1.0
config_B_high_mut,29,9,99.73387246296787,85.49658434487208,45.03232323232323,1.0
config_B_high_mut,29,10,99.73387246296787,83.29913258317771,45.388282828282826,1.0
config_B_high_mut,29,11,99.73387246296787,85.7500792527837,45.51717171717172,1.0
config_B_high_mut,29,12,99.82578633916334,85.91422233468823,45.55070707070707,1.0
config_B_high_mut,29,13,99.82578633916334,84.76599598113464,45.80323232323232,1.0
config_B_high_mut,29,14,99.8476902013645,86.06326997906257,45.78121212121212,1.0
config_B_high_mut,29,15,99.8476902013645,86.05942442312018,45.64989898989899,1.0
config_B_high_mut,29,16,99.89744495396121,86.33704411803559,45.29939393939394,1.0
config_B_high_mut,29,17,99.89744495396121,85.528091360247,44.96787878787879,1.0
config_B_high_mut,29,18,99.89744495396121,85.14404187860382,44.997979797979795,1.0
config_B_high_mut,29,19,99.89744495396121,85.0748515919921,45.202828282828285,1.0
config_B_high_mut,29,20,99.89744495396121,85.23094210257489,45.27818181818182,1.0
config_B_high_mut,29,21,99.89744495396121,86.03621467687844,45.37979797979798,1.0
config_B_high_mut,29,22,99.89744495396121,85.34249728726076,45.530707070707074,1.0
config_B_high_mut,29,23,99.89744495396121,85.46898442810715,45.43070707070707,1.0
config_B_high_mut,29,24,99.90045698733746,85.87712277385917,44.88424242424242,1.0
config_B_high_mut,29,25,99.90045698733746,86.94320793195618,44.1789898989899,1.0
config_B_high_mut,29,26,99.90045698733746,86.92483702709515,44.07434343434343,1.0
config_B_high_mut,29,27,99.90045698733746,87.15947026692153,44.02020202020202,1.0
config_B_high_mut,29,28,99.90045698733746,85.86462256470682,44.844646464646466,1.0
config_B_high_mut,29,29,99.90045698733746,85.94560535599003,45.08121212121212,1.0
config_B_high_mut,29,30,99.90045698733746,86.5332214465736,45.213737373737374,1.0
config_B_high_mut,29,31,99.90045698733746,84.5975126654831,45.213535353535356,1.0
config_B_high_mut,29,32,99.90045698733746,86.46884711873732,45.33151515151515,1.0
config_B_high_mut,29,33,99.90045698733746,85.55950418936818,45.60484848484848,1.0
config_B_high_mut,29,34,99.90045698733746,85.40293165609154,44.97373737373737,1.0
config_B_high_mut,29,35,99.90045698733746,86.39085974444478,44.84686868686869,1.0
config_B_high_mut,29,36,99.90045698733746,85.82010822538578,45.086262626262624,1.0
config_B_high_mut,29,37,99.90045698733746,86.95406117347387,44.56909090909091,1.0
config_B_high_mut,29,38,99.90045698733746,86.61037362003282,43.846666666666664,1.0
config_B_high_mut,29,39,99.9116054706558,87.0469987648437,43.41535353535353,1.0
config_B_high_mut,29,40,99.9116054706558,87.48270777314993,43.41919191919192,1.0
config_B_high_mut,29,41,99.9116054706558,87.49373202167656,43.24565656565657,1.0
config_B_high_mut,29,42,99.9116054706558,86.23631865984395,42.92323232323233,1.0
config_B_high_mut,29,43,99.9116054706558,86.84434139646834,43.10444444444445,1.0
config_B_high_mut,29,44,99.9116054706558,88.33045454218863,42.44262626262626,1.0
config_B_high_mut,29,45,99.9116054706558,87.9757538244599,43.25252525252525,1.0
config_B_high_mut,29,46,99.9116054706558,86.74615804077564,43.33737373737374,1.0
config_B_high_mut,29,47,99.9116054706558,87.16502382163215,42.465050505050506,1.0
config_B_high_mut,29,48,99.9116054706558,88.58943976679498,43.72181818181818,1.0
config_B_high_mut,29,49,99.9116054706558,87.50266085946609,43.786464646464644,1.0
config_B_high_mut,29,50,99.9116054706558,87.28346380458429,43.86181818181818,1.0
config_C_uniform_cx,0,0,93.07364761962563,67.63908584095923,47.50606060606061,1.0
config_C_uniform_cx,0,1,93.07364761962563,67.63908584095923,47.50606060606061,1.0
config_C_uniform_cx,0,2,93.57618810595068,77.08563581884702,46.81393939393939,0.99
config_C_uniform_cx,0,3,95.47107730714232,80.93683054852448,45.453737373737376,1.0
config_C_uniform_cx,0,4,96.13335153971386,83.13449867266269,44.93555555555555,1.0
config_C_uniform_cx,0,5,96.13335153971386,86.90785436521881,43.40525252525253,1.0
config_C_uniform_cx,0,6,96.22258254307357,88.15945020536114,41.487878787878785,1.0
config_C_uniform_cx,0,7,99.84987707559407,89.3688762921674,41.71393939393939,1.0
config_C_uniform_cx,0,8,99.84987707559407,90.16381543335187,41.15878787878788,1.0
config_C_uniform_cx,0,9,99.84987707559407,91.81790824389947,40.15010101010101,1.0
config_C_uniform_cx,0,10,99.85005522055012,91.60331985546269,39.783838383838386,1.0
config_C_uniform_cx,0,11,99.89162020471612,94.2557469787886,39.713535353535356,1.0
config_C_uniform_cx,0,12,99.89162020471612,94.90538555619345,39.0979797979798,1.0
config_C_uniform_cx,0,13,99.89540280499138,95.06528347800595,38.026060606060604,1.0
config_C_uniform_cx,0,14,99.91083490375681,96.1670030962582,37.56666666666667,0.99
config_C_uniform_cx,0,15,99.91083490375681,95.39881753054087,37.09979797979798,1.0
config_C_uniform_cx,0,16,99.91083490375681,95.76470680453198,37.26585858585859,0.99
config_C_uniform_cx,0,17,99.91083490375681,94.68567829953322,37.63010101010101,1.0
config_C_uniform_cx,0,18,99.91083490375681,95.31904186162973,37.84040404040404,1.0
config_C_uniform_cx,0,19,99.91083490375681,95.36118060867803,37.578383838383836,1.0
config_C_uniform_cx,0,20,99.91967168637815,95.37800307848589,37.35050505050505,1.0
config_C_uniform_cx,0,21,99.91967168637815,94.81297900863272,36.853131313131314,1.0
config_C_uniform_cx,0,22,99.92325496914597,95.71228811398247,35.951919191919195,0.99
config_C_uniform_cx,0,23,99.92325496914597,95.84456462187224,35.61434343434343,1.0
config_C_uniform_cx,0,24,99.92325496914597,96.43412101952403,34.81454545454545,0.98
config_C_uniform_cx,0,25,99.92830915149207,94.83673725304135,32.734545454545454,0.98
config_C_uniform_cx,0,26,99.92830915149207,95.10459424267668,32.518181818181816,1.0
config_C_uniform_cx,0,27,99.92907971839107,94.99743354063075,31.821010101010103,1.0
config_C_uniform_cx,0,28,99.92907971839107,95.30275734100687,30.2830303030303,0.99
config_C_uniform_cx,0,29,99.92907971839107,95.55832940481031,29.808888888888887,0.99
config_C_uniform_cx,0,30,99.92907971839107,94.9426650063763,30.988888888888887,0.99
config_C_uniform_cx,0,31,99.92907971839107,95.05422973072446,30.36,0.99
config_C_uniform_cx,0,32,99.92907971839107,94.97390364327111,29.150909090909092,0.99
config_C_uniform_cx,0,33,99.92907971839107,96.33966224796173,27.627070707070708,0.99
config_C_uniform_cx,0,34,99.92907971839107,96.65576505464982,27.27232323232323,0.99
config_C_uniform_cx,0,35,99.92907971839107,96.41069988436435,27.315151515151516,0.99
config_C_uniform_cx,0,36,99.92907971839107,95.79544064689766,26.832929292929293,0.99
config_C_uniform_cx,0,37,99.92907971839107,96.54588571363753,25.963030303030305,0.99
config_C_uniform_cx,0,38,99.92907971839107,95.54254535907563,24.163636363636364,0.99
config_C_uniform_cx,0,39,99.92907971839107,95.14654058929818,24.992323232323233,0.99
config_C_uniform_cx,0,40,99.92907971839107,95.77385574462062,24.79252525252525,0.99
config_C_uniform_cx,0,41,99.92907971839107,96.4693607019953,22.633939393939393,0.99
config_C_uniform_cx,0,42,99.92907971839107,95.74184017867574,22.855959595959597,0.99
config_C_uniform_cx,0,43,99.92907971839107,95.90706560441308,23.207070707070706,0.99
config_C_uniform_cx,0,44,99.92907971839107,97.1985462082704,23.47858585858586,0.99
config_C_uniform_cx,0,45,99.92907971839107,96.46817147801622,23.00929292929293,0.99
config_C_uniform_cx,0,46,99.92907971839107,96.93552415719545,21.599393939393938,0.99
config_C_uniform_cx,0,47,99.92907971839107,96.68126720970577,22.115959595959595,0.99
config_C_uniform_cx,0,48,99.92907971839107,96.32655314355453,22.001616161616163,0.99
config_C_uniform_cx,0,49,99.92907971839107,96.2268727222762,21.08949494949495,0.99
config_C_uniform_cx,0,50,99.92907971839107,96.2904593665265,19.962020202020202,0.99
config_C_uniform_cx,1,0,92.72229714098324,67.36108699983637,47.51171717171717,1.0
config_C_uniform_cx,1,1,92.72229714098324,67.36108699983637,47.51171717171717,1.0
config_C_uniform_cx,1,2,94.36835665164665,78.42181463820697,46.66080808080808,1.0
config_C_uniform_cx,1,3,95.55703002337226,81.95359684816881,45.695757575757575,1.0
config_C_uniform_cx,1,4,96.11695867284968,86.78215952534082,45.03151515151515,1.0
config_C_uniform_cx,1,5,96.43033950633759,87.58008973325951,44.34020202020202,1.0
config_C_uniform_cx,1,6,99.82073215681726,89.01479552628892,43.292929292929294,1.0
config_C_uniform_cx,1,7,99.82073215681726,90.62067127566303,42.17919191919192,1.0
config_C_uniform_cx,1,8,99.89239077161511,91.20098125340304,41.345454545454544,1.0
config_C_uniform_cx,1,9,99.89239077161511,92.64027232953103,39.97575757575758,1.0
config_C_uniform_cx,1,10,99.89239077161511,93.39766746171318,39.18828282828283,1.0
config_C_uniform_cx,1,11,99.89239077161511,93.19507439335374,37.74565656565657,1.0
config_C_uniform_cx,1,12,99.89239077161511,94.00787535239326,37.254141414141415,1.0
config_C_uniform_cx,1,13,99.89239077161511,93.63030160288575,38.16808080808081,1.0
config_C_uniform_cx,1,14,99.89239077161511,93.29447691733976,37.6440404040404,1.0
config_C_uniform_cx,1,15,99.91441818652463,94.0551915605104,37.28808080808081,1.0
config_C_uniform_cx,1,16,99.91441818652463,93.1932464520953,36.43131313131313,1.0
config_C_uniform_cx,1,17,99.91665965300189,94.24991239948446,34.971717171717174,0.97
config_C_uniform_cx,1,18,99.91665965300189,94.52368208318433,34.97010101010101,0.99
config_C_uniform_cx,1,19,99.91665965300189,94.96388062458131,34.31515151515151,1.0
config_C_uniform_cx,1,20,99.91665965300189,93.38493957084569,35.09838383838384,1.0
config_C_uniform_cx,1,21,99.91665965300189,92.89030746130267,34.218989898989896,1.0
config_C_uniform_cx,1,22,99.91665965300189,94.08317214608215,34.033535353535356,1.0
config_C_uniform_cx,1,23,99.91665965300189,92.85485963446146,33.42606060606061,1.0
config_C_uniform_cx,1,24,99.91665965300189,94.86684842559161,32.20747474747475,0.99
config_C_uniform_cx,1,25,99.91665965300189,94.67083272187186,31.543838383838384,0.99
config_C_uniform_cx,1,26,99.91665965300189,94.95634897479212,32.47858585858586,0.99
config_C_uniform_cx,1,27,99.91665965300189,96.2848497149389,31.952727272727273,0.99
config_C_uniform_cx,1,28,99.91665965300189,94.76339528449189,32.076565656565656,0.99
config_C_uniform_cx,1,29,99.91665965300189,95.54031417363329,32.89575757575758,0.99
config_C_uniform_cx,1,30,99.91665965300189,94.7393203738362,33.6139393939394,0.99
config_C_uniform_cx,1,31,99.91665965300189,95.4550854865961,32.71212121212121,0.99
config_C_uniform_cx,1,32,99.92044225327714,95.68829169107204,31.19818181818182,0.99
config_C_uniform_cx,1,33,99.92044225327714,94.69161396350385,31.83050505050505,1.0
config_C_uniform_cx,1,34,99.92044225327714,94.30971048715517,32.5149494949495,1.0
config_C_uniform_cx,1,35,99.92044225327714,94.88370458308059,33.207676767676766,1.0
config_C_uniform_cx,1,36,99.92044225327714,95.0728346439071,32.735757575757575,1.0
config_C_uniform_cx,1,37,99.92044225327714,94.4715661686509,32.942424242424245,1.0
config_C_uniform_cx,1,38,99.92044225327714,95.40193971072723,33.09717171717172,1.0
config_C_uniform_cx,1,39,99.92044225327714,96.4057268612959,32.49757575757576,1.0
config_C_uniform_cx,1,40,99.92044225327714,95.7921318055078,33.15737373737374,1.0
config_C_uniform_cx,1,41,99.92044225327714,95.25203039188138,32.991919191919195,1.0
config_C_uniform_cx,1,42,99.92044225327714,95.11794002256879,32.33252525252525,1.0
config_C_uniform_cx,1,43,99.92044225327714,96.2559422640459,31.41838383838384,1.0
config_C_uniform_cx,1,44,99.92044225327714,95.13575397466244,31.903434343434345,1.0
config_C_uniform_cx,1,45,99.92044225327714,94.4051373564567,32.99515151515151,1.0
config_C_uniform_cx,1,46,99.92044225327714,95.22177099098964,32.33313131313131,1.0
config_C_uniform_cx,1,47,99.92044225327714,94.7254022914093,31.072727272727274,1.0
config_C_uniform_cx,1,48,99.92044225327714,95.80376576979545,30.71030303030303,1.0
config_C_uniform_cx,1,49,99.92044225327714,94.56853183624033,31.626868686868686,1.0
config_C_uniform_cx,1,50,99.92044225327714,94.84999816773811,32.50161616161616,1.0
config_C_uniform_cx,2,0,93.8911486576649,68.08341388054073,47.47191919191919,1.0
config_C_uniform_cx,2,1,93.8911486576649,68.08341388054073,47.47191919191919,1.0
config_C_uniform_cx,2,2,95.04253190240156,75.9437684304094,46.666060606060604,1.0
config_C_uniform_cx,2,3,95.0945876778738,81.30097119185518,45.51595959595959,1.0
config_C_uniform_cx,2,4,96.11198789726987,85.22703404485672,44.56565656565657,1.0
config_C_uniform_cx,2,5,99.80562292826761,86.05134751221087,43.9420202020202,0.99
config_C_uniform_cx,2,6,99.86735132332933,90.15392759879121,42.57313131313131,1.0
config_C_uniform_cx,2,7,99.86735132332933,90.64926826168134,41.73535353535353,1.0
config_C_uniform_cx,2,8,99.86735132332933,91.78475958682799,41.00585858585858,1.0
config_C_uniform_cx,2,9,99.87337539008186,91.99311330806864,40.378181818181815,1.0
config_C_uniform_cx,2,10,99.87337539008186,92.37648370839972,39.635555555555555,1.0
config_C_uniform_cx,2,11,99.88201285519577,93.59603548805698,39.11555555555555,1.0
config_C_uniform_cx,2,12,99.88201285519577,94.22516534083334,38.45070707070707,0.99
config_C_uniform_cx,2,13,99.88753590677645,94.5710168198244,37.72161616161616,0.99
config_C_uniform_cx,2,14,99.88753590677645,95.04991632958777,37.562222222222225,1.0
config_C_uniform_cx,2,15,99.88753590677645,96.10192704213836,38.06686868686869,1.0
config_C_uniform_cx,2,16,99.88753590677645,94.16798119468693,38.53030303030303,1.0
config_C_uniform_cx,2,17,99.88753590677645,94.49445806014383,38.41131313131313,1.0
config_C_uniform_cx,2,18,99.88880748884729,95.09172671257089,37.32282828282828,1.0
config_C_uniform_cx,2,19,99.88880748884729,95.62258289090974,36.51414141414141,1.0
config_C_uniform_cx,2,20,99.89841483836763,95.77754655388772,35.74505050505051,1.0
config_C_uniform_cx,2,21,99.89841483836763,96.55428668906694,34.39171717171717,1.0
config_C_uniform_cx,2,22,99.89841483836763,95.48972291404185,32.887676767676766,1.0
config_C_uniform_cx,2,23,99.9100643368578,95.21139884689146,33.144444444444446,1.0
config_C_uniform_cx,2,24,99.91287705272664,95.91085117785455,33.78606060606061,1.0
config_C_uniform_cx,2,25,99.91364761962564,95.98078438532589,34.39555555555555,1.0
config_C_uniform_cx,2,26,99.91364761962564,94.76347004040572,34.84868686868687,0.99
config_C_uniform_cx,2,27,99.91364761962564,95.61642909518437,34.994343434343435,1.0
config_C_uniform_cx,2,28,99.91364761962564,96.25612541107367,34.49959595959596,1.0
config_C_uniform_cx,2,29,99.91364761962564,94.7277288707736,34.431717171717175,1.0
config_C_uniform_cx,2,30,99.91364761962564,94.51725906165566,35.31474747474748,1.0
config_C_uniform_cx,2,31,99.92024293576972,95.59811984882715,34.841818181818184,0.99
config_C_uniform_cx,2,32,99.92024293576972,95.61266656776091,34.71878787878788,1.0
config_C_uniform_cx,2,33,99.92024293576972,96.21411005362667,33.217777777777776,1.0
config_C_uniform_cx,2,34,99.92024293576972,96.47540418416993,32.39939393939394,0.99
config_C_uniform_cx,2,35,99.92248440224698,96.40473842691323,30.543030303030303,0.99
config_C_uniform_cx,2,36,99.93490446763616,95.82780669569338,29.442626262626263,1.0
config_C_uniform_cx,2,37,99.93490446763616,96.32884695543935,26.904242424242423,1.0
config_C_uniform_cx,2,38,99.93490446763616,95.96689028683585,25.22040404040404,1.0
config_C_uniform_cx,2,39,99.93490446763616,95.86182906130419,23.88080808080808,1.0
config_C_uniform_cx,2,40,99.93490446763616,96.10320771874889,24.68868686868687,1.0
config_C_uniform_cx,2,41,99.93490446763616,96.14798627614255,25.17858585858586,1.0
config_C_uniform_cx,2,42,99.93490446763616,96.95833175327849,23.651717171717173,1.0
config_C_uniform_cx,2,43,99.93490446763616,96.02702584243342,23.19191919191919,1.0
config_C_uniform_cx,2,44,99.93771718350499,96.20149437332554,23.728484848484847,1.0
config_C_uniform_cx,2,45,99.93771718350499,96.2117503089716,23.046666666666667,1.0
config_C_uniform_cx,2,46,99.93771718350499,95.49037647686993,21.38969696969697,1.0
config_C_uniform_cx,2,47,99.93771718350499,96.13832254365498,22.107474747474747,1.0
config_C_uniform_cx,2,48,99.93771718350499,96.15729302192658,21.881818181818183,1.0
config_C_uniform_cx,2,49,99.93771718350499,96.61139011313112,23.07959595959596,1.0
config_C_uniform_cx,2,50,99.93771718350499,96.6904100209178,24.04080808080808,1.0
config_C_uniform_cx,3,0,94.19673100352448,66.77664488243137,47.50282828282828,1.0
config_C_uniform_cx,3,1,94.19673100352448,66.77664488243137,47.50282828282828,1.0
config_C_uniform_cx,3,2,95.57458767787381,76.98004510813844,46.54606060606061,1.0
config_C_uniform_cx,3,3,95.57458767787381,83.4973524180981,45.277373737373736,1.0
config_C_uniform_cx,3,4,96.29066237655339,84.15367679588948,43.796565656565654,1.0
config_C_uniform_cx,3,5,96.29066237655339,87.47841998070543,43.253535353535355,1.0
config_C_uniform_cx,3,6,96.29066237655339,89.195921027119,42.73313131313132,1.0
config_C_uniform_cx,3,7,99.84104029297272,91.16259598468461,41.003838383838385,1.0
config_C_uniform_cx,3,8,99.86229714098324,91.89127975206759,39.76222222222222,0.99
config_C_uniform_cx,3,9,99.89162020471612,91.85427703705284,39.447878787878786,1.0
config_C_uniform_cx,3,10,99.89162020471612,93.18464786945029,39.301818181818184,1.0
config_C_uniform_cx,3,11,99.89162020471612,93.78696404903245,38.346060606060604,1.0
config_C_uniform_cx,3,12,99.89162020471612,94.12372524977921,37.93676767676768,1.0
config_C_uniform_cx,3,13,99.89162020471612,94.3982925014076,38.2640404040404,1.0
config_C_uniform_cx,3,14,99.89162020471612,94.62543077707744,37.587878787878786,1.0
config_C_uniform_cx,3,15,99.89162020471612,94.68921415243801,37.013333333333335,1.0
config_C_uniform_cx,3,16,99.89162020471612,95.0681663639485,36.31838383838384,1.0
config_C_uniform_cx,3,17,99.91665965300189,96.00322130116417,35.72888888888889,1.0
config_C_uniform_cx,3,18,99.91665965300189,96.83864118526519,35.63272727272727,1.0
config_C_uniform_cx,3,19,99.91665965300189,94.39612248920812,36.4389898989899,1.0
config_C_uniform_cx,3,20,99.91665965300189,94.61265084762226,36.536161616161614,1.0
config_C_uniform_cx,3,21,99.91665965300189,93.49522909210684,36.325656565656566,1.0
config_C_uniform_cx,3,22,99.91665965300189,95.05701384288444,35.54646464646465,1.0
config_C_uniform_cx,3,23,99.91665965300189,94.9048047313434,34.741010101010104,1.0
config_C_uniform_cx,3,24,99.91665965300189,96.39532056070783,32.01838383838384,1.0
config_C_uniform_cx,3,25,99.91665965300189,95.83468860163103,32.50585858585858,1.0
config_C_uniform_cx,3,26,99.91665965300189,95.96400745726207,30.844444444444445,1.0
config_C_uniform_cx,3,27,99.9174302199009,96.7544544665166,29.407272727272726,1.0
config_C_uniform_cx,3,28,99.9174302199009,96.36269084074632,28.8420202020202,1.0
config_C_uniform_cx,3,29,99.9174302199009,96.14505492034186,30.3620202020202,1.0
config_C_uniform_cx,3,30,99.9174302199009,95.95419419181542,29.746262626262627,1.0
config_C_uniform_cx,3,31,99.9174302199009,95.29581288632015,29.805252525252524,1.0
config_C_uniform_cx,3,32,99.9174302199009,95.50470295152004,29.973737373737375,1.0
config_C_uniform_cx,3,33,99.9174302199009,96.04899866976166,30.001010101010102,1.0
config_C_uniform_cx,3,34,99.9174302199009,97.03258868630887,29.387878787878787,1.0
config_C_uniform_cx,3,35,99.9174302199009,96.43541896308781,29.32808080808081,1.0
config_C_uniform_cx,3,36,99.9174302199009,95.78670555459881,29.06767676767677,1.0
config_C_uniform_cx,3,37,99.9174302199009,95.85823136878952,30.32808080808081,1.0
config_C_uniform_cx,3,38,99.9174302199009,95.63179379716661,30.64848484848485,1.0
config_C_uniform_cx,3,39,99.9174302199009,95.20878148295463,30.847272727272728,0.99
config_C_uniform_cx,3,40,99.91947236887071,95.4878743769036,31.006666666666668,0.99
config_C_uniform_cx,3,41,99.91947236887071,96.13570525515577,30.952727272727273,1.0
config_C_uniform_cx,3,42,99.91947236887071,96.47321780394586,29.901212121212122,1.0
config_C_uniform_cx,3,43,99.91947236887071,96.36510332308006,29.597979797979797,1.0
config_C_uniform_cx,3,44,99.91947236887071,96.17259351030792,30.017373737373738,1.0
config_C_uniform_cx,3,45,99.91947236887071,95.45716154395714,30.52929292929293,1.0
config_C_uniform_cx,3,46,99.91947236887071,96.51227269644481,30.75959595959596,1.0
config_C_uniform_cx,3,47,99.91947236887071,97.05537308709818,31.135959595959594,1.0
config_C_uniform_cx,3,48,99.91947236887071,95.71699077922362,31.803030303030305,1.0
config_C_uniform_cx,3,49,99.91947236887071,95.42814076203662,31.514949494949494,1.0
config_C_uniform_cx,3,50,99.91947236887071,95.84332996901102,31.035151515151515,1.0
config_C_uniform_cx,4,0,94.65749245411578,67.20566602543983,47.528888888888886,1.0
config_C_uniform_cx,4,1,94.65749245411578,67.20566602543983,47.528888888888886,1.0
config_C_uniform_cx,4,2,96.40650940590776,76.07900152148595,46.61131313131313,0.99
config_C_uniform_cx,4,3,99.85762042110063,83.58610728417572,45.81515151515151,1.0
config_C_uniform_cx,4,4,99.85762042110063,85.64931511956033,44.49636363636364,1.0
config_C_uniform_cx,4,5,99.88278342209478,89.4714711831065,43.42808080808081,0.99
config_C_uniform_cx,4,6,99.88278342209478,91.00602704451016,41.089090909090906,1.0
config_C_uniform_cx,4,7,99.88278342209478,92.39659432321443,40.2640404040404,1.0
config_C_uniform_cx,4,8,99.88278342209478,93.1217024858458,40.177373737373735,0.98
config_C_uniform_cx,4,9,99.88278342209478,93.893243321251,38.24727272727273,0.98
config_C_uniform_cx,4,10,99.88278342209478,95.12945902318222,38.183838383838385,0.99
config_C_uniform_cx,4,11,99.88278342209478,95.23547363471127,37.84888888888889,0.99
config_C_uniform_cx,4,12,99.88278342209478,94.64239229490147,37.837575757575756,0.99
config_C_uniform_cx,4,13,99.89520348748394,94.99588297464398,37.287676767676764,0.98
config_C_uniform_cx,4,14,99.89520348748394,94.33270719331469,35.6620202020202,1.0
config_C_uniform_cx,4,15,99.89520348748394,94.3201153800485,36.00020202020202,1.0
config_C_uniform_cx,4,16,99.89520348748394,96.09792386380877,36.217373737373734,1.0
config_C_uniform_cx,4,17,99.89520348748394,95.90587626362802,36.44808080808081,1.0
config_C_uniform_cx,4,18,99.89617337189037,95.41387822909199,35.34565656565657,1.0
config_C_uniform_cx,4,19,99.89617337189037,94.5395755707563,35.642020202020205,1.0
config_C_uniform_cx,4,20,99.91820078679989,95.97364023794134,35.32141414141414,1.0
config_C_uniform_cx,4,21,99.91820078679989,95.09028749047158,34.89252525252525,1.0
config_C_uniform_cx,4,22,99.91820078679989,95.63308905689242,35.31939393939394,1.0
config_C_uniform_cx,4,23,99.91820078679989,95.46310774936539,35.9610101010101,1.0
config_C_uniform_cx,4,24,99.91820078679989,95.5904750742035,36.04666666666667,1.0
config_C_uniform_cx,4,25,99.91820078679989,96.40441570083046,35.824444444444445,0.99
config_C_uniform_cx,4,26,99.91820078679989,95.50872604486415,35.6250505050505,0.99
config_C_uniform_cx,4,27,99.92198338707514,96.46922907501995,34.996161616161615,0.98
config_C_uniform_cx,4,28,99.92198338707514,94.86668884993269,32.432323232323235,0.99
config_C_uniform_cx,4,29,99.92198338707514,94.92196757777116,30.637575757575757,1.0
config_C_uniform_cx,4,30,99.92198338707514,95.3052897313932,31.80040404040404,1.0
config_C_uniform_cx,4,31,99.92703756942123,95.50028173270883,31.523838383838385,1.0
config_C_uniform_cx,4,32,99.92703756942123,94.47884136978115,29.386464646464646,0.99
config_C_uniform_cx,4,33,99.92703756942123,95.61973235843939,29.066868686868688,1.0
config_C_uniform_cx,4,34,99.92703756942123,95.7553004881835,29.937979797979796,1.0
config_C_uniform_cx,4,35,99.92703756942123,95.50790965682796,30.694747474747476,1.0
config_C_uniform_cx,4,36,99.92703756942123,95.30036197913743,30.946262626262627,1.0
config_C_uniform_cx,4,37,99.92703756942123,95.29022356901913,31.385252525252525,0.99
config_C_uniform_cx,4,38,99.92703756942123,95.86912788711041,30.02060606060606,1.0
config_C_uniform_cx,4,39,99.92703756942123,95.64198340512938,30.184242424242424,1.0
config_C_uniform_cx,4,40,99.92703756942123,95.7379620064747,29.680404040404042,1.0
config_C_uniform_cx,4,41,99.92703756942123,95.8831274823982,30.053535353535352,1.0
config_C_uniform_cx,4,42,99.92703756942123,95.72496902644615,30.108080808080807,0.99
config_C_uniform_cx,4,43,99.92703756942123,96.01024064029943,27.92888888888889,1.0
config_C_uniform_cx,4,44,99.92703756942123,96.24575341628275,28.40161616161616,1.0
config_C_uniform_cx,4,45,99.92703756942123,95.4560656310122,29.874949494949494,1.0
config_C_uniform_cx,4,46,99.92703756942123,95.70183834713289,29.29252525252525,1.0
config_C_uniform_cx,4,47,99.92703756942123,95.57029815838108,28.439393939393938,1.0
config_C_uniform_cx,4,48,99.92703756942123,96.17665701437285,28.686464646464646,1.0
config_C_uniform_cx,4,49,99.92703756942123,95.57947826413486,28.250707070707072,0.98
config_C_uniform_cx,4,50,99.92703756942123,96.37618485342678,27.906060606060606,1.0
config_C_uniform_cx,5,0,93.60199812113545,66.93724240871073,47.48868686868687,1.0
config_C_uniform_cx,5,1,93.60199812113545,66.93724240871073,47.48868686868687,1.0
config_C_uniform_cx,5,2,95.58489692158719,77.83812922392119,46.480606060606064,0.99
config_C_uniform_cx,5,3,95.58489692158719,83.46444639799797,45.483636363636364,1.0
config_C_uniform_cx,5,4,96.37137632699012,86.02143015851887,44.33070707070707,1.0
config_C_uniform_cx,5,5,96.37137632699012,87.91494588530026,42.57272727272727,1.0
config_C_uniform_cx,5,6,96.37137632699012,89.53511964515222,41.81878787878788,1.0
config_C_uniform_cx,5,7,99.84231187504356,89.65178973659147,40.887070707070706,1.0
config_C_uniform_cx,5,8,99.86344517034573,91.1480429704624,40.29757575757576,1.0
config_C_uniform_cx,5,9,99.87394663947342,91.7774409386922,39.23050505050505,1.0
config_C_uniform_cx,5,10,99.87394663947342,92.28661962179062,37.73030303030303,1.0
config_C_uniform_cx,5,11,99.87920013932694,93.53303763023777,35.775757575757574,1.0
config_C_uniform_cx,5,12,99.87920013932694,94.00773138090597,35.92787878787879,0.99
config_C_uniform_cx,5,13,99.89239077161511,94.11554155733081,35.755959595959595,1.0
config_C_uniform_cx,5,14,99.89239077161511,93.78058235261777,34.94060606060606,0.99
config_C_uniform_cx,5,15,99.89239077161511,94.24099950062502,34.588484848484846,0.99
config_C_uniform_cx,5,16,99.89239077161511,94.99516752924391,34.77050505050505,0.99
config_C_uniform_cx,5,17,99.89239077161511,94.56063531574674,34.965050505050506,0.99
config_C_uniform_cx,5,18,99.90326970320629,95.43592903305154,34.97858585858586,0.99
config_C_uniform_cx,5,19,99.90326970320629,95.05495133787586,34.93676767676768,1.0
config_C_uniform_cx,5,20,99.90326970320629,94.52582012013504,34.75878787878788,1.0
config_C_uniform_cx,5,21,99.90326970320629,94.18588235353623,33.555151515151515,0.99
config_C_uniform_cx,5,22,99.90326970320629,94.87445556019222,32.94626262626262,1.0
config_C_uniform_cx,5,23,99.90326970320629,94.69097717276092,32.6250505050505,1.0
config_C_uniform_cx,5,24,99.90326970320629,94.61910893940129,32.20323232323232,1.0
config_C_uniform_cx,5,25,99.90326970320629,95.20244047625954,32.17717171717172,1.0
config_C_uniform_cx,5,26,99.90326970320629,95.48618850460903,32.04949494949495,0.99
config_C_uniform_cx,5,27,99.90326970320629,95.45325737849143,31.82181818181818,1.0
config_C_uniform_cx,5,28,99.90326970320629,96.0721086837876,30.836969696969696,1.0
config_C_uniform_cx,5,29,99.90326970320629,94.85448896231661,30.373333333333335,1.0
config_C_uniform_cx,5,30,99.90326970320629,95.39313962039498,29.336363636363636,1.0
config_C_uniform_cx,5,31,99.90326970320629,95.9365499445748,28.645050505050506,1.0
config_C_uniform_cx,5,32,99.90705230348155,96.61236952464971,28.75838383838384,1.0
config_C_uniform_cx,5,33,99.91287705272664,96.52187587420192,28.202424242424243,1.0
config_C_uniform_cx,5,34,99.91287705272664,95.67801817161335,26.772121212121213,1.0
config_C_uniform_cx,5,35,99.91287705272664,95.4949419543046,27.656969696969696,1.0
config_C_uniform_cx,5,36,99.91287705272664,95.24823209767746,27.176969696969696,1.0
config_C_uniform_cx,5,37,99.91287705272664,95.61084799617285,27.436161616161616,1.0
config_C_uniform_cx,5,38,99.92549643562324,95.63237128193924,27.08707070707071,0.99
config_C_uniform_cx,5,39,99.92549643562324,95.97584584982309,27.435151515151514,1.0
config_C_uniform_cx,5,40,99.92549643562324,95.60614353402696,28.33878787878788,1.0
config_C_uniform_cx,5,41,99.92549643562324,95.08177443231406,29.247272727272726,1.0
config_C_uniform_cx,5,42,99.92549643562324,94.9628047992545,29.82323232323232,1.0
config_C_uniform_cx,5,43,99.92549643562324,95.69846420039424,30.94848484848485,1.0
config_C_uniform_cx,5,44,99.92549643562324,95.47645885014688,30.64808080808081,1.0
config_C_uniform_cx,5,45,99.92549643562324,95.88584743977555,30.681818181818183,1.0
config_C_uniform_cx,5,46,99.92549643562324,96.04301481331154,30.971515151515153,1.0
config_C_uniform_cx,5,47,99.92549643562324,95.00512700391454,32.166060606060604,1.0
config_C_uniform_cx,5,48,99.92549643562324,95.01851444132028,32.70060606060606,1.0
config_C_uniform_cx,5,49,99.92549643562324,95.536874901165,32.42080808080808,1.0
config_C_uniform_cx,5,50,99.92549643562324,95.55983396797923,32.464040404040404,1.0
config_C_uniform_cx,6,0,92.73667438706221,67.83129938526471,47.47818181818182,1.0
config_C_uniform_cx,6,1,92.73667438706221,67.83129938526471,47.47818181818182,1.0
config_C_uniform_cx,6,2,94.4766358026339,76.89097348261242,46.58262626262626,1.0
config_C_uniform_cx,6,3,95.44281021239878,83.03563676357197,45.45959595959596,1.0
config_C_uniform_cx,6,4,95.75228959493427,85.59822948815454,44.218383838383836,0.99
config_C_uniform_cx,6,5,95.97914352286467,87.70781448444052,43.20969696969697,1.0
config_C_uniform_cx,6,6,96.04401044394703,88.95912725146889,43.12767676767677,1.0
config_C_uniform_cx,6,7,99.77386461112938,90.86282387952659,42.214141414141416,1.0
config_C_uniform_cx,6,8,99.84455334152082,91.13833091366742,41.1220202020202,0.99
config_C_uniform_cx,6,9,99.84455334152082,92.50296447062868,40.21191919191919,1.0
config_C_uniform_cx,6,10,99.85114865766491,93.88116957932975,39.63212121212121,1.0
config_C_uniform_cx,6,11,99.88880748884729,95.02159592065703,38.93212121212121,1.0
config_C_uniform_cx,6,12,99.88880748884729,94.34601105047375,38.822626262626265,1.0
config_C_uniform_cx,6,13,99.88880748884729,94.4148185041804,38.688686868686865,1.0
config_C_uniform_cx,6,14,99.88880748884729,95.37508796580433,37.95333333333333,1.0
config_C_uniform_cx,6,15,99.88880748884729,96.0978395979114,38.35515151515151,1.0
config_C_uniform_cx,6,16,99.88880748884729,94.95192283398903,37.623030303030305,1.0
config_C_uniform_cx,6,17,99.90481083700428,95.83543160288647,36.347070707070706,1.0
config_C_uniform_cx,6,18,99.90481083700428,95.6136889922741,34.1549494949495,0.98
config_C_uniform_cx,6,19,99.90481083700428,95.89683789675414,31.985656565656566,0.99
config_C_uniform_cx,6,20,99.90481083700428,95.82159134978606,30.678989898989897,0.99
config_C_uniform_cx,6,21,99.90481083700428,95.0566042038884,29.58040404040404,0.99
config_C_uniform_cx,6,22,99.91063558624937,95.69301805430757,29.663030303030304,0.99
config_C_uniform_cx,6,23,99.91063558624937,95.64486701389713,29.153131313131315,1.0
config_C_uniform_cx,6,24,99.91063558624937,94.29578972240141,29.888080808080808,1.0
config_C_uniform_cx,6,25,99.91063558624937,95.0253979312681,30.27090909090909,0.99
config_C_uniform_cx,6,26,99.91063558624937,95.36896674405062,30.785656565656566,0.99
config_C_uniform_cx,6,27,99.91947236887071,95.15758947921263,30.02747474747475,1.0
config_C_uniform_cx,6,28,99.91947236887071,96.07709827676317,29.017979797979798,1.0
config_C_uniform_cx,6,29,99.91947236887071,94.6409425099956,29.623232323232322,1.0
config_C_uniform_cx,6,30,99.91947236887071,94.95922441539341,28.99939393939394,1.0
config_C_uniform_cx,6,31,99.91947236887071,94.87592043690205,29.031111111111112,1.0
config_C_uniform_cx,6,32,99.91947236887071,95.14052344560291,28.9610101010101,1.0
config_C_uniform_cx,6,33,99.91947236887071,93.94250109307684,28.387272727272727,1.0
config_C_uniform_cx,6,34,99.91947236887071,94.73278291100101,28.906060606060606,1.0
config_C_uniform_cx,6,35,99.91947236887071,94.74472186012358,29.19272727272727,1.0
config_C_uniform_cx,6,36,99.91947236887071,94.98245529829877,27.744646464646465,0.99
config_C_uniform_cx,6,37,99.91947236887071,94.52327070398061,28.669090909090908,0.98
config_C_uniform_cx,6,38,99.91947236887071,95.37158915397967,27.555555555555557,0.99
config_C_uniform_cx,6,39,99.91947236887071,95.26734146692624,27.655555555555555,0.99
config_C_uniform_cx,6,40,99.91947236887071,94.09208603114725,26.82080808080808,0.99
config_C_uniform_cx,6,41,99.91947236887071,95.3071105925643,25.98,0.99
config_C_uniform_cx,6,42,99.91947236887071,95.55384532531343,26.92222222222222,0.99
config_C_uniform_cx,6,43,99.91947236887071,94.59165813802254,27.983434343434343,0.99
config_C_uniform_cx,6,44,99.91947236887071,95.49681115953982,28.164444444444445,0.99
config_C_uniform_cx,6,45,99.91947236887071,94.43093562278713,27.597575757575758,0.99
config_C_uniform_cx,6,46,99.91967168637815,95.65094751606803,26.39212121212121,0.99
config_C_uniform_cx,6,47,99.91967168637815,94.55642116611833,26.454949494949496,1.0
config_C_uniform_cx,6,48,99.91967168637815,95.53500286781762,28.105252525252524,0.99
config_C_uniform_cx,6,49,99.91967168637815,95.70272092524765,28.400606060606062,1.0
config_C_uniform_cx,6,50,99.91967168637815,95.37330993405814,29.033333333333335,1.0
config_C_uniform_cx,7,0,93.9389981440029,67.1322024905657,47.50060606060606,1.0
config_C_uniform_cx,7,1,93.9389981440029,67.1322024905657,47.50060606060606,1.0
config_C_uniform_cx,7,2,94.99794329131642,76.33111793653785,46.781010101010104,1.0
config_C_uniform_cx,7,3,95.88078877327952,81.07075735663473,45.63292929292929,0.99
config_C_uniform_cx,7,4,95.88078877327952,84.43728337253513,44.832121212121216,1.0
config_C_uniform_cx,7,5,95.88078877327952,88.2241424101081,43.39636363636364,1.0
config_C_uniform_cx,7,6,99.84910650869507,88.40250547888944,42.88666666666666,1.0
config_C_uniform_cx,7,7,99.8695927898066,90.64662066237543,41.94323232323232,1.0
config_C_uniform_cx,7,8,99.8695927898066,92.0535883732921,41.344646464646466,1.0
config_C_uniform_cx,7,9,99.88880748884729,93.70652942569292,40.45070707070707,1.0
config_C_uniform_cx,7,10,99.88880748884729,94.0448358212881,39.31838383838384,1.0
config_C_uniform_cx,7,11,99.88880748884729,94.36040919456275,38.818585858585855,1.0
config_C_uniform_cx,7,12,99.88880748884729,95.01094875386676,38.032929292929296,1.0
config_C_uniform_cx,7,13,99.89084963781713,94.71204122143365,38.025454545454544,1.0
config_C_uniform_cx,7,14,99.89084963781713,95.37110550143346,37.593939393939394,1.0
config_C_uniform_cx,7,15,99.89084963781713,95.18431448032379,37.39393939393939,1.0
config_C_uniform_cx,7,16,99.89084963781713,95.91715489081284,37.64989898989899,1.0
config_C_uniform_cx,7,17,99.91287705272664,95.88255343094976,37.62040404040404,0.99
config_C_uniform_cx,7,18,99.91287705272664,95.29921986258032,36.72242424242424,1.0
config_C_uniform_cx,7,19,99.91287705272664,95.42940526248248,35.527070707070706,1.0
config_C_uniform_cx,7,20,99.91287705272664,94.49800875155341,35.29636363636364,1.0
config_C_uniform_cx,7,21,99.91287705272664,96.00747770308512,35.508080808080805,1.0
config_C_uniform_cx,7,22,99.91287705272664,96.98244587400126,35.207070707070706,1.0
config_C_uniform_cx,7,23,99.91287705272664,95.53796753572877,35.326262626262626,1.0
config_C_uniform_cx,7,24,99.91287705272664,95.46544921020117,35.31818181818182,0.99
config_C_uniform_cx,7,25,99.91287705272664,94.5648993243858,34.19232323232323,1.0
config_C_uniform_cx,7,26,99.91287705272664,95.42737253330455,34.02262626262626,1.0
config_C_uniform_cx,7,27,99.91287705272664,94.84547177149202,32.812525252525255,1.0
config_C_uniform_cx,7,28,99.91287705272664,96.03147181514903,33.04343434343434,1.0
config_C_uniform_cx,7,29,99.91287705272664,96.03325232790374,31.557777777777776,0.99
config_C_uniform_cx,7,30,99.91665965300189,96.15247412251108,29.863030303030303,1.0
config_C_uniform_cx,7,31,99.91665965300189,95.46343699031102,30.172323232323233,1.0
config_C_uniform_cx,7,32,99.91665965300189,95.77452547125549,31.776767676767676,1.0
config_C_uniform_cx,7,33,99.91665965300189,96.04688984775956,30.43050505050505,1.0
config_C_uniform_cx,7,34,99.91665965300189,95.90303591653388,30.15979797979798,1.0
config_C_uniform_cx,7,35,99.91665965300189,96.07044834858421,30.144646464646463,1.0
config_C_uniform_cx,7,36,99.91665965300189,96.20129362417971,31.264848484848486,0.99
config_C_uniform_cx,7,37,99.92907971839107,96.80026629556113,30.213939393939395,0.99
config_C_uniform_cx,7,38,99.92907971839107,96.12781220085456,28.787070707070708,0.99
config_C_uniform_cx,7,39,99.92907971839107,95.99076307858232,27.45030303030303,0.98
config_C_uniform_cx,7,40,99.92907971839107,95.23724973227783,27.433535353535355,0.98
config_C_uniform_cx,7,41,99.92907971839107,95.56701911206478,26.537979797979798,0.99
config_C_uniform_cx,7,42,99.93286231866632,95.92806066254579,26.103232323232323,0.99
config_C_uniform_cx,7,43,99.93286231866632,95.70670875729301,25.864040404040406,0.99
config_C_uniform_cx,7,44,99.93286231866632,95.70375680206385,25.754343434343433,1.0
config_C_uniform_cx,7,45,99.93286231866632,95.93639650958096,25.784242424242425,1.0
config_C_uniform_cx,7,46,99.93286231866632,95.16580523863976,25.64242424242424,1.0
config_C_uniform_cx,7,47,99.93286231866632,96.17473891414214,25.586666666666666,1.0
config_C_uniform_cx,7,48,99.93286231866632,95.72668190086272,25.283232323232323,1.0
config_C_uniform_cx,7,49,99.93286231866632,96.39360169439327,25.574747474747475,0.99
config_C_uniform_cx,7,50,99.93286231866632,95.62794253942822,24.655353535353534,0.99
config_C_uniform_cx,8,0,96.24733658926903,67.37157215922848,47.48282828282828,1.0
config_C_uniform_cx,8,1,96.24733658926903,67.37157215922848,47.48282828282828,1.0
config_C_uniform_cx,8,2,96.24733658926903,74.77249222630806,46.69353535353535,1.0
config_C_uniform_cx,8,3,96.24733658926903,83.37575989411687,45.44161616161616,0.99
config_C_uniform_cx,8,4,99.85493125794017,88.86357409731053,43.29818181818182,1.0
config_C_uniform_cx,8,5,99.85493125794017,90.55633444799639,40.793535353535354,1.0
config_C_uniform_cx,8,6,99.8645386074605,92.91782501365155,39.71393939393939,1.0
config_C_uniform_cx,8,7,99.88579545547103,93.7078964059674,39.39757575757576,0.99
config_C_uniform_cx,8,8,99.88579545547103,93.34321660221083,39.33232323232323,1.0
config_C_uniform_cx,8,9,99.90122755423646,94.6527632224458,38.645656565656566,1.0
config_C_uniform_cx,8,10,99.90122755423646,95.06889641871112,37.60323232323233,0.99
config_C_uniform_cx,8,11,99.90122755423646,96.13265750068375,37.58343434343434,1.0
config_C_uniform_cx,8,12,99.90122755423646,94.80552512946386,36.59151515151515,1.0
config_C_uniform_cx,8,13,99.91870180197172,95.32504339321412,35.03151515151515,1.0
config_C_uniform_cx,8,14,99.91870180197172,95.606326830007,32.388282828282826,1.0
config_C_uniform_cx,8,15,99.91870180197172,95.82751390477965,31.14020202020202,1.0
config_C_uniform_cx,8,16,99.91870180197172,94.52877463830443,30.84,1.0
config_C_uniform_cx,8,17,99.91870180197172,95.3913209266563,30.08888888888889,1.0
config_C_uniform_cx,8,18,99.91870180197172,96.67777965411136,30.496969696969696,0.99
config_C_uniform_cx,8,19,99.91870180197172,96.19886748240734,30.665656565656565,0.99
config_C_uniform_cx,8,20,99.91870180197172,95.29814962392459,31.934343434343436,1.0
config_C_uniform_cx,8,21,99.91870180197172,95.24080299534413,31.521818181818183,0.99
config_C_uniform_cx,8,22,99.91870180197172,94.55097041638615,31.76949494949495,1.0
config_C_uniform_cx,8,23,99.91870180197172,96.58970073724568,31.97858585858586,1.0
config_C_uniform_cx,8,24,99.91870180197172,96.13385890351265,31.664040404040403,1.0
config_C_uniform_cx,8,25,99.91870180197172,95.99919076260286,30.732727272727274,1.0
config_C_uniform_cx,8,26,99.91870180197172,95.30518430485323,29.33676767676768,1.0
config_C_uniform_cx,8,27,99.92248440224698,95.47164847083539,28.271313131313132,0.99
config_C_uniform_cx,8,28,99.92248440224698,95.1914911452546,28.583030303030302,1.0
config_C_uniform_cx,8,29,99.92248440224698,95.26824478841951,29.32969696969697,1.0
config_C_uniform_cx,8,30,99.92248440224698,95.77658669536875,28.657171717171718,1.0
config_C_uniform_cx,8,31,99.92248440224698,95.72740951519907,29.083838383838383,1.0
config_C_uniform_cx,8,32,99.92248440224698,96.43713702458462,29.55090909090909,0.99
config_C_uniform_cx,8,33,99.92248440224698,95.11423273201248,28.393939393939394,0.99
config_C_uniform_cx,8,34,99.92248440224698,95.13342039853114,26.58161616161616,0.99
config_C_uniform_cx,8,35,99.92248440224698,94.33257575674287,27.548484848484847,0.99
config_C_uniform_cx,8,36,99.92248440224698,95.19648628765977,26.978181818181817,0.99
config_C_uniform_cx,8,37,99.92248440224698,95.66158612399192,26.91050505050505,0.99
config_C_uniform_cx,8,38,99.92248440224698,96.38881033205105,26.86888888888889,0.99
config_C_uniform_cx,8,39,99.92248440224698,95.65151568232599,27.493535353535353,0.99
config_C_uniform_cx,8,40,99.92248440224698,95.61420725086197,27.55818181818182,0.99
config_C_uniform_cx,8,41,99.92830915149207,94.97334556728566,27.976969696969697,0.99
config_C_uniform_cx,8,42,99.92830915149207,95.56985246871079,28.933535353535355,1.0
config_C_uniform_cx,8,43,99.92830915149207,95.87861917284783,27.88909090909091,1.0
config_C_uniform_cx,8,44,99.92830915149207,95.43263585394813,27.431313131313132,1.0
config_C_uniform_cx,8,45,99.92830915149207,96.1196933949784,25.88343434343434,1.0
config_C_uniform_cx,8,46,99.92830915149207,95.64416644366247,25.53131313131313,1.0
config_C_uniform_cx,8,47,99.92830915149207,96.04414626706752,24.98020202020202,1.0
config_C_uniform_cx,8,48,99.92830915149207,95.96258787967861,24.343434343434343,1.0
config_C_uniform_cx,8,49,99.92830915149207,96.21205354313742,24.58828282828283,1.0
config_C_uniform_cx,8,50,99.92830915149207,97.27040571648931,24.797575757575757,1.0
config_C_uniform_cx,9,0,93.71757292094605,65.73972515793484,47.527070707070706,1.0
config_C_uniform_cx,9,1,93.71757292094605,65.73972515793484,47.527070707070706,1.0
config_C_uniform_cx,9,2,96.06615109178108,76.16563536438498,46.747070707070705,1.0
config_C_uniform_cx,9,3,99.8429588892342,82.94829843146192,45.06363636363636,0.99
config_C_uniform_cx,9,4,99.8429588892342,85.46012716170928,43.60969696969697,1.0
config_C_uniform_cx,9,5,99.8574211035932,87.87670256033029,41.88666666666666,1.0
config_C_uniform_cx,9,6,99.87133324111203,88.73668123398697,40.61878787878788,1.0
config_C_uniform_cx,9,7,99.90045698733746,90.81888960362814,40.095555555555556,1.0
config_C_uniform_cx,9,8,99.90628173658256,91.04256096639612,39.706464646464646,1.0
config_C_uniform_cx,9,9,99.90628173658256,92.37213608782578,38.80808080808081,1.0
config_C_uniform_cx,9,10,99.90628173658256,92.95732932989638,36.285656565656566,1.0
config_C_uniform_cx,9,11,99.90628173658256,93.7081983497904,35.21636363636364,1.0
config_C_uniform_cx,9,12,99.90628173658256,93.1240863253935,35.18949494949495,0.98
config_C_uniform_cx,9,13,99.90628173658256,95.47609178390714,35.334545454545456,1.0
config_C_uniform_cx,9,14,99.90628173658256,95.51631320665605,35.3820202020202,1.0
config_C_uniform_cx,9,15,99.90628173658256,95.70126857391429,34.49232323232323,1.0
config_C_uniform_cx,9,16,99.90628173658256,94.51219932551845,33.29151515151515,1.0
config_C_uniform_cx,9,17,99.90628173658256,95.35301765852246,34.00464646464646,1.0
config_C_uniform_cx,9,18,99.90628173658256,96.29197798414272,33.47919191919192,1.0
config_C_uniform_cx,9,19,99.90628173658256,94.97450645230832,31.09030303030303,0.99
config_C_uniform_cx,9,20,99.90628173658256,94.80590089414017,30.294949494949496,1.0
config_C_uniform_cx,9,21,99.90628173658256,95.03538106357904,31.306464646464647,1.0
config_C_uniform_cx,9,22,99.90628173658256,95.52712742126847,31.76888888888889,1.0
config_C_uniform_cx,9,23,99.91287705272664,96.02731158446475,31.357373737373738,1.0
config_C_uniform_cx,9,24,99.91287705272664,96.17233046471182,31.46969696969697,1.0
config_C_uniform_cx,9,25,99.91287705272664,95.46147118700506,31.702222222222222,1.0
config_C_uniform_cx,9,26,99.91287705272664,95.15818390276424,32.04929292929293,1.0
config_C_uniform_cx,9,27,99.91287705272664,95.14935573390228,33.04929292929293,1.0
config_C_uniform_cx,9,28,99.91287705272664,95.08083922521845,33.99777777777778,1.0
config_C_uniform_cx,9,29,99.9174302199009,95.70592653840121,33.84080808080808,1.0
config_C_uniform_cx,9,30,99.92325496914597,95.48477221151332,33.8210101010101,1.0
config_C_uniform_cx,9,31,99.92325496914597,95.21608263329095,33.76585858585859,1.0
config_C_uniform_cx,9,32,99.92325496914597,95.28731699076265,33.42060606060606,1.0
config_C_uniform_cx,9,33,99.92325496914597,94.42207654049653,33.38686868686869,1.0
config_C_uniform_cx,9,34,99.92325496914597,93.3104182914601,33.11939393939394,1.0
config_C_uniform_cx,9,35,99.92325496914597,93.16964492776302,32.876363636363635,1.0
config_C_uniform_cx,9,36,99.92325496914597,94.1194885621589,32.60989898989899,0.99
config_C_uniform_cx,9,37,99.92325496914597,94.93010944620077,32.4769696969697,1.0
config_C_uniform_cx,9,38,99.93253944845053,95.58366381018968,31.92888888888889,1.0
config_C_uniform_cx,9,39,99.93253944845053,95.42764108120181,30.71959595959596,1.0
config_C_uniform_cx,9,40,99.93253944845053,95.69755032951257,30.06040404040404,1.0
config_C_uniform_cx,9,41,99.93253944845053,96.27690640326381,30.138383838383838,1.0
config_C_uniform_cx,9,42,99.93253944845053,95.6066357899126,29.400606060606062,1.0
config_C_uniform_cx,9,43,99.93253944845053,94.51070534710807,30.74222222222222,1.0
config_C_uniform_cx,9,44,99.93253944845053,95.08195469457151,31.300202020202022,0.98
config_C_uniform_cx,9,45,99.93253944845053,95.49405800743432,30.775959595959595,0.98
config_C_uniform_cx,9,46,99.93253944845053,96.39985142780333,30.013535353535353,0.99
config_C_uniform_cx,9,47,99.93253944845053,96.26366654871514,29.637171717171718,0.99
config_C_uniform_cx,9,48,99.93253944845053,95.49321257678383,29.26949494949495,0.98
config_C_uniform_cx,9,49,99.93253944845053,95.42754431954889,29.822424242424244,0.99
config_C_uniform_cx,9,50,99.93253944845053,96.00644404041196,29.804848484848485,0.99
config_C_uniform_cx,10,0,89.74644650957795,64.36648581883142,47.48989898989899,1.0
config_C_uniform_cx,10,1,89.74644650957795,64.36648581883142,47.48989898989899,1.0
config_C_uniform_cx,10,2,95.50036178644687,72.31439818015602,46.86888888888889,1.0
config_C_uniform_cx,10,3,95.50036178644687,78.6152590407186,46.27878787878788,1.0
config_C_uniform_cx,10,4,99.8106771106137,83.76481031541685,45.143232323232326,1.0
config_C_uniform_cx,10,5,99.85383782082538,85.61233389845421,44.776161616161616,1.0
config_C_uniform_cx,10,6,99.857743973809,87.87726552487219,44.218383838383836,1.0
config_C_uniform_cx,10,7,99.857743973809,90.16033370685508,42.02,1.0
config_C_uniform_cx,10,8,99.857743973809,90.73691057891484,39.87616161616162,1.0
config_C_uniform_cx,10,9,99.86326702538967,92.30807519107867,38.3610101010101,1.0
config_C_uniform_cx,10,10,99.8989860877592,93.19418610560272,38.21858585858586,0.99
config_C_uniform_cx,10,11,99.8989860877592,93.3615251039826,37.89939393939394,1.0
config_C_uniform_cx,10,12,99.8989860877592,94.31839043595244,37.45636363636363,1.0
config_C_uniform_cx,10,13,99.8989860877592,93.85245786637056,37.614747474747475,1.0
config_C_uniform_cx,10,14,99.8989860877592,94.13933603212683,37.86464646464646,1.0
config_C_uniform_cx,10,15,99.8989860877592,94.662007576425,37.92626262626263,1.0
config_C_uniform_cx,10,16,99.8989860877592,95.54167428066842,38.03939393939394,0.99
config_C_uniform_cx,10,17,99.8989860877592,95.55170721515248,37.92666666666667,1.0
config_C_uniform_cx,10,18,99.8989860877592,94.76597134586967,37.96484848484849,1.0
config_C_uniform_cx,10,19,99.8989860877592,95.4730253328026,37.806666666666665,1.0
config_C_uniform_cx,10,20,99.8989860877592,94.85881074684657,38.11878787878788,1.0
config_C_uniform_cx,10,21,99.8989860877592,95.29175460695464,38.413131313131316,1.0
config_C_uniform_cx,10,22,99.8989860877592,94.15451238088701,38.765454545454546,1.0
config_C_uniform_cx,10,23,99.8989860877592,94.27980893579797,38.1830303030303,0.99
config_C_uniform_cx,10,24,99.8989860877592,95.78201358423323,38.39434343434343,1.0
config_C_uniform_cx,10,25,99.8989860877592,96.1493298256839,37.57878787878788,1.0
config_C_uniform_cx,10,26,99.90750000016476,94.62921526619414,37.9379797979798,1.0
config_C_uniform_cx,10,27,99.90750000016476,94.53739544982574,37.62444444444444,1.0
config_C_uniform_cx,10,28,99.90750000016476,94.43583595113671,37.45717171717172,1.0
config_C_uniform_cx,10,29,99.90750000016476,95.26259769875358,36.7759595959596,1.0
config_C_uniform_cx,10,30,99.90750000016476,94.95489861318376,36.45414141414141,1.0
config_C_uniform_cx,10,31,99.92325496914597,94.90111055726038,35.3389898989899,1.0
config_C_uniform_cx,10,32,99.92325496914597,94.26103675845155,35.878787878787875,1.0
config_C_uniform_cx,10,33,99.92325496914597,95.02122340165616,35.08808080808081,1.0
config_C_uniform_cx,10,34,99.92325496914597,93.17535008849927,35.01474747474747,1.0
config_C_uniform_cx,10,35,99.92325496914597,94.6065382488243,35.5220202020202,1.0
config_C_uniform_cx,10,36,99.92325496914597,94.79082240436328,35.22787878787879,1.0
config_C_uniform_cx,10,37,99.92325496914597,95.56942415300702,34.567070707070705,1.0
config_C_uniform_cx,10,38,99.92325496914597,96.41354378023121,34.376363636363635,1.0
config_C_uniform_cx,10,39,99.92325496914597,95.56263681023354,34.212929292929296,1.0
config_C_uniform_cx,10,40,99.92325496914597,95.34632878381126,34.07070707070707,0.99
config_C_uniform_cx,10,41,99.92325496914597,95.11963987935053,34.643838383838386,1.0
config_C_uniform_cx,10,42,99.92325496914597,95.21072607574608,34.835959595959594,1.0
config_C_uniform_cx,10,43,99.92325496914597,94.96495277064713,34.56181818181818,1.0
config_C_uniform_cx,10,44,99.92325496914597,94.04128304555053,35.117777777777775,1.0
config_C_uniform_cx,10,45,99.92325496914597,95.63139462257097,35.50545454545455,0.99
config_C_uniform_cx,10,46,99.92325496914597,95.48943623840492,35.07757575757576,1.0
config_C_uniform_cx,10,47,99.92325496914597,95.01836663687766,35.563434343434345,1.0
config_C_uniform_cx,10,48,99.92325496914597,94.97991075495518,35.96,0.99
config_C_uniform_cx,10,49,99.92325496914597,94.8110357874841,36.283434343434344,1.0
config_C_uniform_cx,10,50,99.92325496914597,93.9184612177268,35.50525252525252,1.0
config_C_uniform_cx,11,0,95.54421573724471,65.6290771376658,47.50343434343434,1.0
config_C_uniform_cx,11,1,95.54421573724471,65.6290771376658,47.50343434343434,1.0
config_C_uniform_cx,11,2,95.54421573724471,74.30077290915789,46.862626262626264,1.0
config_C_uniform_cx,11,3,95.54421573724471,79.0770908318785,45.88121212121212,1.0
config_C_uniform_cx,11,4,95.59537895462337,82.96080336137975,44.907272727272726,1.0
config_C_uniform_cx,11,5,96.22399570988672,85.35493270365586,43.6389898989899,1.0
config_C_uniform_cx,11,6,99.86152657408425,89.62725688709956,42.57434343434343,1.0
config_C_uniform_cx,11,7,99.86152657408425,89.83150945002215,41.47676767676768,1.0
config_C_uniform_cx,11,8,99.86152657408425,90.41996139178575,39.025252525252526,1.0
config_C_uniform_cx,11,9,99.86152657408425,90.7218890678612,35.454343434343436,1.0
config_C_uniform_cx,11,10,99.88579545547103,91.98121386463126,33.88848484848485,1.0
config_C_uniform_cx,11,11,99.88579545547103,92.46276497861675,32.44464646464647,0.99
config_C_uniform_cx,11,12,99.88579545547103,93.61952351351287,31.873737373737374,0.99
config_C_uniform_cx,11,13,99.89617337189037,94.99888778435309,32.216565656565656,1.0
config_C_uniform_cx,11,14,99.90782287038054,93.72766767500579,32.56121212121212,1.0
config_C_uniform_cx,11,15,99.90782287038054,93.84137511872572,32.87232323232323,1.0
config_C_uniform_cx,11,16,99.90782287038054,95.49459659698543,33.40222222222222,0.99
config_C_uniform_cx,11,17,99.90782287038054,94.19250730662756,32.78,0.99
config_C_uniform_cx,11,18,99.90782287038054,95.43210594406492,33.01838383838384,0.99
config_C_uniform_cx,11,19,99.90782287038054,95.23381389982515,32.557575757575755,0.99
config_C_uniform_cx,11,20,99.90782287038054,94.50255465989392,30.562020202020204,0.98
config_C_uniform_cx,11,21,99.90782287038054,95.80980653842784,31.985858585858587,0.99
config_C_uniform_cx,11,22,99.90782287038054,95.09974221484444,32.471111111111114,0.99
config_C_uniform_cx,11,23,99.90782287038054,95.72451281315107,31.687676767676766,1.0
config_C_uniform_cx,11,24,99.90782287038054,96.1743965942501,32.47070707070707,1.0
config_C_uniform_cx,11,25,99.90782287038054,96.03763343083027,33.287070707070704,1.0
config_C_uniform_cx,11,26,99.91364761962564,95.77873190690107,32.78363636363636,1.0
config_C_uniform_cx,11,27,99.91364761962564,96.04078958170015,33.944242424242425,1.0
config_C_uniform_cx,11,28,99.91364761962564,95.0332408341376,34.79575757575758,1.0
config_C_uniform_cx,11,29,99.91364761962564,94.8890794950058,34.5630303030303,0.99
config_C_uniform_cx,11,30,99.91364761962564,95.23596152650042,35.00060606060606,0.99
config_C_uniform_cx,11,31,99.92248440224698,94.68434662885622,35.22868686868687,0.99
config_C_uniform_cx,11,32,99.92248440224698,95.45526453944773,34.86424242424243,1.0
config_C_uniform_cx,11,33,99.92248440224698,94.88007015293732,34.17272727272727,0.99
config_C_uniform_cx,11,34,99.92248440224698,95.99840011445114,33.85111111111111,0.98
config_C_uniform_cx,11,35,99.92248440224698,95.8336828063801,33.57070707070707,0.98
config_C_uniform_cx,11,36,99.92248440224698,94.50167028246864,33.844646464646466,0.99
config_C_uniform_cx,11,37,99.92248440224698,95.36045946111467,32.99838383838384,0.99
config_C_uniform_cx,11,38,99.92248440224698,95.04973547505845,32.70868686868687,0.99
config_C_uniform_cx,11,39,99.92248440224698,95.02658891184623,33.54424242424243,0.99
config_C_uniform_cx,11,40,99.92248440224698,95.7439296687349,34.13131313131313,0.99
config_C_uniform_cx,11,41,99.92248440224698,95.16353524720995,33.14989898989899,0.99
config_C_uniform_cx,11,42,99.92248440224698,94.62106687876457,32.934141414141415,0.99
config_C_uniform_cx,11,43,99.92248440224698,94.09355737571546,34.02686868686869,0.99
config_C_uniform_cx,11,44,99.92248440224698,94.11924803801172,32.458585858585856,0.99
config_C_uniform_cx,11,45,99.92248440224698,95.17032856189752,33.337171717171714,0.99
config_C_uniform_cx,11,46,99.92248440224698,93.71730452137106,33.38121212121212,0.98
config_C_uniform_cx,11,47,99.92248440224698,93.63195840670454,32.339393939393936,0.99
config_C_uniform_cx,11,48,99.92248440224698,94.30485527170192,29.501010101010102,0.99
config_C_uniform_cx,11,49,99.92248440224698,94.49520515216456,29.285858585858588,0.99
config_C_uniform_cx,11,50,99.92248440224698,95.56958959327532,27.404848484848486,0.98
config_C_uniform_cx,12,0,94.53330403955927,66.40872938678383,47.483636363636364,1.0
config_C_uniform_cx,12,1,94.53330403955927,66.40872938678383,47.483636363636364,1.0
config_C_uniform_cx,12,2,96.00678007393778,77.75857308143767,46.529494949494946,1.0
config_C_uniform_cx,12,3,99.86581018953135,80.36190406338176,45.72949494949495,1.0
config_C_uniform_cx,12,4,99.87317607257442,85.44140079335182,44.41919191919192,1.0
config_C_uniform_cx,12,5,99.87317607257442,89.00409708391318,42.99010101010101,1.0
config_C_uniform_cx,12,6,99.87317607257442,90.70542535981829,40.60989898989899,1.0
config_C_uniform_cx,12,7,99.87772923974867,92.18062468523894,38.1759595959596,1.0
config_C_uniform_cx,12,8,99.87772923974867,91.78408116631722,37.246464646464645,1.0
config_C_uniform_cx,12,9,99.8900257524295,93.68490420362598,34.16767676767677,1.0
config_C_uniform_cx,12,10,99.8900257524295,94.27192863981593,33.80707070707071,0.99
config_C_uniform_cx,12,11,99.8900257524295,94.30752513926763,34.00828282828283,0.99
config_C_uniform_cx,12,12,99.90045698733746,94.96714373473203,32.822020202020205,0.99
config_C_uniform_cx,12,13,99.90045698733746,95.59223398818268,33.26868686868687,1.0
config_C_uniform_cx,12,14,99.90045698733746,96.10671307932516,33.07272727272727,1.0
config_C_uniform_cx,12,15,99.90045698733746,95.38510937226918,33.39010101010101,1.0
config_C_uniform_cx,12,16,99.90045698733746,95.44420737413294,32.54929292929293,1.0
config_C_uniform_cx,12,17,99.90045698733746,95.50599143571522,32.42565656565657,1.0
config_C_uniform_cx,12,18,99.90045698733746,96.267318387507,32.32242424242424,1.0
config_C_uniform_cx,12,19,99.90045698733746,96.45706380854668,31.41050505050505,1.0
config_C_uniform_cx,12,20,99.90045698733746,95.30466862310737,30.554141414141416,1.0
config_C_uniform_cx,12,21,99.90045698733746,96.70469251058012,30.492727272727272,1.0
config_C_uniform_cx,12,22,99.90045698733746,95.42969315869654,30.198585858585858,1.0
config_C_uniform_cx,12,23,99.90122755423646,96.51980748451432,30.676363636363636,1.0
config_C_uniform_cx,12,24,99.90199812113545,96.15720464246677,30.24141414141414,1.0
config_C_uniform_cx,12,25,99.90199812113545,96.10999649324128,29.545454545454547,1.0
config_C_uniform_cx,12,26,99.90782287038054,96.0156404702263,30.13010101010101,1.0
config_C_uniform_cx,12,27,99.91665965300189,95.53680683241066,30.96727272727273,1.0
config_C_uniform_cx,12,28,99.91665965300189,96.60007422972228,30.81979797979798,1.0
config_C_uniform_cx,12,29,99.91665965300189,94.77636060067628,31.773939393939393,1.0
config_C_uniform_cx,12,30,99.91947236887071,95.18443242012714,31.70929292929293,1.0
config_C_uniform_cx,12,31,99.91947236887071,95.5758518821417,30.746060606060606,1.0
config_C_uniform_cx,12,32,99.91947236887071,96.05928823462405,28.8820202020202,1.0
config_C_uniform_cx,12,33,99.91947236887071,94.89055924613604,29.331717171717173,1.0
config_C_uniform_cx,12,34,99.91947236887071,96.81905037174221,29.26909090909091,0.99
config_C_uniform_cx,12,35,99.91947236887071,96.31138199615577,29.003030303030304,0.98
config_C_uniform_cx,12,36,99.91947236887071,95.81921305385356,28.652727272727272,0.99
config_C_uniform_cx,12,37,99.91947236887071,96.37921462992516,27.73878787878788,0.99
config_C_uniform_cx,12,38,99.92830915149207,96.0158055124714,27.747272727272726,0.99
config_C_uniform_cx,12,39,99.92830915149207,96.07915404741735,26.948080808080807,1.0
config_C_uniform_cx,12,40,99.92830915149207,96.05273721608104,26.979595959595958,1.0
config_C_uniform_cx,12,41,99.92830915149207,95.83905124470326,27.62727272727273,1.0
config_C_uniform_cx,12,42,99.92830915149207,95.87841315880503,27.784646464646464,0.99
config_C_uniform_cx,12,43,99.92830915149207,95.71179194671384,26.454747474747474,0.98
config_C_uniform_cx,12,44,99.93510378514358,96.11686190953625,24.922626262626263,0.99
config_C_uniform_cx,12,45,99.93510378514358,95.96973792735798,26.236969696969698,1.0
config_C_uniform_cx,12,46,99.93510378514358,95.70521371586685,24.96949494949495,1.0
config_C_uniform_cx,12,47,99.93510378514358,96.36519605256842,25.314545454545456,1.0
config_C_uniform_cx,12,48,99.93510378514358,95.4824534588111,24.616161616161616,0.99
config_C_uniform_cx,12,49,99.93510378514358,96.39183793181734,24.093535353535355,1.0
config_C_uniform_cx,12,50,99.93510378514358,96.81507866336655,23.10787878787879,1.0
config_C_uniform_cx,13,0,93.67787194079384,67.4024839072984,47.522828282828286,1.0
config_C_uniform_cx,13,1,93.67787194079384,67.4024839072984,47.522828282828286,1.0
config_C_uniform_cx,13,2,95.66448199099824,76.6895242255941,46.67010101010101,1.0
config_C_uniform_cx,13,3,95.66448199099824,81.47519657708604,45.962626262626266,1.0
config_C_uniform_cx,13,4,95.66448199099824,84.51375761979592,44.6179797979798,1.0
config_C_uniform_cx,13,5,99.86324585283829,86.38916360010256,44.00525252525252,1.0
config_C_uniform_cx,13,6,99.86324585283829,86.54689770889625,43.13333333333333,1.0
config_C_uniform_cx,13,7,99.86324585283829,88.75972915546676,42.335151515151516,1.0
config_C_uniform_cx,13,8,99.86324585283829,90.3619689958708,41.22161616161616,1.0
config_C_uniform_cx,13,9,99.86702845311355,90.99456596986947,39.88020202020202,1.0
config_C_uniform_cx,13,10,99.86702845311355,91.46649046523265,39.214747474747476,1.0
config_C_uniform_cx,13,11,99.8884846186315,91.95433925351604,38.10747474747475,1.0
config_C_uniform_cx,13,12,99.8884846186315,93.59412621576784,38.53232323232323,1.0
config_C_uniform_cx,13,13,99.89239077161511,93.91217704350167,38.23414141414141,1.0
config_C_uniform_cx,13,14,99.89239077161511,94.22377622444058,38.29333333333334,1.0
config_C_uniform_cx,13,15,99.9174302199009,95.21202420719163,37.88626262626263,0.99
config_C_uniform_cx,13,16,99.9174302199009,94.27039806137442,36.7030303030303,1.0
config_C_uniform_cx,13,17,99.9174302199009,95.92656059600189,36.60808080808081,1.0
config_C_uniform_cx,13,18,99.9174302199009,95.70071239150137,36.48646464646465,0.99
config_C_uniform_cx,13,19,99.9174302199009,95.2543884492175,36.01858585858586,1.0
config_C_uniform_cx,13,20,99.9174302199009,95.70896008054089,35.508080808080805,1.0
config_C_uniform_cx,13,21,99.9174302199009,95.81863709391592,33.838787878787876,1.0
config_C_uniform_cx,13,22,99.9174302199009,95.25965648679849,32.48909090909091,1.0
config_C_uniform_cx,13,23,99.92121282017614,96.34107988744334,29.253939393939394,1.0
config_C_uniform_cx,13,24,99.92121282017614,96.8962588574312,28.766464646464648,1.0
config_C_uniform_cx,13,25,99.92121282017614,96.42215728893397,28.552323232323232,1.0
config_C_uniform_cx,13,26,99.92121282017614,96.24501884270128,28.492727272727272,1.0
config_C_uniform_cx,13,27,99.92121282017614,96.159445232839,29.669090909090908,1.0
config_C_uniform_cx,13,28,99.92121282017614,95.77386909130287,30.16080808080808,1.0
config_C_uniform_cx,13,29,99.92121282017614,95.37742958180546,29.51979797979798,1.0
config_C_uniform_cx,13,30,99.92121282017614,96.04966052811635,29.466666666666665,1.0
config_C_uniform_cx,13,31,99.92121282017614,95.45725015893004,29.642222222222223,1.0
config_C_uniform_cx,13,32,99.92121282017614,95.11108617289378,29.93030303030303,1.0
config_C_uniform_cx,13,33,99.92121282017614,95.14949383777517,30.326464646464647,1.0
config_C_uniform_cx,13,34,99.92121282017614,94.98543091302572,30.24969696969697,1.0
config_C_uniform_cx,13,35,99.92121282017614,95.02910277359258,29.574949494949497,1.0
config_C_uniform_cx,13,36,99.92121282017614,95.05637487198106,29.425050505050503,1.0
config_C_uniform_cx,13,37,99.92121282017614,95.92556622721055,29.614141414141415,1.0
config_C_uniform_cx,13,38,99.92121282017614,95.41811374548932,29.672727272727272,0.99
config_C_uniform_cx,13,39,99.92121282017614,95.15177803782736,29.207272727272727,1.0
config_C_uniform_cx,13,40,99.92121282017614,95.79097763050126,30.137171717171718,1.0
config_C_uniform_cx,13,41,99.92121282017614,95.79067216090358,30.11858585858586,1.0
config_C_uniform_cx,13,42,99.92121282017614,96.12995096458575,30.257979797979797,1.0
config_C_uniform_cx,13,43,99.92121282017614,95.78559730830725,30.312121212121212,1.0
config_C_uniform_cx,13,44,99.92121282017614,96.26795975925768,29.321616161616163,1.0
config_C_uniform_cx,13,45,99.92121282017614,95.84936012483381,30.37878787878788,1.0
config_C_uniform_cx,13,46,99.92121282017614,95.55703300308701,29.753333333333334,1.0
config_C_uniform_cx,13,47,99.92121282017614,95.44555773988962,30.102222222222224,0.99
config_C_uniform_cx,13,48,99.92121282017614,95.74102885108519,29.859191919191918,0.98
config_C_uniform_cx,13,49,99.92121282017614,95.05288889141248,29.788282828282828,0.99
config_C_uniform_cx,13,50,99.92121282017614,95.03028024122956,29.475757575757576,0.99
config_C_uniform_cx,14,0,96.39727946478826,68.49300851110415,47.48808080808081,1.0
config_C_uniform_cx,14,1,96.39727946478826,68.49300851110415,47.48808080808081,1.0
config_C_uniform_cx,14,2,96.39727946478826,75.64563374609602,46.792323232323234,1.0
config_C_uniform_cx,14,3,96.39727946478826,80.07321162275592,45.76060606060606,1.0
config_C_uniform_cx,14,4,96.39727946478826,84.12303651630323,44.221414141414144,1.0
config_C_uniform_cx,14,5,99.82610920937913,85.76845226919842,43.96484848484849,1.0
config_C_uniform_cx,14,6,99.90578072141071,88.31716140423615,43.3410101010101,1.0
config_C_uniform_cx,14,7,99.90578072141071,89.76175750467819,42.663434343434346,1.0
config_C_uniform_cx,14,8,99.90578072141071,91.65086271357877,41.572929292929295,1.0
config_C_uniform_cx,14,9,99.90578072141071,91.3269575274869,40.35010101010101,1.0
config_C_uniform_cx,14,10,99.90578072141071,92.91936733852623,39.0630303030303,1.0
config_C_uniform_cx,14,11,99.90578072141071,93.37870717091714,37.50080808080808,1.0
config_C_uniform_cx,14,12,99.90578072141071,93.43423367482936,36.436565656565655,1.0
config_C_uniform_cx,14,13,99.90578072141071,94.7058799016808,36.52121212121212,1.0
config_C_uniform_cx,14,14,99.90578072141071,94.85094927863145,35.656565656565654,1.0
config_C_uniform_cx,14,15,99.90578072141071,95.84490303411829,34.20020202020202,1.0
config_C_uniform_cx,14,16,99.90578072141071,95.86288129691393,32.907272727272726,1.0
config_C_uniform_cx,14,17,99.90986501935038,95.7129109643974,31.625050505050506,1.0
config_C_uniform_cx,14,18,99.90986501935038,95.5410100107,29.262424242424242,1.0
config_C_uniform_cx,14,19,99.9116054706558,95.54921833285628,29.364040404040406,1.0
config_C_uniform_cx,14,20,99.9116054706558,94.85281369762072,30.02686868686869,1.0
config_C_uniform_cx,14,21,99.9116054706558,95.15381482561038,29.96989898989899,1.0
config_C_uniform_cx,14,22,99.9116054706558,95.54792219088122,29.695757575757575,1.0
config_C_uniform_cx,14,23,99.9116054706558,95.4058157337923,28.88222222222222,1.0
config_C_uniform_cx,14,24,99.9116054706558,95.86963083217597,29.305050505050506,0.98
config_C_uniform_cx,14,25,99.9116054706558,95.43732077614223,29.63313131313131,0.99
config_C_uniform_cx,14,26,99.9116054706558,95.59639935909894,30.034949494949494,1.0
config_C_uniform_cx,14,27,99.9116054706558,96.1560516748498,30.296363636363637,1.0
config_C_uniform_cx,14,28,99.9116054706558,95.24392497699462,29.94848484848485,1.0
config_C_uniform_cx,14,29,99.91820078679989,95.74435291487552,28.984242424242424,1.0
config_C_uniform_cx,14,30,99.91820078679989,95.47077686254637,28.925656565656567,1.0
config_C_uniform_cx,14,31,99.91820078679989,96.52941029311587,28.69959595959596,1.0
config_C_uniform_cx,14,32,99.91820078679989,95.70609328520135,30.504040404040403,1.0
config_C_uniform_cx,14,33,99.91820078679989,95.51928983562146,30.641414141414142,1.0
config_C_uniform_cx,14,34,99.91820078679989,95.91971159682363,30.644040404040403,1.0
config_C_uniform_cx,14,35,99.91820078679989,95.20405679552765,31.436363636363637,1.0
config_C_uniform_cx,14,36,99.91820078679989,95.99860877329515,31.396161616161617,1.0
config_C_uniform_cx,14,37,99.91820078679989,95.53871408161827,31.681616161616162,1.0
config_C_uniform_cx,14,38,99.91820078679989,96.16788339536009,31.453333333333333,1.0
config_C_uniform_cx,14,39,99.91820078679989,95.60266318120404,32.0810101010101,1.0
config_C_uniform_cx,14,40,99.91820078679989,95.42273531118624,31.762020202020203,0.99
config_C_uniform_cx,14,41,99.91820078679989,95.89915046608296,31.446060606060605,1.0
config_C_uniform_cx,14,42,99.91820078679989,95.15623236457012,31.523434343434342,0.99
config_C_uniform_cx,14,43,99.91820078679989,95.02911976657418,29.754141414141415,1.0
config_C_uniform_cx,14,44,99.91820078679989,95.62857055895284,28.94060606060606,1.0
config_C_uniform_cx,14,45,99.91820078679989,95.6947515395572,29.5789898989899,1.0
config_C_uniform_cx,14,46,99.92024293576972,94.8087148194382,30.165454545454544,1.0
config_C_uniform_cx,14,47,99.92024293576972,95.3150893071898,31.00888888888889,1.0
config_C_uniform_cx,14,48,99.92024293576972,95.98864861724832,30.802222222222223,1.0
config_C_uniform_cx,14,49,99.92024293576972,95.96129887759417,30.49111111111111,1.0
config_C_uniform_cx,14,50,99.92024293576972,95.73945689520706,30.867878787878787,1.0
config_C_uniform_cx,15,0,92.78690960243638,68.14490235909953,47.503838383838385,1.0
config_C_uniform_cx,15,1,92.78690960243638,68.14490235909953,47.503838383838385,1.0
config_C_uniform_cx,15,2,95.63750157042347,76.24849394279924,46.842828282828286,1.0
config_C_uniform_cx,15,3,95.63750157042347,80.65863693138529,45.8610101010101,1.0
config_C_uniform_cx,15,4,95.97942780865215,83.8896003418363,44.90585858585859,1.0
config_C_uniform_cx,15,5,95.97942780865215,87.51684734641206,42.83414141414141,0.98
config_C_uniform_cx,15,6,99.86832120773576,88.39812186324042,40.79191919191919,0.99
config_C_uniform_cx,15,7,99.86832120773576,90.32461515005305,39.41959595959596,1.0
config_C_uniform_cx,15,8,99.86832120773576,90.27594693403924,37.62969696969697,1.0
config_C_uniform_cx,15,9,99.86832120773576,92.12559020882827,36.48747474747475,1.0
config_C_uniform_cx,15,10,99.86832120773576,93.72657391751233,36.37171717171717,1.0
config_C_uniform_cx,15,11,99.87489535132846,94.28721331364366,35.52969696969697,1.0
config_C_uniform_cx,15,12,99.90404027010528,93.85586277437582,35.444242424242425,0.99
config_C_uniform_cx,15,13,99.90404027010528,94.33388702160035,34.95474747474748,1.0
config_C_uniform_cx,15,14,99.90404027010528,94.79187555824439,33.6610101010101,1.0
config_C_uniform_cx,15,15,99.90404027010528,95.20908143888158,33.075353535353536,1.0
config_C_uniform_cx,15,16,99.90404027010528,95.22893204562055,33.142020202020205,1.0
config_C_uniform_cx,15,17,99.90404027010528,95.4456749483732,33.48464646464647,1.0
config_C_uniform_cx,15,18,99.90404027010528,95.20664225012251,34.21191919191919,1.0
config_C_uniform_cx,15,19,99.90685298597413,95.3928035746524,34.75494949494949,0.99
config_C_uniform_cx,15,20,99.90685298597413,94.30510177727695,34.51292929292929,1.0
config_C_uniform_cx,15,21,99.90685298597413,95.49840086692691,33.99939393939394,0.98
config_C_uniform_cx,15,22,99.90685298597413,96.16911090908727,33.64424242424242,1.0
config_C_uniform_cx,15,23,99.90685298597413,94.69708825438634,32.61070707070707,1.0
config_C_uniform_cx,15,24,99.90685298597413,95.50300034230298,32.742828282828285,1.0
config_C_uniform_cx,15,25,99.90685298597413,95.40957601683594,32.5660606060606,1.0
config_C_uniform_cx,15,26,99.90685298597413,95.78137782612161,32.90525252525253,1.0
config_C_uniform_cx,15,27,99.90685298597413,94.6766973636171,33.0389898989899,1.0
config_C_uniform_cx,15,28,99.90685298597413,94.89372275700978,32.76141414141414,1.0
config_C_uniform_cx,15,29,99.90685298597413,95.67013994187984,31.411919191919193,1.0
config_C_uniform_cx,15,30,99.9260676850148,95.47486860018145,30.964444444444446,1.0
config_C_uniform_cx,15,31,99.9260676850148,95.90158100825464,30.88888888888889,1.0
config_C_uniform_cx,15,32,99.9260676850148,96.25387338959764,30.329090909090908,1.0
config_C_uniform_cx,15,33,99.9260676850148,95.33843415289859,29.77919191919192,1.0
config_C_uniform_cx,15,34,99.9260676850148,95.36426382693182,30.824444444444445,1.0
config_C_uniform_cx,15,35,99.9260676850148,96.22209388826022,30.475151515151516,0.98
config_C_uniform_cx,15,36,99.9260676850148,95.11265121029263,31.63939393939394,1.0
config_C_uniform_cx,15,37,99.9260676850148,95.41747648802726,30.784848484848485,1.0
config_C_uniform_cx,15,38,99.9260676850148,96.09777442800755,30.855555555555554,1.0
config_C_uniform_cx,15,39,99.9260676850148,96.17516287466113,30.447474747474747,1.0
config_C_uniform_cx,15,40,99.9260676850148,97.35739400447483,30.318989898989898,1.0
config_C_uniform_cx,15,41,99.9260676850148,97.07293980767363,30.613535353535354,0.99
config_C_uniform_cx,15,42,99.9260676850148,96.2861154204201,29.27979797979798,0.99
config_C_uniform_cx,15,43,99.9260676850148,95.89555109281297,30.256767676767677,0.99
config_C_uniform_cx,15,44,99.9260676850148,95.41778511442901,30.491717171717173,0.99
config_C_uniform_cx,15,45,99.9260676850148,95.41798176809088,30.632727272727273,0.99
config_C_uniform_cx,15,46,99.9260676850148,95.0777537148094,30.816565656565658,0.99
config_C_uniform_cx,15,47,99.9260676850148,95.08280507168897,30.333939393939392,0.99
config_C_uniform_cx,15,48,99.9260676850148,95.22282189570835,30.20040404040404,0.99
config_C_uniform_cx,15,49,99.9260676850148,94.87065889083372,29.432727272727274,0.99
config_C_uniform_cx,15,50,99.9260676850148,95.12108824705071,30.003434343434343,0.99
config_C_uniform_cx,16,0,93.79134797517234,67.54628510306739,47.493131313131315,1.0
config_C_uniform_cx,16,1,93.79134797517234,67.54628510306739,47.493131313131315,1.0
config_C_uniform_cx,16,2,95.00766949151392,77.34368580550085,46.643838383838386,1.0
config_C_uniform_cx,16,3,96.1766743870622,81.56846106203331,45.50161616161616,1.0
config_C_uniform_cx,16,4,99.73934136603162,85.66594554812879,44.3050505050505,0.99
config_C_uniform_cx,16,5,99.7919312808076,87.5203536352058,43.412121212121214,1.0
config_C_uniform_cx,16,6,99.85871385821542,89.46058815078608,42.487272727272725,1.0
config_C_uniform_cx,16,7,99.88656602237002,91.07464488158901,41.29131313131313,1.0
config_C_uniform_cx,16,8,99.88656602237002,91.3591889328349,40.639191919191916,1.0
config_C_uniform_cx,16,9,99.88656602237002,92.95191246675256,39.484242424242424,1.0
config_C_uniform_cx,16,10,99.88957805574628,93.7226602324986,39.088484848484846,0.99
config_C_uniform_cx,16,11,99.89142088720868,93.47063384969529,37.904444444444444,1.0
config_C_uniform_cx,16,12,99.89142088720868,93.69245835811488,35.356161616161614,1.0
config_C_uniform_cx,16,13,99.89490178981953,95.50121025775012,34.59353535353535,1.0
config_C_uniform_cx,16,14,99.90090468402067,93.12800107758663,34.51777777777778,0.99
config_C_uniform_cx,16,15,99.90090468402067,92.57253132040043,34.334545454545456,1.0
config_C_uniform_cx,16,16,99.90090468402067,95.16026362269871,34.197575757575756,1.0
config_C_uniform_cx,16,17,99.90090468402067,94.14674846574269,33.93575757575758,1.0
config_C_uniform_cx,16,18,99.90481083700429,95.00726270125122,33.57090909090909,1.0
config_C_uniform_cx,16,19,99.90481083700429,95.32498895141838,33.089090909090906,1.0
config_C_uniform_cx,16,20,99.90481083700429,94.51317175308105,32.16949494949495,1.0
config_C_uniform_cx,16,21,99.90481083700429,95.1031006742978,32.1759595959596,1.0
config_C_uniform_cx,16,22,99.90481083700429,95.85138355857919,31.33979797979798,0.99
config_C_uniform_cx,16,23,99.91083490375681,95.43317186311705,30.527070707070706,0.99
config_C_uniform_cx,16,24,99.91083490375681,95.7520768197003,30.58929292929293,1.0
config_C_uniform_cx,16,25,99.91083490375681,95.19811897483741,30.711111111111112,1.0
config_C_uniform_cx,16,26,99.92024293576972,95.38647966935486,30.4579797979798,1.0
config_C_uniform_cx,16,27,99.92024293576972,95.73970440729481,29.87272727272727,1.0
config_C_uniform_cx,16,28,99.92024293576972,95.81014662730688,30.08,0.99
config_C_uniform_cx,16,29,99.92024293576972,95.97472918169045,29.346464646464646,1.0
config_C_uniform_cx,16,30,99.92024293576972,95.25062735673596,29.752525252525253,1.0
config_C_uniform_cx,16,31,99.92529711811581,96.58996167347517,30.973939393939393,1.0
config_C_uniform_cx,16,32,99.92529711811581,95.96663940601184,31.327676767676767,1.0
config_C_uniform_cx,16,33,99.92529711811581,96.35501732620703,31.65131313131313,1.0
config_C_uniform_cx,16,34,99.92529711811581,96.35497485796168,31.492121212121212,1.0
config_C_uniform_cx,16,35,99.92529711811581,95.74237170703145,32.39676767676767,1.0
config_C_uniform_cx,16,36,99.92529711811581,95.05640407046694,32.295959595959594,1.0
config_C_uniform_cx,16,37,99.92529711811581,94.53661558007698,32.185050505050505,1.0
config_C_uniform_cx,16,38,99.92529711811581,94.75646691102483,31.0989898989899,1.0
config_C_uniform_cx,16,39,99.92529711811581,94.94303585802872,31.216363636363635,1.0
config_C_uniform_cx,16,40,99.92529711811581,95.88342651828829,31.264242424242425,1.0
config_C_uniform_cx,16,41,99.92529711811581,94.96785770872053,31.65252525252525,1.0
config_C_uniform_cx,16,42,99.92529711811581,95.44995374651849,31.25010101010101,1.0
config_C_uniform_cx,16,43,99.92529711811581,95.3315592418336,30.634343434343435,1.0
config_C_uniform_cx,16,44,99.92529711811581,95.67994741812545,28.904646464646465,1.0
config_C_uniform_cx,16,45,99.92529711811581,95.38022855943618,28.225252525252525,1.0
config_C_uniform_cx,16,46,99.92529711811581,95.14926161832382,27.525252525252526,1.0
config_C_uniform_cx,16,47,99.92529711811581,95.47074614383578,27.517373737373738,1.0
config_C_uniform_cx,16,48,99.92529711811581,95.29869843977855,27.47737373737374,1.0
config_C_uniform_cx,16,49,99.92907971839107,95.40087354295233,26.13858585858586,1.0
config_C_uniform_cx,16,50,99.92907971839107,95.59563949467726,26.057979797979797,1.0
config_C_uniform_cx,17,0,91.70125434454047,67.72837190994042,47.513939393939395,1.0
config_C_uniform_cx,17,1,91.70125434454047,67.72837190994042,47.513939393939395,1.0
config_C_uniform_cx,17,2,95.05563047431657,76.92652768143027,46.74686868686869,1.0
config_C_uniform_cx,17,3,95.090292006183,82.97710411630453,45.497979797979795,1.0
config_C_uniform_cx,17,4,96.23527483800652,85.90574214164852,44.781010101010104,1.0
config_C_uniform_cx,17,5,99.84686504221781,86.97404939340954,44.08949494949495,1.0
config_C_uniform_cx,17,6,99.86229714098324,88.81875951394561,42.82161616161616,1.0
config_C_uniform_cx,17,7,99.88355398899377,91.06295941192606,41.95151515151515,1.0
config_C_uniform_cx,17,8,99.88355398899377,91.93693347548658,41.46545454545455,0.99
config_C_uniform_cx,17,9,99.88783760444086,91.6720992844708,40.5149494949495,0.99
config_C_uniform_cx,17,10,99.88783760444086,93.80314081493509,39.22909090909091,0.99
config_C_uniform_cx,17,11,99.88783760444086,92.82369784519432,37.471111111111114,0.99
config_C_uniform_cx,17,12,99.8982155208602,94.06523836678292,36.8050505050505,1.0
config_C_uniform_cx,17,13,99.8982155208602,94.52186516024429,36.30646464646465,1.0
config_C_uniform_cx,17,14,99.8982155208602,94.68602184305277,35.804848484848485,1.0
config_C_uniform_cx,17,15,99.8982155208602,94.79095339680791,35.70060606060606,1.0
config_C_uniform_cx,17,16,99.90045698733746,94.82987844305234,35.8589898989899,1.0
config_C_uniform_cx,17,17,99.90705230348155,95.45247466954962,35.965050505050506,1.0
config_C_uniform_cx,17,18,99.90705230348155,94.71063150184693,35.78929292929293,1.0
config_C_uniform_cx,17,19,99.90705230348155,95.04030202493266,35.2349494949495,1.0
config_C_uniform_cx,17,20,99.90705230348155,94.46621177935492,35.29090909090909,1.0
config_C_uniform_cx,17,21,99.90705230348155,94.80662832005243,35.41818181818182,1.0
config_C_uniform_cx,17,22,99.90705230348155,95.15848944969683,35.03171717171717,1.0
config_C_uniform_cx,17,23,99.90802218788798,95.44625378183632,33.406666666666666,1.0
config_C_uniform_cx,17,24,99.91083490375681,95.74327181914288,32.09979797979798,1.0
config_C_uniform_cx,17,25,99.91083490375681,95.1653369609622,31.82949494949495,1.0
config_C_uniform_cx,17,26,99.91083490375681,94.84716704913802,34.07212121212121,1.0
config_C_uniform_cx,17,27,99.91083490375681,95.45111652055482,34.50363636363636,0.99
config_C_uniform_cx,17,28,99.92626700252224,95.50813950989324,33.3979797979798,0.98
config_C_uniform_cx,17,29,99.93286231866632,95.79884174553622,31.563636363636363,1.0
config_C_uniform_cx,17,30,99.93286231866632,95.97547554823873,32.16161616161616,1.0
config_C_uniform_cx,17,31,99.93286231866632,95.53576662077589,32.23292929292929,1.0
config_C_uniform_cx,17,32,99.93286231866632,95.63388965094514,31.877171717171716,1.0
config_C_uniform_cx,17,33,99.93286231866632,95.22906467905814,30.89212121212121,1.0
config_C_uniform_cx,17,34,99.93286231866632,95.58562737862965,31.176969696969696,1.0
config_C_uniform_cx,17,35,99.93286231866632,94.75526422644822,30.074141414141415,1.0
config_C_uniform_cx,17,36,99.93286231866632,95.35452336325568,29.341616161616162,1.0
config_C_uniform_cx,17,37,99.93286231866632,95.67928919218431,29.00868686868687,1.0
config_C_uniform_cx,17,38,99.93286231866632,95.09103144394876,29.68141414141414,1.0
config_C_uniform_cx,17,39,99.93286231866632,96.11073182519107,30.27979797979798,1.0
config_C_uniform_cx,17,40,99.93286231866632,94.15069533237221,29.408080808080808,1.0
config_C_uniform_cx,17,41,99.93286231866632,95.33917778873695,29.321616161616163,1.0
config_C_uniform_cx,17,42,99.93286231866632,95.4773775552057,28.418585858585857,0.99
config_C_uniform_cx,17,43,99.93286231866632,95.13425437282785,28.077171717171716,0.99
config_C_uniform_cx,17,44,99.93286231866632,94.0975693300581,26.50040404040404,1.0
config_C_uniform_cx,17,45,99.93286231866632,94.75161865481783,27.682424242424243,1.0
config_C_uniform_cx,17,46,99.93286231866632,94.6163327581283,28.00141414141414,0.99
config_C_uniform_cx,17,47,99.93286231866632,94.97957926863323,27.59919191919192,0.99
config_C_uniform_cx,17,48,99.93286231866632,94.98238573489293,26.606060606060606,0.99
config_C_uniform_cx,17,49,99.93286231866632,95.4715164673908,25.747878787878786,1.0
config_C_uniform_cx,17,50,99.93286231866632,95.745067516629,26.245656565656567,1.0
config_C_uniform_cx,18,0,93.90752679046876,66.55424361609049,47.48767676767677,1.0
config_C_uniform_cx,18,1,93.90752679046876,66.55424361609049,47.48767676767677,1.0
config_C_uniform_cx,18,2,95.73296045949292,75.32559632255783,46.61030303030303,1.0
config_C_uniform_cx,18,3,95.77353170888448,80.96918005707944,45.42383838383839,1.0
config_C_uniform_cx,18,4,95.77353170888448,84.31720835751884,44.61191919191919,1.0
config_C_uniform_cx,18,5,96.1858429556256,86.70567581285319,43.30323232323232,1.0
config_C_uniform_cx,18,6,96.29828687138279,89.06764254388489,42.49878787878788,1.0
config_C_uniform_cx,18,7,99.8692699195908,89.78464076276778,41.684444444444445,1.0
config_C_uniform_cx,18,8,99.8692699195908,90.92245415982104,40.385252525252525,1.0
config_C_uniform_cx,18,9,99.8966743870622,92.16903202190802,39.17939393939394,1.0
config_C_uniform_cx,18,10,99.8966743870622,92.40183558427542,38.97878787878788,0.99
config_C_uniform_cx,18,11,99.8966743870622,94.3682067850211,38.44121212121212,0.98
config_C_uniform_cx,18,12,99.8966743870622,93.8447896488562,38.43030303030303,1.0
config_C_uniform_cx,18,13,99.8966743870622,94.37160760583342,38.182626262626265,1.0
config_C_uniform_cx,18,14,99.8966743870622,94.7254552001692,38.655151515151516,1.0
config_C_uniform_cx,18,15,99.8966743870622,94.01272396626916,38.81212121212121,1.0
config_C_uniform_cx,18,16,99.8966743870622,95.31967537142741,38.93030303030303,0.99
config_C_uniform_cx,18,17,99.8966743870622,95.21290286316082,38.91616161616162,1.0
config_C_uniform_cx,18,18,99.8966743870622,94.79342829782017,38.366262626262625,1.0
config_C_uniform_cx,18,19,99.8966743870622,95.10573932730493,36.8349494949495,1.0
config_C_uniform_cx,18,20,99.8966743870622,95.45881456664658,36.12626262626262,1.0
config_C_uniform_cx,18,21,99.8966743870622,95.11162642291806,36.41050505050505,0.99
config_C_uniform_cx,18,22,99.91870180197172,94.44652628825938,36.07272727272727,1.0
config_C_uniform_cx,18,23,99.91870180197172,95.56976379473399,36.85393939393939,1.0
config_C_uniform_cx,18,24,99.91870180197172,95.2036077801109,36.75515151515152,1.0
config_C_uniform_cx,18,25,99.91870180197172,93.58931204792054,35.62080808080808,1.0
config_C_uniform_cx,18,26,99.91870180197172,95.27802305556246,35.76565656565656,1.0
config_C_uniform_cx,18,27,99.92248440224698,96.13618807146068,35.427676767676765,1.0
config_C_uniform_cx,18,28,99.92248440224698,94.74681167241278,35.33252525252525,1.0
config_C_uniform_cx,18,29,99.92248440224698,95.86222579563986,35.17656565656566,1.0
config_C_uniform_cx,18,30,99.92248440224698,95.21535314424648,34.24686868686869,1.0
config_C_uniform_cx,18,31,99.92248440224698,94.93465477853701,35.28929292929293,0.99
config_C_uniform_cx,18,32,99.92529711811581,93.99520329349089,35.12949494949495,1.0
config_C_uniform_cx,18,33,99.92529711811581,94.3167489575674,34.34565656565657,1.0
config_C_uniform_cx,18,34,99.92529711811581,95.11707922275568,34.38848484848485,1.0
config_C_uniform_cx,18,35,99.92529711811581,92.9882106861753,34.28666666666667,1.0
config_C_uniform_cx,18,36,99.92529711811581,94.32397961351536,34.55131313131313,1.0
config_C_uniform_cx,18,37,99.92529711811581,94.9465064111217,33.39373737373737,1.0
config_C_uniform_cx,18,38,99.92529711811581,94.01773810504424,32.779797979797976,1.0
config_C_uniform_cx,18,39,99.92529711811581,94.41649314673428,32.54040404040404,1.0
config_C_uniform_cx,18,40,99.92529711811581,94.79648041089327,32.447272727272725,1.0
config_C_uniform_cx,18,41,99.92529711811581,94.10626312991073,32.43959595959596,1.0
config_C_uniform_cx,18,42,99.92907971839107,95.36733349298521,31.078585858585857,1.0
config_C_uniform_cx,18,43,99.92907971839107,94.5406065066288,30.76040404040404,1.0
config_C_uniform_cx,18,44,99.92907971839107,94.73555225302736,30.577575757575758,1.0
config_C_uniform_cx,18,45,99.92907971839107,94.8556846229652,29.935757575757577,1.0
config_C_uniform_cx,18,46,99.92907971839107,94.57037402860593,31.332727272727272,1.0
config_C_uniform_cx,18,47,99.92907971839107,95.25724369187802,30.845858585858586,1.0
config_C_uniform_cx,18,48,99.92907971839107,95.65431416499257,30.002828282828283,1.0
config_C_uniform_cx,18,49,99.92907971839107,95.25932824967626,27.37010101010101,1.0
config_C_uniform_cx,18,50,99.92907971839107,94.91038149504186,27.51151515151515,1.0
config_C_uniform_cx,19,0,91.69814417033761,67.87571287073033,47.52848484848485,1.0
config_C_uniform_cx,19,1,91.69814417033761,67.87571287073033,47.52848484848485,1.0
config_C_uniform_cx,19,2,95.05833437153737,75.4952248718468,46.61010101010101,1.0
config_C_uniform_cx,19,3,95.50507238872662,80.97453437541097,45.214343434343434,1.0
config_C_uniform_cx,19,4,95.50507238872662,84.58106371398709,43.36242424242424,1.0
config_C_uniform_cx,19,5,96.08087485786241,84.18257899018772,43.076565656565656,1.0
config_C_uniform_cx,19,6,96.1056942787902,86.80650736448959,42.44646464646465,1.0
config_C_uniform_cx,19,7,96.41517366132568,87.53395116587559,42.036767676767674,0.99
config_C_uniform_cx,19,8,99.82687977627813,88.27541632945785,40.627272727272725,0.99
config_C_uniform_cx,19,9,99.82687977627813,89.90934676668836,39.413333333333334,1.0
config_C_uniform_cx,19,10,99.85493125794017,92.21596648323546,38.48343434343435,1.0
config_C_uniform_cx,19,11,99.90122755423646,92.00789704756649,38.726868686868684,1.0
config_C_uniform_cx,19,12,99.90122755423646,93.11436448815422,38.26141414141414,1.0
config_C_uniform_cx,19,13,99.90122755423646,94.59849085960708,37.14282828282828,1.0
config_C_uniform_cx,19,14,99.90122755423646,94.98297700568466,36.56868686868687,1.0
config_C_uniform_cx,19,15,99.90122755423646,95.23767610096152,36.71111111111111,1.0
config_C_uniform_cx,19,16,99.90199812113545,95.43082426106544,35.76323232323232,1.0
config_C_uniform_cx,19,17,99.90199812113545,95.32316244167627,35.527676767676766,1.0
config_C_uniform_cx,19,18,99.90782287038054,95.28544760691983,34.59919191919192,1.0
config_C_uniform_cx,19,19,99.90859343727954,94.08370379652621,34.90121212121212,1.0
config_C_uniform_cx,19,20,99.90859343727954,94.69331571374465,33.62565656565656,1.0
config_C_uniform_cx,19,21,99.90859343727954,95.2854561404819,31.637777777777778,1.0
config_C_uniform_cx,19,22,99.90859343727954,95.2812200077635,30.7789898989899,0.99
config_C_uniform_cx,19,23,99.91820078679989,94.94799315506907,30.787070707070708,0.98
config_C_uniform_cx,19,24,99.91820078679989,95.10719898958826,30.871919191919194,0.99
config_C_uniform_cx,19,25,99.91820078679989,95.35055648225274,31.696363636363635,1.0
config_C_uniform_cx,19,26,99.91820078679989,95.27416059991756,30.75171717171717,1.0
config_C_uniform_cx,19,27,99.92325496914597,95.57004252403134,30.626868686868686,1.0
config_C_uniform_cx,19,28,99.92325496914597,96.31331661068002,29.907272727272726,1.0
config_C_uniform_cx,19,29,99.92325496914597,95.43930138199424,29.753737373737373,1.0
config_C_uniform_cx,19,30,99.92325496914597,94.41297507362677,30.57070707070707,1.0
config_C_uniform_cx,19,31,99.92325496914597,95.79226810618113,30.067272727272726,1.0
config_C_uniform_cx,19,32,99.92325496914597,95.893317672991,29.877373737373738,0.99
config_C_uniform_cx,19,33,99.92325496914597,95.72811301889686,28.9189898989899,0.98
config_C_uniform_cx,19,34,99.92703756942123,95.73575670970645,30.206060606060607,0.99
config_C_uniform_cx,19,35,99.92703756942123,95.34048898038927,28.09717171717172,1.0
config_C_uniform_cx,19,36,99.92703756942123,95.35200928757331,28.81858585858586,1.0
config_C_uniform_cx,19,37,99.92703756942123,95.45527576008823,28.185656565656565,1.0
config_C_uniform_cx,19,38,99.92703756942123,95.79057328777306,28.10121212121212,1.0
config_C_uniform_cx,19,39,99.92703756942123,95.67071831218486,28.48,1.0
config_C_uniform_cx,19,40,99.92703756942123,95.58597092961409,28.376161616161617,1.0
config_C_uniform_cx,19,41,99.92703756942123,94.36638125402371,27.25838383838384,1.0
config_C_uniform_cx,19,42,99.92703756942123,95.04848254630895,27.13252525252525,1.0
config_C_uniform_cx,19,43,99.92703756942123,96.10559375933799,25.87090909090909,0.99
config_C_uniform_cx,19,44,99.92703756942123,95.41564217939836,26.34262626262626,0.99
config_C_uniform_cx,19,45,99.92703756942123,95.19984788513288,26.565858585858585,0.99
config_C_uniform_cx,19,46,99.92703756942123,96.21410971884058,26.14848484848485,0.99
config_C_uniform_cx,19,47,99.92703756942123,95.3935419761286,25.55030303030303,0.99
config_C_uniform_cx,19,48,99.92703756942123,94.9732011252289,25.344242424242424,0.99
config_C_uniform_cx,19,49,99.92703756942123,96.18270728805952,25.26909090909091,0.99
config_C_uniform_cx,19,50,99.92703756942123,96.43929540746683,25.526666666666667,0.99
config_C_uniform_cx,20,0,94.18395114966815,67.36237325365242,47.515757575757576,1.0
config_C_uniform_cx,20,1,94.18395114966815,67.36237325365242,47.515757575757576,1.0
config_C_uniform_cx,20,2,99.74991859995839,77.16614163717048,46.71959595959596,1.0
config_C_uniform_cx,20,3,99.77495804824417,82.57980409907705,45.31414141414142,1.0
config_C_uniform_cx,20,4,99.77495804824417,84.87011043829709,44.22989898989899,1.0
config_C_uniform_cx,20,5,99.8374570102049,88.16354685938838,41.3169696969697,1.0
config_C_uniform_cx,20,6,99.87414595698085,90.76697012514082,38.78545454545455,1.0
config_C_uniform_cx,20,7,99.87414595698085,93.14393632776451,37.71515151515152,1.0
config_C_uniform_cx,20,8,99.87414595698085,92.6937264179059,36.03858585858586,1.0
config_C_uniform_cx,20,9,99.87414595698085,94.02249678583459,36.293535353535354,1.0
config_C_uniform_cx,20,10,99.87997070622595,94.9470166594745,35.95979797979798,1.0
config_C_uniform_cx,20,11,99.87997070622595,95.10334700915679,35.88262626262626,1.0
config_C_uniform_cx,20,12,99.89386167119338,95.10220898549998,35.525858585858586,1.0
config_C_uniform_cx,20,13,99.89386167119338,95.40161066162065,34.884040404040405,1.0
config_C_uniform_cx,20,14,99.89386167119338,95.05789289451695,35.52444444444444,0.99
config_C_uniform_cx,20,15,99.89386167119338,94.84138763048556,35.90161616161616,0.99
config_C_uniform_cx,20,16,99.89386167119338,94.08818044001852,36.145050505050506,0.98
config_C_uniform_cx,20,17,99.89386167119338,95.49450969553787,34.83171717171717,0.99
config_C_uniform_cx,20,18,99.89386167119338,95.82714639385766,35.005050505050505,0.99
config_C_uniform_cx,20,19,99.89386167119338,95.30646978107954,34.611111111111114,0.99
config_C_uniform_cx,20,20,99.89386167119338,95.35977401814144,35.21818181818182,0.99
config_C_uniform_cx,20,21,99.89443292058495,95.11130912616501,34.515757575757576,0.98
config_C_uniform_cx,20,22,99.90102823672903,94.42857784600568,34.25252525252525,0.99
config_C_uniform_cx,20,23,99.90782287038054,94.3812400617558,33.15959595959596,1.0
config_C_uniform_cx,20,24,99.90782287038054,93.95575450931962,33.45030303030303,1.0
config_C_uniform_cx,20,25,99.90782287038054,95.2274303512014,33.154747474747474,1.0
config_C_uniform_cx,20,26,99.90782287038054,95.02714503309191,33.68424242424243,1.0
config_C_uniform_cx,20,27,99.9100643368578,94.61124645188629,33.93212121212121,1.0
config_C_uniform_cx,20,28,99.9158890861029,95.15318142929539,34.52383838383838,1.0
config_C_uniform_cx,20,29,99.9158890861029,96.09062523553064,34.90646464646465,1.0
config_C_uniform_cx,20,30,99.9158890861029,95.21043359211119,34.68242424242424,0.99
config_C_uniform_cx,20,31,99.9158890861029,94.83082253369352,35.44161616161616,1.0
config_C_uniform_cx,20,32,99.9158890861029,95.16234981546802,35.64242424242424,1.0
config_C_uniform_cx,20,33,99.9158890861029,95.3324434578044,34.88121212121212,1.0
config_C_uniform_cx,20,34,99.9158890861029,95.17683166846679,34.645050505050506,1.0
config_C_uniform_cx,20,35,99.9158890861029,95.11738887482659,34.472929292929294,1.0
config_C_uniform_cx,20,36,99.9158890861029,95.1421612497184,33.92969696969697,1.0
config_C_uniform_cx,20,37,99.9158890861029,94.88538361884082,33.30444444444444,1.0
config_C_uniform_cx,20,38,99.9158890861029,95.33977389816195,32.78242424242424,1.0
config_C_uniform_cx,20,39,99.9158890861029,94.82915977389536,32.29959595959596,1.0
config_C_uniform_cx,20,40,99.9158890861029,94.00499162234557,31.771515151515153,1.0
config_C_uniform_cx,20,41,99.9158890861029,95.34036373841032,31.425050505050503,1.0
config_C_uniform_cx,20,42,99.9158890861029,94.94362490573421,31.796363636363637,1.0
config_C_uniform_cx,20,43,99.9158890861029,95.20738720093772,31.95070707070707,0.99
config_C_uniform_cx,20,44,99.9158890861029,95.0233157218941,31.796161616161616,0.98
config_C_uniform_cx,20,45,99.9158890861029,93.76268041635268,32.323232323232325,1.0
config_C_uniform_cx,20,46,99.9158890861029,93.14930785111196,31.42080808080808,1.0
config_C_uniform_cx,20,47,99.9158890861029,93.63809552269711,31.607272727272726,1.0
config_C_uniform_cx,20,48,99.9158890861029,94.4697193743569,31.57838383838384,1.0
config_C_uniform_cx,20,49,99.9158890861029,95.59914579946532,30.92848484848485,1.0
config_C_uniform_cx,20,50,99.9158890861029,96.04607204541313,31.89090909090909,1.0
config_C_uniform_cx,21,0,95.86933364970767,67.41452170707197,47.497373737373735,1.0
config_C_uniform_cx,21,1,95.86933364970767,67.41452170707197,47.497373737373735,1.0
config_C_uniform_cx,21,2,95.86933364970767,77.45416102332524,46.69171717171717,0.99
config_C_uniform_cx,21,3,95.86933364970767,83.62011426322653,45.09010101010101,1.0
config_C_uniform_cx,21,4,96.23794329131643,86.12778029578266,42.182020202020205,1.0
config_C_uniform_cx,21,5,96.23794329131643,88.4431047625705,40.81575757575757,1.0
config_C_uniform_cx,21,6,99.80485236136862,89.69283597246553,39.66222222222222,0.99
config_C_uniform_cx,21,7,99.80485236136862,90.80121694680525,39.44565656565656,1.0
config_C_uniform_cx,21,8,99.83743583765352,91.3710427412711,39.346060606060604,1.0
config_C_uniform_cx,21,9,99.86344517034573,93.4142478727501,39.08060606060606,1.0
config_C_uniform_cx,21,10,99.86344517034573,92.79222564831443,38.41414141414141,0.99
config_C_uniform_cx,21,11,99.87618810595069,93.30725861929697,37.56141414141414,1.0
config_C_uniform_cx,21,12,99.87618810595069,92.8332356662847,37.5220202020202,1.0
config_C_uniform_cx,21,13,99.87695867284968,94.25698981011543,36.79878787878788,1.0
config_C_uniform_cx,21,14,99.87695867284968,95.47937385980991,36.81151515151515,1.0
config_C_uniform_cx,21,15,99.87900082181952,96.20094265080122,36.66868686868687,0.99
config_C_uniform_cx,21,16,99.88470201835624,95.54955517951048,35.32222222222222,1.0
config_C_uniform_cx,21,17,99.90199812113545,94.90446140267049,36.39111111111111,1.0
config_C_uniform_cx,21,18,99.90199812113545,95.182063875459,36.23252525252525,1.0
config_C_uniform_cx,21,19,99.90705230348155,94.11280486526684,36.092727272727274,1.0
config_C_uniform_cx,21,20,99.91665965300189,95.22309176330384,35.7379797979798,1.0
config_C_uniform_cx,21,21,99.91665965300189,95.45692633480128,35.06424242424242,1.0
config_C_uniform_cx,21,22,99.91665965300189,94.531387157988,34.87555555555556,1.0
config_C_uniform_cx,21,23,99.91665965300189,95.39133120984516,34.646868686868686,1.0
config_C_uniform_cx,21,24,99.91665965300189,96.0013435053652,34.404848484848486,1.0
config_C_uniform_cx,21,25,99.91665965300189,95.93881317510102,33.99959595959596,1.0
config_C_uniform_cx,21,26,99.91665965300189,95.60424007002877,34.48707070707071,1.0
config_C_uniform_cx,21,27,99.91665965300189,95.81025994102622,33.68606060606061,1.0
config_C_uniform_cx,21,28,99.91665965300189,95.25310813025459,33.162424242424244,1.0
config_C_uniform_cx,21,29,99.91665965300189,94.47949570537092,31.841616161616162,1.0
config_C_uniform_cx,21,30,99.91665965300189,94.6658753860657,31.102626262626263,1.0
config_C_uniform_cx,21,31,99.91665965300189,95.23943343474251,30.255151515151514,1.0
config_C_uniform_cx,21,32,99.91665965300189,95.31554005291537,29.873131313131314,1.0
config_C_uniform_cx,21,33,99.92325496914597,96.00993406721707,29.38969696969697,1.0
config_C_uniform_cx,21,34,99.92325496914597,95.25489178790853,29.257373737373737,1.0
config_C_uniform_cx,21,35,99.92626700252224,95.84523253607908,29.49979797979798,1.0
config_C_uniform_cx,21,36,99.92626700252224,94.31951817601042,30.752525252525253,1.0
config_C_uniform_cx,21,37,99.92626700252224,95.22482978270988,30.415959595959595,1.0
config_C_uniform_cx,21,38,99.92626700252224,95.58813810220889,30.707676767676766,0.99
config_C_uniform_cx,21,39,99.92703756942123,94.94482107154118,31.005454545454544,1.0
config_C_uniform_cx,21,40,99.94169910128767,95.067799218978,30.95858585858586,1.0
config_C_uniform_cx,21,41,99.94169910128767,93.93362961527568,30.47171717171717,1.0
config_C_uniform_cx,21,42,99.94169910128767,94.53257994596741,30.945656565656567,1.0
config_C_uniform_cx,21,43,99.94169910128767,95.53523955527876,31.60848484848485,1.0
config_C_uniform_cx,21,44,99.94169910128767,96.34719977690897,30.235959595959596,1.0
config_C_uniform_cx,21,45,99.94169910128767,96.00991773329302,30.788888888888888,1.0
config_C_uniform_cx,21,46,99.94169910128767,95.76923741785458,30.712525252525253,1.0
config_C_uniform_cx,21,47,99.94169910128767,95.7410263008398,30.82808080808081,1.0
config_C_uniform_cx,21,48,99.94169910128767,96.5512655941743,30.257979797979797,1.0
config_C_uniform_cx,21,49,99.94169910128767,95.11261154174257,30.715959595959596,1.0
config_C_uniform_cx,21,50,99.94169910128767,95.87598425747525,30.465454545454545,1.0
config_C_uniform_cx,22,0,93.15154885419354,65.91057872321058,47.50666666666667,1.0
config_C_uniform_cx,22,1,93.15154885419354,65.91057872321058,47.50666666666667,1.0
config_C_uniform_cx,22,2,94.80325496914598,74.05371113044855,46.85171717171717,1.0
config_C_uniform_cx,22,3,95.22778653049753,79.2548305577827,45.76626262626262,1.0
config_C_uniform_cx,22,4,95.41066237655339,84.82525538744137,44.89737373737374,1.0
config_C_uniform_cx,22,5,95.80877766268904,85.22804779187477,43.45131313131313,0.99
config_C_uniform_cx,22,6,95.80877766268904,86.44048705494944,42.83979797979798,1.0
config_C_uniform_cx,22,7,96.32831209142807,86.92688185215353,41.794141414141414,0.99
config_C_uniform_cx,22,8,99.82989180965438,89.07308309788266,40.157171717171714,1.0
config_C_uniform_cx,22,9,99.86376804056151,90.53726558369901,38.58949494949495,1.0
config_C_uniform_cx,22,10,99.87638742345811,92.13460974358627,37.51171717171717,1.0
config_C_uniform_cx,22,11,99.87638742345811,92.89991667936032,37.15777777777778,1.0
config_C_uniform_cx,22,12,99.87638742345811,93.99109543993224,36.888282828282826,1.0
config_C_uniform_cx,22,13,99.87638742345811,94.3197360783388,37.38020202020202,1.0
config_C_uniform_cx,22,14,99.87638742345811,94.70880381409752,36.84080808080808,1.0
config_C_uniform_cx,22,15,99.87638742345811,95.69170070774692,36.45050505050505,1.0
config_C_uniform_cx,22,16,99.90404027010528,95.7972295484468,35.3589898989899,0.99
config_C_uniform_cx,22,17,99.90404027010528,96.19299914778027,34.881616161616165,1.0
config_C_uniform_cx,22,18,99.90404027010528,96.13090306344094,34.45212121212121,1.0
config_C_uniform_cx,22,19,99.90404027010528,94.81664961628714,34.6650505050505,1.0
config_C_uniform_cx,22,20,99.90404027010528,95.44654887013068,35.177373737373735,1.0
config_C_uniform_cx,22,21,99.90404027010528,95.36156373932363,34.76,1.0
config_C_uniform_cx,22,22,99.90404027010528,94.7958904255705,34.43212121212121,1.0
config_C_uniform_cx,22,23,99.90404027010528,94.85222159160114,34.95171717171717,1.0
config_C_uniform_cx,22,24,99.90404027010528,95.14569019842801,34.15979797979798,1.0
config_C_uniform_cx,22,25,99.90404027010528,94.79908873649576,34.412121212121214,0.99
config_C_uniform_cx,22,26,99.90404027010528,95.70474451528423,34.64424242424242,0.99
config_C_uniform_cx,22,27,99.90404027010528,96.17881877969695,34.38747474747475,0.99
config_C_uniform_cx,22,28,99.90909445245138,96.00757049165426,33.35333333333333,0.98
config_C_uniform_cx,22,29,99.90909445245138,94.98710477572462,32.44040404040404,1.0
config_C_uniform_cx,22,30,99.92248440224698,96.7285953755021,32.10545454545454,1.0
config_C_uniform_cx,22,31,99.92248440224698,95.13342302971577,31.727474747474748,1.0
config_C_uniform_cx,22,32,99.92248440224698,95.99788141755957,32.64424242424242,1.0
config_C_uniform_cx,22,33,99.92248440224698,96.68363860936638,32.82545454545455,1.0
config_C_uniform_cx,22,34,99.92248440224698,95.8699698038443,33.326262626262626,0.99
config_C_uniform_cx,22,35,99.92248440224698,94.84639212983443,33.55878787878788,0.99
config_C_uniform_cx,22,36,99.92248440224698,95.07416940480125,33.66585858585859,0.99
config_C_uniform_cx,22,37,99.92248440224698,95.0414980987277,34.895353535353536,0.99
config_C_uniform_cx,22,38,99.92248440224698,96.26384202150817,33.312525252525255,0.99
config_C_uniform_cx,22,39,99.92248440224698,96.08175756663717,32.83414141414141,0.99
config_C_uniform_cx,22,40,99.92248440224698,95.47811637788787,32.374545454545455,0.98
config_C_uniform_cx,22,41,99.92248440224698,95.45248271371558,31.475151515151516,0.98
config_C_uniform_cx,22,42,99.92248440224698,96.25845907314277,30.695555555555554,0.99
config_C_uniform_cx,22,43,99.92248440224698,95.93294566638745,30.625656565656566,0.98
config_C_uniform_cx,22,44,99.92248440224698,95.30142502302694,29.156363636363636,0.99
config_C_uniform_cx,22,45,99.92248440224698,95.01314476909171,29.683434343434342,0.99
config_C_uniform_cx,22,46,99.92248440224698,94.7618151196528,29.390505050505052,0.99
config_C_uniform_cx,22,47,99.92248440224698,95.1170679652185,28.268080808080807,0.99
config_C_uniform_cx,22,48,99.92529711811581,95.95720337067613,28.524242424242424,0.99
config_C_uniform_cx,22,49,99.92529711811581,96.6749386879966,26.794545454545453,1.0
config_C_uniform_cx,22,50,99.92529711811581,96.05864669921,27.196565656565657,1.0
config_C_uniform_cx,23,0,91.28890719118765,65.92920474957361,47.49838383838384,1.0
config_C_uniform_cx,23,1,91.28890719118765,65.92920474957361,47.49838383838384,1.0
config_C_uniform_cx,23,2,94.7376846795301,75.65616033519845,46.73232323232323,1.0
config_C_uniform_cx,23,3,95.3523907716151,81.03709433264736,45.742222222222225,0.99
config_C_uniform_cx,23,4,95.75317607257442,84.18474929593225,44.82646464646464,1.0
config_C_uniform_cx,23,5,99.80261089489134,86.55821159849091,43.13454545454545,0.97
config_C_uniform_cx,23,6,99.80261089489134,90.30516919118347,40.938383838383835,1.0
config_C_uniform_cx,23,7,99.83872859227574,92.16578622029355,39.792323232323234,1.0
config_C_uniform_cx,23,8,99.85365967586932,91.94425551670093,40.07939393939394,1.0
config_C_uniform_cx,23,9,99.8989860877592,93.21602323770958,39.12969696969697,1.0
config_C_uniform_cx,23,10,99.8989860877592,93.84514644124316,38.24909090909091,1.0
config_C_uniform_cx,23,11,99.8989860877592,94.87575755457725,37.13151515151515,0.98
config_C_uniform_cx,23,12,99.8989860877592,94.90069305718002,37.21111111111111,1.0
config_C_uniform_cx,23,13,99.90481083700429,94.91226945553339,36.75050505050505,1.0
config_C_uniform_cx,23,14,99.90481083700429,96.23528725247594,36.443636363636365,1.0
config_C_uniform_cx,23,15,99.90481083700429,95.51920569135127,36.72222222222222,0.99
config_C_uniform_cx,23,16,99.90481083700429,95.91204680782414,37.30282828282828,1.0
config_C_uniform_cx,23,17,99.90578072141071,96.00896647938818,37.611717171717174,0.99
config_C_uniform_cx,23,18,99.90578072141071,95.51356717647002,37.93939393939394,1.0
config_C_uniform_cx,23,19,99.90578072141071,94.55006087344758,38.144444444444446,1.0
config_C_uniform_cx,23,20,99.90578072141071,94.87109756200627,38.363232323232324,1.0
config_C_uniform_cx,23,21,99.90578072141071,95.69041763694351,37.86767676767677,1.0
config_C_uniform_cx,23,22,99.90578072141071,95.59008620647343,37.44444444444444,1.0
config_C_uniform_cx,23,23,99.90578072141071,95.2848134120941,37.99232323232323,0.99
config_C_uniform_cx,23,24,99.90578072141071,95.04656855187345,37.967474747474746,1.0
config_C_uniform_cx,23,25,99.90578072141071,94.8040453836147,37.795353535353534,1.0
config_C_uniform_cx,23,26,99.91665965300189,95.78608009304551,37.32040404040404,1.0
config_C_uniform_cx,23,27,99.91665965300189,96.03722296051427,35.67474747474748,1.0
config_C_uniform_cx,23,28,99.91665965300189,94.38688312075529,34.612323232323234,1.0
config_C_uniform_cx,23,29,99.91665965300189,95.29510780773097,33.81939393939394,1.0
config_C_uniform_cx,23,30,99.91665965300189,93.5522819239305,34.034343434343434,1.0
config_C_uniform_cx,23,31,99.91665965300189,94.33987236056382,33.55292929292929,1.0
config_C_uniform_cx,23,32,99.92325496914597,94.34357277475866,34.52505050505051,0.99
config_C_uniform_cx,23,33,99.92325496914597,95.05510931480816,35.03636363636364,1.0
config_C_uniform_cx,23,34,99.92325496914597,94.09804172931017,33.91131313131313,1.0
config_C_uniform_cx,23,35,99.92325496914597,94.82518146274614,34.29191919191919,1.0
config_C_uniform_cx,23,36,99.92325496914597,94.52520953082673,35.08141414141414,1.0
config_C_uniform_cx,23,37,99.92325496914597,95.11142229342937,35.07919191919192,0.99
config_C_uniform_cx,23,38,99.92325496914597,94.99920431320614,35.2539393939394,1.0
config_C_uniform_cx,23,39,99.92325496914597,95.03141327876955,34.44060606060606,1.0
config_C_uniform_cx,23,40,99.92325496914597,94.3314290236885,34.09090909090909,1.0
config_C_uniform_cx,23,41,99.92325496914597,94.35711886483075,33.406262626262624,1.0
config_C_uniform_cx,23,42,99.92325496914597,94.83149157716463,32.762424242424245,1.0
config_C_uniform_cx,23,43,99.92325496914597,95.24679245846195,31.844444444444445,1.0
config_C_uniform_cx,23,44,99.92325496914597,95.12660401767599,31.764242424242425,1.0
config_C_uniform_cx,23,45,99.92325496914597,95.63199374310263,31.94020202020202,1.0
config_C_uniform_cx,23,46,99.92325496914597,96.70870397070524,31.2189898989899,1.0
config_C_uniform_cx,23,47,99.92325496914597,95.76740409438423,30.81939393939394,1.0
config_C_uniform_cx,23,48,99.92325496914597,95.37053624320933,29.515151515151516,1.0
config_C_uniform_cx,23,49,99.92325496914597,95.23440124939526,28.737373737373737,1.0
config_C_uniform_cx,23,50,99.92325496914597,95.5188130912546,28.03818181818182,1.0
config_C_uniform_cx,24,0,95.68795645511803,67.90516389285257,47.525252525252526,1.0
config_C_uniform_cx,24,1,95.68795645511803,67.90516389285257,47.525252525252526,1.0
config_C_uniform_cx,24,2,95.68795645511803,77.19910434024118,46.55353535353535,1.0
config_C_uniform_cx,24,3,95.68795645511803,82.26910505361417,45.264848484848486,1.0
config_C_uniform_cx,24,4,95.68795645511803,85.35790228869934,44.181414141414145,1.0
config_C_uniform_cx,24,5,96.24058824454096,86.23121473597104,43.01353535353535,1.0
config_C_uniform_cx,24,6,99.85871385821542,87.22120477191267,41.936565656565655,1.0
config_C_uniform_cx,24,7,99.85871385821542,89.0900949850539,41.105252525252524,1.0
config_C_uniform_cx,24,8,99.85871385821542,89.37259139176578,40.68282828282828,1.0
config_C_uniform_cx,24,9,99.87618810595069,90.5119074455375,40.66848484848485,1.0
config_C_uniform_cx,24,10,99.87618810595069,92.50009926291705,40.44141414141414,1.0
config_C_uniform_cx,24,11,99.87618810595069,93.22351906706041,39.94060606060606,1.0
config_C_uniform_cx,24,12,99.87997070622595,94.08389316062747,38.89131313131313,1.0
config_C_uniform_cx,24,13,99.89540280499138,93.65232368690745,38.31636363636363,1.0
config_C_uniform_cx,24,14,99.89540280499138,95.04611138671868,38.68464646464646,1.0
config_C_uniform_cx,24,15,99.89540280499138,93.83556647585068,38.90060606060606,0.99
config_C_uniform_cx,24,16,99.89540280499138,94.7329474835401,38.74666666666667,1.0
config_C_uniform_cx,24,17,99.89540280499138,95.54188114898912,38.23474747474747,0.99
config_C_uniform_cx,24,18,99.89540280499138,94.7563794802564,38.07737373737374,1.0
config_C_uniform_cx,24,19,99.89540280499138,95.41874840409169,37.8630303030303,1.0
config_C_uniform_cx,24,20,99.89540280499138,95.15141041842716,38.17939393939394,1.0
config_C_uniform_cx,24,21,99.89540280499138,95.89687748414595,37.30747474747475,1.0
config_C_uniform_cx,24,22,99.90705230348155,95.06376098502507,37.04666666666667,1.0
config_C_uniform_cx,24,23,99.90705230348155,95.63767898110241,36.707676767676766,0.99
config_C_uniform_cx,24,24,99.90705230348155,96.33399789832987,35.58808080808081,0.99
config_C_uniform_cx,24,25,99.91646033549446,96.58590517596978,32.31151515151515,0.99
config_C_uniform_cx,24,26,99.91646033549446,95.60459561290922,29.99959595959596,1.0
config_C_uniform_cx,24,27,99.91646033549446,96.34003779577216,30.847070707070706,1.0
config_C_uniform_cx,24,28,99.91646033549446,96.04462001524428,29.48989898989899,1.0
config_C_uniform_cx,24,29,99.91646033549446,95.75053374875914,29.624040404040404,1.0
config_C_uniform_cx,24,30,99.91646033549446,96.47250758191888,30.3379797979798,1.0
config_C_uniform_cx,24,31,99.91646033549446,95.70008098532585,29.73979797979798,1.0
config_C_uniform_cx,24,32,99.91646033549446,95.9249163700594,29.935757575757577,1.0
config_C_uniform_cx,24,33,99.91646033549446,95.63374550109177,28.18,1.0
config_C_uniform_cx,24,34,99.91646033549446,95.60694015035465,26.725454545454546,1.0
config_C_uniform_cx,24,35,99.91646033549446,96.09529867567788,26.37212121212121,1.0
config_C_uniform_cx,24,36,99.9260676850148,96.63292870926541,26.734141414141416,1.0
config_C_uniform_cx,24,37,99.9260676850148,96.82764772865772,26.194545454545455,1.0
config_C_uniform_cx,24,38,99.9260676850148,96.22716031997601,26.796161616161616,1.0
config_C_uniform_cx,24,39,99.9260676850148,96.49656428762461,27.332323232323233,1.0
config_C_uniform_cx,24,40,99.9260676850148,96.519787914218,27.301414141414142,1.0
config_C_uniform_cx,24,41,99.9260676850148,94.65074011836667,27.015959595959597,1.0
config_C_uniform_cx,24,42,99.9260676850148,94.85791392501058,27.017171717171717,1.0
config_C_uniform_cx,24,43,99.9260676850148,95.51849114791524,27.142222222222223,1.0
config_C_uniform_cx,24,44,99.9260676850148,94.9332170337887,26.64868686868687,1.0
config_C_uniform_cx,24,45,99.9260676850148,94.56348218253106,27.15858585858586,1.0
config_C_uniform_cx,24,46,99.9260676850148,95.151013107288,27.54929292929293,0.99
config_C_uniform_cx,24,47,99.9260676850148,95.05833718219841,28.684444444444445,1.0
config_C_uniform_cx,24,48,99.9260676850148,95.7285608929148,28.27171717171717,1.0
config_C_uniform_cx,24,49,99.9260676850148,94.99923595450902,28.685050505050505,1.0
config_C_uniform_cx,24,50,99.9260676850148,95.49419983963489,29.24707070707071,1.0
config_C_uniform_cx,25,0,94.41489535132847,66.44220751074906,47.50343434343434,1.0
config_C_uniform_cx,25,1,94.41489535132847,66.44220751074906,47.50343434343434,1.0
config_C_uniform_cx,25,2,95.72339619585065,74.0936661920844,46.80585858585859,1.0
config_C_uniform_cx,25,3,99.83571655889948,80.2247333725394,45.692121212121215,1.0
config_C_uniform_cx,25,4,99.8385292747683,84.75998996537817,44.545050505050504,0.99
config_C_uniform_cx,25,5,99.8385292747683,87.61292274354278,42.65676767676768,0.99
config_C_uniform_cx,25,6,99.8385292747683,89.37939180906513,40.928282828282825,1.0
config_C_uniform_cx,25,7,99.87618810595069,90.87672400051707,38.441818181818185,1.0
config_C_uniform_cx,25,8,99.89239077161511,92.21124786246132,36.357979797979795,0.99
config_C_uniform_cx,25,9,99.89239077161511,93.57119654498725,35.33858585858586,1.0
config_C_uniform_cx,25,10,99.89239077161511,93.9513943035947,35.54020202020202,1.0
config_C_uniform_cx,25,11,99.89239077161511,93.96134463106532,34.47191919191919,1.0
config_C_uniform_cx,25,12,99.90102823672903,93.4063795941153,34.64909090909091,1.0
config_C_uniform_cx,25,13,99.90102823672903,94.00755531633142,34.55959595959596,1.0
config_C_uniform_cx,25,14,99.90102823672903,94.96755525347922,35.26707070707071,1.0
config_C_uniform_cx,25,15,99.90102823672903,95.14979804337618,35.42505050505051,1.0
config_C_uniform_cx,25,16,99.92907971839107,95.31816708175859,35.82464646464646,1.0
config_C_uniform_cx,25,17,99.92907971839107,94.44116323347718,35.133737373737375,1.0
config_C_uniform_cx,25,18,99.92907971839107,95.37264968002104,34.8010101010101,1.0
config_C_uniform_cx,25,19,99.92907971839107,94.61405768031314,35.55292929292929,1.0
config_C_uniform_cx,25,20,99.92907971839107,94.70874729026553,36.332727272727276,1.0
config_C_uniform_cx,25,21,99.92907971839107,95.0354056003522,35.53151515151515,1.0
config_C_uniform_cx,25,22,99.92907971839107,96.0661511119693,35.56383838383839,1.0
config_C_uniform_cx,25,23,99.92907971839107,95.39248670047387,34.04484848484849,1.0
config_C_uniform_cx,25,24,99.92907971839107,94.42929209049097,33.38626262626263,0.99
config_C_uniform_cx,25,25,99.92907971839107,95.38636840667914,32.81050505050505,1.0
config_C_uniform_cx,25,26,99.92907971839107,95.20532288333011,33.372727272727275,1.0
config_C_uniform_cx,25,27,99.92907971839107,95.18388046476126,33.96484848484849,1.0
config_C_uniform_cx,25,28,99.92907971839107,95.49320585178138,32.70868686868687,1.0
config_C_uniform_cx,25,29,99.92907971839107,95.75966721525835,31.763232323232323,1.0
config_C_uniform_cx,25,30,99.92907971839107,95.65263207898435,31.62989898989899,1.0
config_C_uniform_cx,25,31,99.92907971839107,95.7595552474899,30.419393939393938,1.0
config_C_uniform_cx,25,32,99.92907971839107,95.25939302461795,31.555151515151515,1.0
config_C_uniform_cx,25,33,99.92907971839107,94.74448225147336,32.00989898989899,0.99
config_C_uniform_cx,25,34,99.92907971839107,94.56778302900551,30.78848484848485,1.0
config_C_uniform_cx,25,35,99.92907971839107,95.02302299536944,30.612727272727273,1.0
config_C_uniform_cx,25,36,99.92907971839107,95.13203737210051,30.39090909090909,1.0
config_C_uniform_cx,25,37,99.92907971839107,94.68687404713093,30.903838383838384,1.0
config_C_uniform_cx,25,38,99.92907971839107,95.63991383884299,31.304646464646463,1.0
config_C_uniform_cx,25,39,99.9445118171565,95.29499915522672,30.714141414141412,1.0
config_C_uniform_cx,25,40,99.9445118171565,94.36147268650804,31.247878787878786,1.0
config_C_uniform_cx,25,41,99.9445118171565,95.17514554358836,29.846666666666668,1.0
config_C_uniform_cx,25,42,99.9445118171565,95.6586933650366,29.578787878787878,1.0
config_C_uniform_cx,25,43,99.9445118171565,96.28806851164084,27.806060606060605,1.0
config_C_uniform_cx,25,44,99.9445118171565,94.47754313526659,27.189090909090908,1.0
config_C_uniform_cx,25,45,99.9445118171565,95.53288261854907,25.214141414141412,1.0
config_C_uniform_cx,25,46,99.9445118171565,94.68275381546202,26.108282828282828,1.0
config_C_uniform_cx,25,47,99.9445118171565,93.93309988465721,27.069292929292928,1.0
config_C_uniform_cx,25,48,99.9445118171565,95.34894103959174,27.354545454545455,1.0
config_C_uniform_cx,25,49,99.9445118171565,95.30648232766697,26.954949494949496,0.99
config_C_uniform_cx,25,50,99.9445118171565,95.07773351989007,26.016969696969696,0.98
config_C_uniform_cx,26,0,92.86746723407049,69.25329198114704,47.492525252525255,1.0
config_C_uniform_cx,26,1,92.86746723407049,69.25329198114704,47.492525252525255,1.0
config_C_uniform_cx,26,2,95.1260797412585,75.76920427250407,46.76808080808081,1.0
config_C_uniform_cx,26,3,95.3966625929379,81.72547248633234,45.741010101010104,0.99
config_C_uniform_cx,26,4,95.8574449539612,86.23645879028521,44.45151515151515,1.0
config_C_uniform_cx,26,5,99.84328175944998,87.81707394579826,43.52868686868687,1.0
config_C_uniform_cx,26,6,99.84328175944998,88.65933241012607,42.644444444444446,1.0
config_C_uniform_cx,26,7,99.84930582620251,90.67383309356163,42.493737373737375,1.0
config_C_uniform_cx,26,8,99.86421573724472,91.82275575956632,41.188080808080805,0.99
config_C_uniform_cx,26,9,99.87337539008186,91.75393793779953,39.884040404040405,1.0
config_C_uniform_cx,26,10,99.87695867284968,92.68036461807604,39.242828282828285,1.0
config_C_uniform_cx,26,11,99.87695867284968,94.25532086257942,38.20242424242424,0.99
config_C_uniform_cx,26,12,99.90481083700428,94.8538620987831,36.60969696969697,0.99
config_C_uniform_cx,26,13,99.90481083700428,95.13601014224373,35.17838383838384,1.0
config_C_uniform_cx,26,14,99.90705230348155,95.63565629240935,34.8020202020202,1.0
config_C_uniform_cx,26,15,99.90705230348155,96.16155887294389,34.96828282828283,0.99
config_C_uniform_cx,26,16,99.90705230348155,95.05621005457365,33.61676767676768,1.0
config_C_uniform_cx,26,17,99.91287705272664,96.17906675261096,32.88949494949495,1.0
config_C_uniform_cx,26,18,99.91287705272664,96.27177727756153,32.59474747474747,1.0
config_C_uniform_cx,26,19,99.91287705272664,95.13185182782557,32.21515151515152,1.0
config_C_uniform_cx,26,20,99.91287705272664,95.71543043196287,31.852323232323233,1.0
config_C_uniform_cx,26,21,99.91287705272664,95.08110841066627,33.075353535353536,1.0
config_C_uniform_cx,26,22,99.91287705272664,95.82853056149155,32.393535353535356,1.0
config_C_uniform_cx,26,23,99.91287705272664,94.89861704317914,32.014545454545456,1.0
config_C_uniform_cx,26,24,99.91364761962564,95.78354521356064,31.00747474747475,1.0
config_C_uniform_cx,26,25,99.91364761962564,95.98542753004156,31.395555555555557,1.0
config_C_uniform_cx,26,26,99.91364761962564,95.95020890374379,30.661010101010103,1.0
config_C_uniform_cx,26,27,99.91364761962564,95.20519480072569,30.254141414141415,1.0
config_C_uniform_cx,26,28,99.91646033549446,94.37954227228646,30.334747474747473,1.0
config_C_uniform_cx,26,29,99.91947236887071,94.93311950237648,30.53979797979798,1.0
config_C_uniform_cx,26,30,99.91947236887071,94.67118026069205,31.23070707070707,1.0
config_C_uniform_cx,26,31,99.91947236887071,95.17896769872193,30.328484848484848,1.0
config_C_uniform_cx,26,32,99.91947236887071,95.76485593131632,29.953131313131312,0.99
config_C_uniform_cx,26,33,99.91947236887071,96.12969990231743,29.553737373737373,0.99
config_C_uniform_cx,26,34,99.91947236887071,95.8090031421788,29.11939393939394,0.99
config_C_uniform_cx,26,35,99.91947236887071,95.19360622455557,27.50747474747475,0.99
config_C_uniform_cx,26,36,99.91947236887071,96.20823943561791,26.968080808080806,0.99
config_C_uniform_cx,26,37,99.9242248535524,95.98814369421561,26.31979797979798,0.99
config_C_uniform_cx,26,38,99.9242248535524,95.60847213549067,24.266262626262627,1.0
config_C_uniform_cx,26,39,99.9242248535524,95.41258293716147,24.16808080808081,1.0
config_C_uniform_cx,26,40,99.9242248535524,94.02519556699353,24.73050505050505,1.0
config_C_uniform_cx,26,41,99.9242248535524,94.43138448546017,25.00929292929293,0.99
config_C_uniform_cx,26,42,99.9242248535524,94.54881361103897,26.01010101010101,1.0
config_C_uniform_cx,26,43,99.9242248535524,94.4271950767146,27.50060606060606,1.0
config_C_uniform_cx,26,44,99.9242248535524,95.4694694088396,28.167878787878788,1.0
config_C_uniform_cx,26,45,99.9242248535524,95.74087230417291,27.296969696969697,1.0
config_C_uniform_cx,26,46,99.9242248535524,95.65083786394862,25.47979797979798,0.99
config_C_uniform_cx,26,47,99.9242248535524,95.653668265338,26.034949494949494,0.99
config_C_uniform_cx,26,48,99.9242248535524,95.25301167291056,25.863030303030303,0.99
config_C_uniform_cx,26,49,99.9242248535524,95.90722703581298,27.336161616161615,0.99
config_C_uniform_cx,26,50,99.9242248535524,95.6656803081047,27.534141414141413,0.99
config_C_uniform_cx,27,0,94.47360305940705,67.32170132713968,47.471111111111114,1.0
config_C_uniform_cx,27,1,94.47360305940705,67.32170132713968,47.471111111111114,1.0
config_C_uniform_cx,27,2,94.47360305940705,76.29899157002643,46.61191919191919,1.0
config_C_uniform_cx,27,3,95.40870631216644,82.9211926209141,44.82181818181818,1.0
config_C_uniform_cx,27,4,95.40870631216644,86.61052453822431,43.966868686868686,1.0
config_C_uniform_cx,27,5,99.82048377764147,88.20426362823697,43.46141414141414,1.0
config_C_uniform_cx,27,6,99.82048377764147,90.93595545431936,41.4610101010101,1.0
config_C_uniform_cx,27,7,99.8359158764069,91.62854799558558,40.346060606060604,1.0
config_C_uniform_cx,27,8,99.86075600718524,92.36559316446035,40.42080808080808,0.99
config_C_uniform_cx,27,9,99.86075600718524,92.54056627235674,40.23858585858586,1.0
config_C_uniform_cx,27,10,99.86075600718524,94.50721674111054,39.45353535353535,1.0
config_C_uniform_cx,27,11,99.90122755423646,95.14254286058816,38.58989898989899,0.99
config_C_uniform_cx,27,12,99.90705230348155,94.74026636158446,38.25030303030303,1.0
config_C_uniform_cx,27,13,99.90705230348155,94.30020891838689,38.84080808080808,1.0
config_C_uniform_cx,27,14,99.91364761962564,94.75539080204875,38.59232323232323,1.0
config_C_uniform_cx,27,15,99.91364761962564,94.44232078249601,38.58444444444444,1.0
config_C_uniform_cx,27,16,99.91364761962564,95.04460406755827,38.27272727272727,1.0
config_C_uniform_cx,27,17,99.91441818652463,95.38769744069351,38.31838383838384,1.0
config_C_uniform_cx,27,18,99.92325496914597,96.52304349117716,38.19616161616162,0.99
config_C_uniform_cx,27,19,99.92325496914597,95.67112949371278,37.71959595959596,1.0
config_C_uniform_cx,27,20,99.92325496914597,95.49712148900053,37.548080808080805,1.0
config_C_uniform_cx,27,21,99.92325496914597,95.69581418359627,36.39393939393939,1.0
config_C_uniform_cx,27,22,99.92325496914597,95.01359902786427,36.23191919191919,1.0
config_C_uniform_cx,27,23,99.92325496914597,94.5208540811835,35.013939393939395,1.0
config_C_uniform_cx,27,24,99.92325496914597,94.11999049286811,34.454343434343436,1.0
config_C_uniform_cx,27,25,99.92325496914597,94.94718622886668,34.11818181818182,1.0
config_C_uniform_cx,27,26,99.92325496914597,94.33025561450681,33.96424242424242,1.0
config_C_uniform_cx,27,27,99.92325496914597,95.12359586610144,32.29494949494949,1.0
config_C_uniform_cx,27,28,99.92325496914597,96.14933232722838,32.16464646464647,1.0
config_C_uniform_cx,27,29,99.92325496914597,95.4198495350218,32.475353535353534,1.0
config_C_uniform_cx,27,30,99.92325496914597,95.67320844682148,32.442424242424245,1.0
config_C_uniform_cx,27,31,99.92325496914597,95.0526185349617,32.82343434343434,1.0
config_C_uniform_cx,27,32,99.92325496914597,94.67802737756507,33.62989898989899,0.99
config_C_uniform_cx,27,33,99.92325496914597,94.32612900539627,33.562828282828285,1.0
config_C_uniform_cx,27,34,99.92325496914597,93.70567936645175,33.62161616161616,1.0
config_C_uniform_cx,27,35,99.92325496914597,94.92330514796888,33.35151515151515,1.0
config_C_uniform_cx,27,36,99.92325496914597,95.3224312977013,32.89878787878788,1.0
config_C_uniform_cx,27,37,99.92325496914597,94.384595613035,32.71090909090909,1.0
config_C_uniform_cx,27,38,99.92325496914597,94.47834969097482,31.76060606060606,1.0
config_C_uniform_cx,27,39,99.92325496914597,95.35806340835352,31.137171717171718,1.0
config_C_uniform_cx,27,40,99.92325496914597,95.1553335483423,30.3969696969697,1.0
config_C_uniform_cx,27,41,99.92325496914597,94.69201127683395,30.95232323232323,1.0
config_C_uniform_cx,27,42,99.92325496914597,93.80720529292462,31.067272727272726,1.0
config_C_uniform_cx,27,43,99.9260676850148,94.40665464034426,31.113535353535354,1.0
config_C_uniform_cx,27,44,99.9260676850148,94.01311905956304,31.65070707070707,1.0
config_C_uniform_cx,27,45,99.9260676850148,93.81812633727286,31.401818181818182,1.0
config_C_uniform_cx,27,46,99.9260676850148,93.07796093286781,31.71838383838384,1.0
config_C_uniform_cx,27,47,99.9260676850148,94.19551724464465,32.81454545454545,1.0
config_C_uniform_cx,27,48,99.9260676850148,94.51792382110436,32.785252525252524,1.0
config_C_uniform_cx,27,49,99.9260676850148,95.167890087054,32.39555555555555,1.0
config_C_uniform_cx,27,50,99.9260676850148,94.51509798911931,32.20505050505051,1.0
config_C_uniform_cx,28,0,93.26896380764991,69.04128899974961,47.49535353535354,1.0
config_C_uniform_cx,28,1,93.26896380764991,69.04128899974961,47.49535353535354,1.0
config_C_uniform_cx,28,2,95.81201128493706,76.95740174846583,46.818585858585855,1.0
config_C_uniform_cx,28,3,96.4055961379636,81.89790819849878,45.612929292929294,0.99
config_C_uniform_cx,28,4,96.45317607257442,86.05036238263465,43.654747474747474,0.99
config_C_uniform_cx,28,5,96.45317607257442,87.67951323136793,41.87232323232323,1.0
config_C_uniform_cx,28,6,99.86376804056151,89.80049623663014,38.02686868686869,0.99
config_C_uniform_cx,28,7,99.87317607257442,91.91871775084684,30.485858585858587,1.0
config_C_uniform_cx,28,8,99.87317607257442,93.2619664673528,27.953333333333333,1.0
config_C_uniform_cx,28,9,99.88656602237002,95.81361994760717,27.426666666666666,1.0
config_C_uniform_cx,28,10,99.88937873823886,96.1439682168316,27.734545454545454,1.0
config_C_uniform_cx,28,11,99.89841483836763,95.73682286095809,27.02747474747475,1.0
config_C_uniform_cx,28,12,99.89841483836763,95.75701925179041,27.325858585858587,1.0
config_C_uniform_cx,28,13,99.89841483836763,96.29251443751642,27.932525252525252,1.0
config_C_uniform_cx,28,14,99.90404027010528,95.7246356733846,28.436363636363637,1.0
config_C_uniform_cx,28,15,99.90404027010528,95.89686815176603,28.315959595959598,0.99
config_C_uniform_cx,28,16,99.90404027010528,96.91901567599079,27.478383838383838,0.99
config_C_uniform_cx,28,17,99.90404027010528,96.11734977794809,28.205050505050504,0.99
config_C_uniform_cx,28,18,99.90404027010528,96.21493184454326,28.37959595959596,0.99
config_C_uniform_cx,28,19,99.90404027010528,95.7286127706254,28.287676767676768,0.99
config_C_uniform_cx,28,20,99.92248440224698,96.31882218444188,29.036161616161618,0.99
config_C_uniform_cx,28,21,99.92248440224698,95.82329884979255,30.35151515151515,1.0
config_C_uniform_cx,28,22,99.92248440224698,95.43666878050767,30.163030303030304,1.0
config_C_uniform_cx,28,23,99.92248440224698,95.38590806653207,29.712525252525253,0.99
config_C_uniform_cx,28,24,99.92248440224698,95.58772451705481,30.02080808080808,0.99
config_C_uniform_cx,28,25,99.92248440224698,96.5535758647346,30.48949494949495,0.99
config_C_uniform_cx,28,26,99.92248440224698,96.05232046780729,31.004848484848484,0.99
config_C_uniform_cx,28,27,99.92248440224698,95.9984185732505,31.107070707070708,0.98
config_C_uniform_cx,28,28,99.92248440224698,95.76971947921045,31.066262626262628,0.99
config_C_uniform_cx,28,29,99.92248440224698,95.28339444626694,31.09919191919192,0.99
config_C_uniform_cx,28,30,99.92248440224698,95.01048764238409,32.2539393939394,0.99
config_C_uniform_cx,28,31,99.92248440224698,95.11239824882341,31.883232323232324,0.99
config_C_uniform_cx,28,32,99.92248440224698,95.06880105811486,32.074747474747475,0.98
config_C_uniform_cx,28,33,99.92248440224698,96.04557738094113,32.21191919191919,0.99
config_C_uniform_cx,28,34,99.92402553604498,96.11943285347564,32.266060606060606,0.99
config_C_uniform_cx,28,35,99.92402553604498,96.24151109041122,31.986868686868686,0.99
config_C_uniform_cx,28,36,99.92402553604498,95.99296985012299,31.89212121212121,0.99
config_C_uniform_cx,28,37,99.92402553604498,95.35678094112251,31.917171717171716,0.99
config_C_uniform_cx,28,38,99.92402553604498,95.69995218544389,32.0589898989899,0.99
config_C_uniform_cx,28,39,99.92402553604498,95.95195481056811,31.34040404040404,1.0
config_C_uniform_cx,28,40,99.92402553604498,95.31449310589322,31.164444444444445,1.0
config_C_uniform_cx,28,41,99.92402553604498,94.6861708382711,32.208282828282826,1.0
config_C_uniform_cx,28,42,99.92402553604498,95.92186462237885,30.777373737373736,1.0
config_C_uniform_cx,28,43,99.92402553604498,96.80440259529443,30.485656565656566,1.0
config_C_uniform_cx,28,44,99.92402553604498,95.92912528442332,30.370505050505052,1.0
config_C_uniform_cx,28,45,99.92402553604498,95.20464182277044,30.925656565656567,1.0
config_C_uniform_cx,28,46,99.92402553604498,95.17071412068908,31.12787878787879,1.0
config_C_uniform_cx,28,47,99.92402553604498,95.86933623661291,31.992929292929293,1.0
config_C_uniform_cx,28,48,99.92402553604498,95.76810388781678,31.95939393939394,1.0
config_C_uniform_cx,28,49,99.92402553604498,94.6299388391828,32.01474747474747,1.0
config_C_uniform_cx,28,50,99.92402553604498,95.82151490166301,31.097373737373736,1.0
config_C_uniform_cx,29,0,87.60270274769728,65.89065655645824,47.4820202020202,1.0
config_C_uniform_cx,29,1,87.60270274769728,65.89065655645824,47.4820202020202,1.0
config_C_uniform_cx,29,2,92.99429463381627,74.44869322060484,46.66808080808081,1.0
config_C_uniform_cx,29,3,94.68355398899376,78.23685723018835,45.735151515151514,1.0
config_C_uniform_cx,29,4,94.98722335634449,83.19687075755606,44.933535353535355,1.0
config_C_uniform_cx,29,5,99.77475873073675,84.93780697392684,44.20363636363636,1.0
config_C_uniform_cx,29,6,99.77475873073675,88.11363821559098,43.673737373737374,1.0
config_C_uniform_cx,29,7,99.79775603005268,89.30598007920817,42.12828282828283,1.0
config_C_uniform_cx,29,8,99.84532390841981,90.68369209403465,39.33777777777778,1.0
config_C_uniform_cx,29,9,99.84532390841981,92.18722021692241,38.17353535353536,1.0
config_C_uniform_cx,29,10,99.84532390841981,92.26046402891566,35.592121212121214,1.0
config_C_uniform_cx,29,11,99.86421573724472,93.23036890675051,33.82545454545455,1.0
config_C_uniform_cx,29,12,99.86755064083677,93.23717061938845,34.11212121212121,1.0
config_C_uniform_cx,29,13,99.86755064083677,93.71913225294007,33.866262626262625,1.0
config_C_uniform_cx,29,14,99.8703633567056,95.57913658686398,33.65434343434343,1.0
config_C_uniform_cx,29,15,99.8822121727032,95.6644324119437,33.19777777777778,1.0
config_C_uniform_cx,29,16,99.88579545547103,93.85160140572485,32.73535353535353,1.0
config_C_uniform_cx,29,17,99.88579545547103,95.30440980482567,31.886262626262628,1.0
config_C_uniform_cx,29,18,99.89540280499138,95.88643331124602,32.48565656565656,1.0
config_C_uniform_cx,29,19,99.89540280499138,95.20139512438884,32.68363636363637,1.0
config_C_uniform_cx,29,20,99.89540280499138,96.00988119398083,31.211717171717172,1.0
config_C_uniform_cx,29,21,99.89540280499138,96.2600459351923,32.50989898989899,0.99
config_C_uniform_cx,29,22,99.90782287038054,95.85549467521767,33.15838383838384,0.98
config_C_uniform_cx,29,23,99.90782287038054,95.33327617138704,33.31757575757576,1.0
config_C_uniform_cx,29,24,99.90782287038054,95.49761806167335,33.485454545454544,1.0
config_C_uniform_cx,29,25,99.90782287038054,94.47036078534705,32.91616161616162,1.0
config_C_uniform_cx,29,26,99.91287705272664,94.95993017085199,32.84383838383838,0.99
config_C_uniform_cx,29,27,99.9174302199009,94.13315648573597,32.042020202020204,1.0
config_C_uniform_cx,29,28,99.9174302199009,93.8817729449357,32.12909090909091,1.0
config_C_uniform_cx,29,29,99.9174302199009,94.06528459782363,32.3559595959596,0.99
config_C_uniform_cx,29,30,99.9174302199009,95.49996457963054,31.48020202020202,1.0
config_C_uniform_cx,29,31,99.9174302199009,95.77952014081492,31.19878787878788,1.0
config_C_uniform_cx,29,32,99.9174302199009,95.60269756751705,30.43858585858586,1.0
config_C_uniform_cx,29,33,99.9174302199009,94.59397845385955,31.235555555555557,1.0
config_C_uniform_cx,29,34,99.9174302199009,94.60947844409155,29.934343434343436,1.0
config_C_uniform_cx,29,35,99.9174302199009,94.06965044254994,28.486666666666668,1.0
config_C_uniform_cx,29,36,99.92293209893019,95.08117014462162,28.652929292929294,1.0
config_C_uniform_cx,29,37,99.92293209893019,95.39510453326889,29.23979797979798,1.0
config_C_uniform_cx,29,38,99.92325496914597,95.67858716144892,29.026060606060607,1.0
config_C_uniform_cx,29,39,99.92325496914597,95.74482717761417,28.484848484848484,1.0
config_C_uniform_cx,29,40,99.92325496914597,96.35743909667922,28.57292929292929,1.0
config_C_uniform_cx,29,41,99.92325496914597,95.90616918194961,29.035757575757575,1.0
config_C_uniform_cx,29,42,99.92325496914597,95.18963917598302,29.094545454545454,0.99
config_C_uniform_cx,29,43,99.92325496914597,95.26600371815,29.366666666666667,1.0
config_C_uniform_cx,29,44,99.92325496914597,95.33769912188613,29.14848484848485,1.0
config_C_uniform_cx,29,45,99.92325496914597,95.33172798421545,29.977575757575757,1.0
config_C_uniform_cx,29,46,99.92325496914597,94.66328382928214,30.00949494949495,1.0
config_C_uniform_cx,29,47,99.92325496914597,95.462454708828,30.414949494949497,1.0
config_C_uniform_cx,29,48,99.92325496914597,94.92983811690785,31.237171717171716,1.0
config_C_uniform_cx,29,49,99.9260676850148,95.2009361147992,30.994545454545456,0.98
config_C_uniform_cx,29,50,99.9260676850148,95.08248710328948,30.10080808080808,1.0
config_D_roulette,0,0,94.29675465331105,69.03119381053367,47.50929292929293,1.0
config_D_roulette,0,1,94.29675465331105,69.03119381053367,47.50929292929293,1.0
config_D_roulette,0,2,94.73450721104354,70.41961166678774,47.15858585858586,1.0
config_D_roulette,0,3,94.96915106891365,71.57534984345737,46.38141414141414,1.0
config_D_roulette,0,4,95.64376804056151,74.73600672799253,45.93151515151515,1.0
config_D_roulette,0,5,95.64376804056151,77.8424477412469,45.3820202020202,1.0
config_D_roulette,0,6,96.38134640491363,80.33428985814811,45.13070707070707,1.0
config_D_roulette,0,7,96.38134640491363,79.78849647178919,44.70505050505051,1.0
config_D_roulette,0,8,96.38134640491363,81.56026425703391,44.100404040404044,1.0
config_D_roulette,0,9,96.38134640491363,80.90025482957245,43.08181818181818,1.0
config_D_roulette,0,10,96.38134640491363,80.01153891936401,43.44828282828283,1.0
config_D_roulette,0,11,99.77949004286705,80.26672535975786,43.43454545454546,1.0
config_D_roulette,0,12,99.77949004286705,79.46044543116082,43.281010101010104,1.0
config_D_roulette,0,13,99.77949004286705,82.07350739367108,43.366262626262625,1.0
config_D_roulette,0,14,99.77949004286705,81.8789421425941,43.35818181818182,1.0
config_D_roulette,0,15,99.77949004286705,80.1108894707263,43.533535353535356,1.0
config_D_roulette,0,16,99.77949004286705,80.06194481760159,43.58141414141414,1.0
config_D_roulette,0,17,99.77949004286705,78.01472143770422,43.63515151515151,1.0
config_D_roulette,0,18,99.77949004286705,79.71664625707677,43.48404040404041,1.0
config_D_roulette,0,19,99.77949004286705,77.85516561655444,43.34020202020202,1.0
config_D_roulette,0,20,99.77949004286705,79.9562486404061,42.84969696969697,1.0
config_D_roulette,0,21,99.82356604523746,79.8760608842293,42.462626262626266,1.0
config_D_roulette,0,22,99.82356604523746,79.43283505038275,42.56666666666667,1.0
config_D_roulette,0,23,99.82356604523746,80.01371723594508,42.60666666666667,1.0
config_D_roulette,0,24,99.82356604523746,82.62479942953566,42.62161616161616,0.99
config_D_roulette,0,25,99.82356604523746,80.03376634253796,42.95535353535354,1.0
config_D_roulette,0,26,99.82356604523746,80.0030411161905,43.12262626262626,1.0
config_D_roulette,0,27,99.82356604523746,81.02468335015719,42.6989898989899,1.0
config_D_roulette,0,28,99.8703633567056,82.94847311265414,42.75494949494949,1.0
config_D_roulette,0,29,99.8703633567056,84.21205372590853,42.97737373737374,1.0
config_D_roulette,0,30,99.90199812113545,83.82580281772316,42.27414141414141,1.0
config_D_roulette,0,31,99.90199812113545,85.49747694542735,42.036767676767674,1.0
config_D_roulette,0,32,99.90199812113545,86.23011597486726,41.80282828282828,1.0
config_D_roulette,0,33,99.90199812113545,85.6005957114835,41.868080808080805,1.0
config_D_roulette,0,34,99.90199812113545,86.7653492060232,40.91050505050505,1.0
config_D_roulette,0,35,99.90199812113545,85.58545271078135,40.73191919191919,1.0
config_D_roulette,0,36,99.90199812113545,83.96438816109666,41.43434343434343,1.0
config_D_roulette,0,37,99.90199812113545,82.88063621798848,42.10505050505051,1.0
config_D_roulette,0,38,99.90199812113545,82.45129811123867,41.804848484848485,1.0
config_D_roulette,0,39,99.90199812113545,82.64431539757433,41.45171717171717,1.0
config_D_roulette,0,40,99.90199812113545,83.44943410811368,41.14464646464646,1.0
config_D_roulette,0,41,99.90199812113545,82.59396439636262,40.99878787878788,1.0
config_D_roulette,0,42,99.90199812113545,82.56435073581683,40.69656565656565,1.0
config_D_roulette,0,43,99.90199812113545,82.10727423655676,40.24888888888889,1.0
config_D_roulette,0,44,99.90199812113545,82.95069304512535,40.42868686868687,1.0
config_D_roulette,0,45,99.90199812113545,82.990644265571,40.177979797979795,1.0
config_D_roulette,0,46,99.90199812113545,83.57030447701807,39.74141414141414,1.0
config_D_roulette,0,47,99.90199812113545,84.33992198803335,39.836363636363636,1.0
config_D_roulette,0,48,99.90199812113545,83.01779620776466,40.03777777777778,1.0
config_D_roulette,0,49,99.90199812113545,84.18174717972339,40.4230303030303,1.0
config_D_roulette,0,50,99.90199812113545,83.57398825079503,40.41070707070707,1.0
config_D_roulette,1,0,94.18232393128726,67.89292275281606,47.47818181818182,1.0
config_D_roulette,1,1,94.18232393128726,67.89292275281606,47.47818181818182,1.0
config_D_roulette,1,2,94.18232393128726,70.62364067979242,47.01838383838384,1.0
config_D_roulette,1,3,94.18232393128726,70.94170911015955,46.661818181818184,1.0
config_D_roulette,1,4,94.97715799035711,73.84601190692297,46.093939393939394,1.0
config_D_roulette,1,5,94.97715799035711,78.24098169997515,45.587878787878786,0.99
config_D_roulette,1,6,95.07638742345812,79.69353140088191,44.74727272727273,0.99
config_D_roulette,1,7,95.07638742345812,80.84113326200487,44.43090909090909,1.0
config_D_roulette,1,8,95.97480329095532,80.8787501037345,44.08444444444444,1.0
config_D_roulette,1,9,95.97480329095532,78.42567242322173,44.0630303030303,1.0
config_D_roulette,1,10,99.90045698733746,79.6395686879452,43.422828282828284,1.0
config_D_roulette,1,11,99.90045698733746,80.24443739283431,43.24484848484848,1.0
config_D_roulette,1,12,99.90045698733746,79.24604085435861,43.29252525252525,1.0
config_D_roulette,1,13,99.90045698733746,77.21001385090588,43.44989898989899,1.0
config_D_roulette,1,14,99.90045698733746,78.38814145236138,43.69414141414141,1.0
config_D_roulette,1,15,99.90045698733746,79.7517285886109,43.39191919191919,1.0
config_D_roulette,1,16,99.90045698733746,80.07579609418775,43.05070707070707,1.0
config_D_roulette,1,17,99.90045698733746,78.928232115852,43.122424242424245,1.0
config_D_roulette,1,18,99.90628173658256,78.12764359607391,42.672525252525254,1.0
config_D_roulette,1,19,99.90628173658256,81.14445713170703,41.783434343434344,1.0
config_D_roulette,1,20,99.90628173658256,81.80949585551605,41.514545454545456,1.0
config_D_roulette,1,21,99.90628173658256,83.26978160189245,40.96888888888889,1.0
config_D_roulette,1,22,99.90628173658256,83.70828051850975,40.39050505050505,1.0
config_D_roulette,1,23,99.90628173658256,81.92085235255905,40.83090909090909,1.0
config_D_roulette,1,24,99.90628173658256,81.890370745602,41.160606060606064,1.0
config_D_roulette,1,25,99.90628173658256,82.46222593032256,41.026464646464646,1.0
config_D_roulette,1,26,99.90628173658256,82.95478075255649,41.21252525252525,1.0
config_D_roulette,1,27,99.90628173658256,82.09958593348303,40.924646464646464,1.0
config_D_roulette,1,28,99.90628173658256,80.47893165579777,41.22969696969697,1.0
config_D_roulette,1,29,99.90628173658256,81.58729560478189,40.06040404040404,1.0
config_D_roulette,1,30,99.90628173658256,81.14817173205071,39.565858585858585,1.0
config_D_roulette,1,31,99.90628173658256,80.97738017275624,40.19070707070707,1.0
config_D_roulette,1,32,99.90628173658256,82.64074503238947,40.375151515151515,1.0
config_D_roulette,1,33,99.9100643368578,82.8865323435197,39.014545454545456,1.0
config_D_roulette,1,34,99.9100643368578,84.07645474447091,39.41191919191919,1.0
config_D_roulette,1,35,99.9100643368578,82.23916938337952,40.14828282828283,1.0
config_D_roulette,1,36,99.9100643368578,82.45890463494628,39.92444444444445,1.0
config_D_roulette,1,37,99.9100643368578,82.06097309627376,39.87191919191919,1.0
config_D_roulette,1,38,99.9100643368578,81.85398468858097,39.26020202020202,1.0
config_D_roulette,1,39,99.9100643368578,82.0484861691139,39.12161616161616,1.0
config_D_roulette,1,40,99.9100643368578,82.39300448137601,39.23838383838384,1.0
config_D_roulette,1,41,99.9100643368578,82.52212267020558,39.64646464646464,1.0
config_D_roulette,1,42,99.9100643368578,83.26250059591237,39.60323232323233,1.0
config_D_roulette,1,43,99.9100643368578,81.77990692100109,39.69939393939394,1.0
config_D_roulette,1,44,99.9100643368578,83.36058177724965,39.712929292929296,1.0
config_D_roulette,1,45,99.9100643368578,81.59297833205325,40.15838383838384,1.0
config_D_roulette,1,46,99.91255418251085,81.82623616857154,40.12161616161616,1.0
config_D_roulette,1,47,99.91255418251085,81.16776097755289,39.79313131313131,1.0
config_D_roulette,1,48,99.92875684817528,82.8448697681758,39.37737373737374,1.0
config_D_roulette,1,49,99.92875684817528,82.78982921576672,39.6169696969697,1.0
config_D_roulette,1,50,99.92875684817528,82.22252037664404,39.91535353535353,1.0
config_D_roulette,2,0,93.8203142862923,68.36310196238685,47.47858585858586,1.0
config_D_roulette,2,1,93.8203142862923,68.36310196238685,47.47858585858586,1.0
config_D_roulette,2,2,94.89961506991588,69.29361753585403,47.06727272727273,1.0
config_D_roulette,2,3,95.18386010093467,69.55642480048137,46.74747474747475,1.0
config_D_roulette,2,4,95.18386010093467,70.82626733518678,46.49030303030303,1.0
config_D_roulette,2,5,95.18386010093467,69.29057695809462,46.146868686868686,1.0
config_D_roulette,2,6,96.5032104089274,72.79000714144013,45.964444444444446,1.0
config_D_roulette,2,7,96.5032104089274,79.20654422132563,45.00969696969697,1.0
config_D_roulette,2,8,96.5032104089274,79.89511949180678,44.45393939393939,1.0
config_D_roulette,2,9,96.5032104089274,78.82188063138588,44.128484848484845,1.0
config_D_roulette,2,10,96.5032104089274,78.14280264160452,43.99070707070707,1.0
config_D_roulette,2,11,99.83270452552321,77.27034435038163,44.13212121212121,0.99
config_D_roulette,2,12,99.83270452552321,77.26600772090788,44.18,1.0
config_D_roulette,2,13,99.84512459091239,78.67516434280347,44.00343434343434,1.0
config_D_roulette,2,14,99.85082578744911,80.00958387640429,43.2830303030303,1.0
config_D_roulette,2,15,99.85082578744911,80.04821236704355,43.15131313131313,1.0
config_D_roulette,2,16,99.85082578744911,79.65551770853158,42.53757575757576,1.0
config_D_roulette,2,17,99.85082578744911,81.12381534488227,42.471717171717174,1.0
config_D_roulette,2,18,99.85082578744911,82.92573583004821,42.064646464646465,1.0
config_D_roulette,2,19,99.85082578744911,82.6021213301488,41.91939393939394,1.0
config_D_roulette,2,20,99.8660797412585,85.62778128971163,41.04343434343434,0.99
config_D_roulette,2,21,99.8660797412585,83.09988161767677,41.13535353535354,0.99
config_D_roulette,2,22,99.8660797412585,82.96306643945508,41.032525252525254,0.99
config_D_roulette,2,23,99.8660797412585,82.97738624655695,41.48404040404041,0.99
config_D_roulette,2,24,99.8660797412585,83.22960422591805,41.60949494949495,0.99
config_D_roulette,2,25,99.8660797412585,83.49821934693838,41.4620202020202,0.99
config_D_roulette,2,26,99.8660797412585,84.25182673569229,41.29676767676768,0.99
config_D_roulette,2,27,99.8660797412585,84.22662283424779,40.708282828282826,0.99
config_D_roulette,2,28,99.8703633567056,84.48744419089526,40.50787878787879,0.99
config_D_roulette,2,29,99.8703633567056,84.84691446265079,40.72181818181818,1.0
config_D_roulette,2,30,99.8703633567056,84.22167212727065,40.987272727272725,1.0
config_D_roulette,2,31,99.8855961379636,83.80152694610966,40.46080808080808,1.0
config_D_roulette,2,32,99.8855961379636,85.52947806527956,40.06444444444445,0.99
config_D_roulette,2,33,99.8855961379636,86.55128126625617,39.72161616161616,0.99
config_D_roulette,2,34,99.90276868803446,87.28497899906421,38.8810101010101,0.99
config_D_roulette,2,35,99.90276868803446,87.40528226975742,39.37595959595959,1.0
config_D_roulette,2,36,99.90276868803446,85.87362937959136,39.28545454545455,0.99
config_D_roulette,2,37,99.90276868803446,85.5480675239159,39.32080808080808,1.0
config_D_roulette,2,38,99.90276868803446,85.6819123306032,39.293535353535354,0.99
config_D_roulette,2,39,99.90276868803446,83.03029955707183,39.34949494949495,1.0
config_D_roulette,2,40,99.90276868803446,83.61227197546131,39.62525252525253,1.0
config_D_roulette,2,41,99.90276868803446,85.5383387100184,40.164040404040406,1.0
config_D_roulette,2,42,99.90276868803446,85.1316342885918,40.84909090909091,1.0
config_D_roulette,2,43,99.90276868803446,84.16237544754425,40.75131313131313,1.0
config_D_roulette,2,44,99.92044225327714,84.91637103156935,40.427070707070705,1.0
config_D_roulette,2,45,99.92044225327714,85.8651776499121,40.68949494949495,1.0
config_D_roulette,2,46,99.92044225327714,85.12468111642276,40.550909090909094,1.0
config_D_roulette,2,47,99.92044225327714,84.18291653594957,40.292929292929294,1.0
config_D_roulette,2,48,99.92044225327714,85.41302524108737,40.217777777777776,1.0
config_D_roulette,2,49,99.92044225327714,86.56404344254699,39.60949494949495,1.0
config_D_roulette,2,50,99.92044225327714,85.58690592047685,39.78989898989899,1.0
config_D_roulette,3,0,93.74523782383692,66.8626208530492,47.51070707070707,1.0
config_D_roulette,3,1,93.74523782383692,66.8626208530492,47.51070707070707,1.0
config_D_roulette,3,2,93.85766792125521,67.1342658826344,47.06181818181818,1.0
config_D_roulette,3,3,93.85766792125521,69.28795081195801,46.73030303030303,1.0
config_D_roulette,3,4,94.63820078679989,71.42372064842179,46.06505050505051,1.0
config_D_roulette,3,5,94.76622244230367,70.69629802920073,45.57959595959596,0.99
config_D_roulette,3,6,94.78540123473266,73.80846487964072,44.37171717171717,1.0
config_D_roulette,3,7,99.74882516284362,73.95420341234923,44.19131313131313,1.0
config_D_roulette,3,8,99.74882516284362,74.5776829729156,44.07919191919192,1.0
config_D_roulette,3,9,99.74959572974261,75.79519467442375,43.90525252525253,1.0
config_D_roulette,3,10,99.74959572974261,76.02928057433348,44.0779797979798,1.0
config_D_roulette,3,11,99.83290384303065,78.03305458971451,43.76747474747475,1.0
config_D_roulette,3,12,99.83290384303065,79.21112929509333,43.51171717171717,1.0
config_D_roulette,3,13,99.83290384303065,79.82650471995032,43.33353535353535,1.0
config_D_roulette,3,14,99.841740625652,81.19388076044555,43.00828282828283,1.0
config_D_roulette,3,15,99.841740625652,82.26172719838141,42.40181818181818,1.0
config_D_roulette,3,16,99.85037809076591,82.8391501867407,42.23616161616162,1.0
config_D_roulette,3,17,99.85037809076591,82.64820963392458,41.67535353535354,1.0
config_D_roulette,3,18,99.85037809076591,82.99124190344025,41.68080808080808,1.0
config_D_roulette,3,19,99.85851454070799,83.02571089564394,41.54585858585859,1.0
config_D_roulette,3,20,99.88355398899377,83.09634931085698,41.465252525252524,1.0
config_D_roulette,3,21,99.88355398899377,83.9654567549142,40.846666666666664,1.0
config_D_roulette,3,22,99.88355398899377,83.32767430238026,40.285656565656566,1.0
config_D_roulette,3,23,99.88355398899377,83.87793144564407,40.43878787878788,1.0
config_D_roulette,3,24,99.88355398899377,84.65611986728683,40.65212121212121,1.0
config_D_roulette,3,25,99.88355398899377,83.95175852951374,39.69919191919192,1.0
config_D_roulette,3,26,99.88355398899377,83.75902457911218,39.15191919191919,1.0
config_D_roulette,3,27,99.88355398899377,82.6191882441942,38.36282828282828,1.0
config_D_roulette,3,28,99.88355398899377,81.60497165815644,39.022222222222226,1.0
config_D_roulette,3,29,99.88355398899377,82.27291496376367,39.60060606060606,1.0
config_D_roulette,3,30,99.88355398899377,82.46137942029665,40.4369696969697,1.0
config_D_roulette,3,31,99.8989860877592,82.78627469718505,40.48626262626263,0.99
config_D_roulette,3,32,99.8989860877592,81.97578257174274,40.723838383838384,1.0
config_D_roulette,3,33,99.8989860877592,82.19149792752359,40.85090909090909,1.0
config_D_roulette,3,34,99.8989860877592,82.7640423492509,40.52161616161616,1.0
config_D_roulette,3,35,99.8989860877592,83.63979114532225,40.63393939393939,1.0
config_D_roulette,3,36,99.8989860877592,82.95076660946411,40.01090909090909,1.0
config_D_roulette,3,37,99.8989860877592,83.85672525003358,39.785050505050506,1.0
config_D_roulette,3,38,99.8989860877592,82.33296083577108,39.43050505050505,1.0
config_D_roulette,3,39,99.8989860877592,81.57884162118384,40.243434343434345,1.0
config_D_roulette,3,40,99.8989860877592,81.75751999403627,40.92686868686869,1.0
config_D_roulette,3,41,99.8989860877592,83.14485894476826,40.71393939393939,0.99
config_D_roulette,3,42,99.8989860877592,83.46311817231914,40.015151515151516,1.0
config_D_roulette,3,43,99.8989860877592,81.57580943701409,39.74040404040404,1.0
config_D_roulette,3,44,99.8989860877592,81.89426580209748,39.436565656565655,1.0
config_D_roulette,3,45,99.8989860877592,82.32846690311426,39.422222222222224,1.0
config_D_roulette,3,46,99.8989860877592,81.31180691787876,40.27333333333333,1.0
config_D_roulette,3,47,99.8989860877592,83.4977579227169,40.052121212121214,1.0
config_D_roulette,3,48,99.8989860877592,83.96170818400242,40.13777777777778,1.0
config_D_roulette,3,49,99.8989860877592,84.2340433543198,40.31515151515151,1.0
config_D_roulette,3,50,99.8989860877592,83.74374254457052,40.44868686868687,0.99
config_D_roulette,4,0,99.87317607257442,67.30060624338945,47.50080808080808,1.0
config_D_roulette,4,1,99.87317607257442,67.30060624338945,47.50080808080808,1.0
config_D_roulette,4,2,99.87317607257442,67.85099999849206,46.973939393939396,1.0
config_D_roulette,4,3,99.87317607257442,72.66337386918222,46.58989898989899,0.99
config_D_roulette,4,4,99.88937873823886,76.12919529551138,45.871515151515155,0.99
config_D_roulette,4,5,99.89366235368595,77.58740006371647,44.92383838383839,1.0
config_D_roulette,4,6,99.89366235368595,79.89669313921686,43.97212121212121,1.0
config_D_roulette,4,7,99.89744495396121,79.11039479045591,43.5850505050505,0.99
config_D_roulette,4,8,99.89744495396121,81.19154255495825,42.54484848484849,1.0
config_D_roulette,4,9,99.89744495396121,82.2728498996986,41.65151515151515,1.0
config_D_roulette,4,10,99.90326970320629,82.46164824835964,41.64969696969697,1.0
config_D_roulette,4,11,99.90326970320629,83.01523665408511,40.39050505050505,1.0
config_D_roulette,4,12,99.90326970320629,83.43792931633638,39.5610101010101,1.0
config_D_roulette,4,13,99.90326970320629,82.51605580377053,40.833939393939396,1.0
config_D_roulette,4,14,99.9126777352192,83.04932354125752,40.73171717171717,1.0
config_D_roulette,4,15,99.9126777352192,80.664973912883,41.26626262626262,1.0
config_D_roulette,4,16,99.9126777352192,82.75383641758485,40.718383838383836,0.99
config_D_roulette,4,17,99.9126777352192,82.45523106432096,40.844646464646466,0.99
config_D_roulette,4,18,99.9126777352192,81.6844484383312,41.302424242424244,0.99
config_D_roulette,4,19,99.9126777352192,80.42148244173386,41.46969696969697,0.99
config_D_roulette,4,20,99.9126777352192,80.8425316375568,41.05959595959596,0.99
config_D_roulette,4,21,99.9126777352192,80.05191071973167,41.43333333333333,0.99
config_D_roulette,4,22,99.9126777352192,80.56695254621972,41.52020202020202,0.99
config_D_roulette,4,23,99.9126777352192,79.75323987942224,40.721414141414144,0.99
config_D_roulette,4,24,99.9126777352192,78.9230564220865,40.71313131313131,0.99
config_D_roulette,4,25,99.9126777352192,79.0935786647226,41.24383838383839,0.99
config_D_roulette,4,26,99.91287705272664,78.9829472525451,40.235151515151514,0.99
config_D_roulette,4,27,99.91287705272664,80.4986444480718,39.854949494949494,1.0
config_D_roulette,4,28,99.91287705272664,82.28103325017587,39.105858585858584,0.99
config_D_roulette,4,29,99.91287705272664,83.3320709104824,38.62969696969697,1.0
config_D_roulette,4,30,99.91287705272664,83.71687149412077,38.28080808080808,1.0
config_D_roulette,4,31,99.91287705272664,83.81663847209218,38.074141414141415,1.0
config_D_roulette,4,32,99.91947236887071,84.74826400298936,37.73939393939394,1.0
config_D_roulette,4,33,99.91947236887071,85.7336304243953,37.67575757575757,1.0
config_D_roulette,4,34,99.91947236887071,85.8009729483737,38.55191919191919,1.0
config_D_roulette,4,35,99.91947236887071,84.68150275532402,38.18787878787879,1.0
config_D_roulette,4,36,99.91947236887071,84.33311689994898,38.551515151515154,1.0
config_D_roulette,4,37,99.91947236887071,84.8673232500701,38.825050505050505,1.0
config_D_roulette,4,38,99.91947236887071,83.70022089261822,39.20686868686869,1.0
config_D_roulette,4,39,99.92907971839107,82.61243912636915,38.60949494949495,1.0
config_D_roulette,4,40,99.92907971839107,83.21299706106136,38.70686868686869,1.0
config_D_roulette,4,41,99.92907971839107,82.92182384891244,38.773737373737376,1.0
config_D_roulette,4,42,99.92907971839107,82.84431402635794,38.86666666666667,1.0
config_D_roulette,4,43,99.92907971839107,80.88774342522154,39.32949494949495,1.0
config_D_roulette,4,44,99.92907971839107,81.73916006517112,40.26686868686868,1.0
config_D_roulette,4,45,99.92907971839107,82.32995834664857,39.53858585858586,1.0
config_D_roulette,4,46,99.92907971839107,82.713795298034,39.48828282828283,1.0
config_D_roulette,4,47,99.92907971839107,83.94522220362363,38.30323232323232,1.0
config_D_roulette,4,48,99.92907971839107,84.8159102951007,37.85474747474748,1.0
config_D_roulette,4,49,99.92907971839107,84.48754333390207,37.02909090909091,1.0
config_D_roulette,4,50,99.92907971839107,85.74223130562396,36.68424242424243,1.0
config_D_roulette,5,0,87.26886231866632,65.7999171424839,47.492525252525255,1.0
config_D_roulette,5,1,87.26886231866632,65.7999171424839,47.492525252525255,1.0
config_D_roulette,5,2,90.55591494515077,68.19995568019124,47.0369696969697,1.0
config_D_roulette,5,3,92.06706997747787,72.37401605761568,46.55838383838384,1.0
config_D_roulette,5,4,95.22369669003893,72.54149292409454,46.29494949494949,1.0
config_D_roulette,5,5,95.22369669003893,72.60101884542713,46.05353535353535,1.0
config_D_roulette,5,6,95.59218989259392,73.59039297210435,45.65616161616162,1.0
config_D_roulette,5,7,95.59218989259392,73.29842263325637,45.33171717171717,0.99
config_D_roulette,5,8,95.88420976145446,73.84601980895269,45.448484848484846,1.0
config_D_roulette,5,9,95.88420976145446,75.46785508446531,45.05474747474747,1.0
config_D_roulette,5,10,95.88420976145446,74.5269947284361,44.83030303030303,0.99
config_D_roulette,5,11,95.98075600718525,75.12435305045625,44.287070707070704,1.0
config_D_roulette,5,12,96.24071144696669,76.87436960143039,43.88808080808081,1.0
config_D_roulette,5,13,96.24071144696669,77.8926061417667,44.04303030303031,1.0
config_D_roulette,5,14,96.32401044394703,77.89419626254747,43.67010101010101,1.0
config_D_roulette,5,15,96.32401044394703,79.09832690019078,43.85454545454545,1.0
config_D_roulette,5,16,96.32401044394703,80.02243534685203,43.61373737373737,1.0
config_D_roulette,5,17,96.48532390841982,81.0206915390924,43.504444444444445,1.0
config_D_roulette,5,18,96.48532390841982,79.26375993071298,43.64141414141414,1.0
config_D_roulette,5,19,96.48532390841982,78.77272143923199,43.34444444444444,1.0
config_D_roulette,5,20,99.81791944094842,78.7256608186464,43.56909090909091,1.0
config_D_roulette,5,21,99.81791944094842,78.54435703226062,43.565252525252525,1.0
config_D_roulette,5,22,99.81791944094842,78.8191283023067,43.754747474747475,1.0
config_D_roulette,5,23,99.81791944094842,79.37352588644157,43.89191919191919,1.0
config_D_roulette,5,24,99.81791944094842,79.56355236051395,43.66808080808081,1.0
config_D_roulette,5,25,99.81791944094842,80.35222617879425,43.57757575757576,1.0
config_D_roulette,5,26,99.81791944094842,81.02623240624435,43.43737373737374,1.0
config_D_roulette,5,27,99.81791944094842,81.40135363296912,43.33353535353535,1.0
config_D_roulette,5,28,99.81791944094842,81.44491154551181,42.98444444444444,1.0
config_D_roulette,5,29,99.81791944094842,80.56157631128293,43.14,1.0
config_D_roulette,5,30,99.81791944094842,80.73096447438407,42.74242424242424,1.0
config_D_roulette,5,31,99.82125434454048,81.1050768244258,42.972929292929294,1.0
config_D_roulette,5,32,99.8248376273083,81.19043744972372,43.015757575757576,1.0
config_D_roulette,5,33,99.86755064083677,81.84700376565759,42.95636363636363,1.0
config_D_roulette,5,34,99.86755064083677,81.36544439519997,43.14969696969697,1.0
config_D_roulette,5,35,99.86755064083677,82.26096688241495,43.18909090909091,1.0
config_D_roulette,5,36,99.86755064083677,82.4741191138573,43.05373737373738,1.0
config_D_roulette,5,37,99.89239077161511,81.55905502220143,42.968080808080806,1.0
config_D_roulette,5,38,99.89239077161511,81.62192104204053,43.05959595959596,1.0
config_D_roulette,5,39,99.89239077161511,83.76709677279563,42.75212121212121,1.0
config_D_roulette,5,40,99.89239077161511,84.46092445460503,42.447878787878786,1.0
config_D_roulette,5,41,99.89239077161511,83.7365108890339,42.522828282828286,1.0
config_D_roulette,5,42,99.89239077161511,84.49434194448558,42.29434343434343,1.0
config_D_roulette,5,43,99.89239077161511,85.27801989181879,42.24666666666667,1.0
config_D_roulette,5,44,99.89239077161511,86.00402858226525,41.53858585858586,1.0
config_D_roulette,5,45,99.89239077161511,86.31341607622485,41.18949494949495,1.0
config_D_roulette,5,46,99.89239077161511,84.99708258660459,40.835151515151516,1.0
config_D_roulette,5,47,99.89239077161511,85.78280875194287,40.84383838383838,1.0
config_D_roulette,5,48,99.89239077161511,86.08746960682839,40.95292929292929,1.0
config_D_roulette,5,49,99.89239077161511,84.33587716846048,41.43373737373737,1.0
config_D_roulette,5,50,99.89239077161511,84.62818055630018,41.56505050505051,1.0
config_D_roulette,6,0,94.32072921688125,67.22357814770108,47.49010101010101,1.0
config_D_roulette,6,1,94.32072921688125,67.22357814770108,47.49010101010101,1.0
config_D_roulette,6,2,95.10271207157218,72.14048877100713,46.957373737373736,1.0
config_D_roulette,6,3,95.34787037053512,76.76308979466579,46.503838383838385,1.0
config_D_roulette,6,4,95.34787037053512,77.33876785637723,46.38121212121212,1.0
config_D_roulette,6,5,96.17539368868368,79.53267296077756,46.067676767676765,1.0
config_D_roulette,6,6,96.17539368868368,79.2932389813488,45.98626262626263,1.0
config_D_roulette,6,7,96.17539368868368,80.462941060679,45.59858585858586,1.0
config_D_roulette,6,8,96.17539368868368,80.86441768567752,45.469292929292926,1.0
config_D_roulette,6,9,96.48291138907962,81.07797991548428,45.45131313131313,1.0
config_D_roulette,6,10,96.48291138907962,80.76497567401061,45.422828282828284,0.99
config_D_roulette,6,11,96.48291138907962,81.43903320553399,44.958585858585856,0.99
config_D_roulette,6,12,96.48291138907962,81.13420383997948,44.806060606060605,0.98
config_D_roulette,6,13,96.48291138907962,80.73330072763133,44.23414141414141,0.99
config_D_roulette,6,14,96.48291138907962,81.16987972179693,43.47757575757576,0.99
config_D_roulette,6,15,96.48291138907962,81.57695005734234,42.825050505050505,0.98
config_D_roulette,6,16,99.85948442511442,81.28004658868572,41.9369696969697,0.99
config_D_roulette,6,17,99.89617337189037,81.92417162119155,41.20545454545454,1.0
config_D_roulette,6,18,99.89617337189037,80.88283311848572,42.062828282828285,1.0
config_D_roulette,6,19,99.89617337189037,82.50026163769365,41.60383838383839,0.99
config_D_roulette,6,20,99.89617337189037,81.35301883141055,41.60545454545454,0.99
config_D_roulette,6,21,99.89617337189037,81.10056645751678,41.75030303030303,0.99
config_D_roulette,6,22,99.89617337189037,82.53789796301348,42.230909090909094,0.99
config_D_roulette,6,23,99.89617337189037,82.34176989912775,42.015151515151516,0.99
config_D_roulette,6,24,99.9174302199009,81.82107128666264,41.51959595959596,0.99
config_D_roulette,6,25,99.9174302199009,82.3980738232282,41.3379797979798,1.0
config_D_roulette,6,26,99.9174302199009,81.55401596598905,41.68949494949495,1.0
config_D_roulette,6,27,99.9174302199009,81.71016801659728,41.775151515151514,1.0
config_D_roulette,6,28,99.9174302199009,81.63258187290171,41.720202020202024,1.0
config_D_roulette,6,29,99.9174302199009,81.13227952466251,41.51070707070707,0.99
config_D_roulette,6,30,99.9174302199009,83.44168776872517,41.5589898989899,0.99
config_D_roulette,6,31,99.9174302199009,82.80741525178833,41.21878787878788,0.99
config_D_roulette,6,32,99.9174302199009,83.31786700899005,40.8569696969697,0.99
config_D_roulette,6,33,99.9174302199009,83.68395464571448,40.480606060606064,0.99
config_D_roulette,6,34,99.9174302199009,82.79165407688146,40.46040404040404,0.99
config_D_roulette,6,35,99.9174302199009,81.71586052895462,40.54484848484849,0.99
config_D_roulette,6,36,99.9174302199009,82.92201277392849,40.5979797979798,0.99
config_D_roulette,6,37,99.9174302199009,83.68428935100474,40.347070707070706,0.99
config_D_roulette,6,38,99.9174302199009,82.37055927236302,40.67919191919192,0.99
config_D_roulette,6,39,99.9174302199009,82.6571232979684,40.26626262626262,0.99
config_D_roulette,6,40,99.9174302199009,83.1065304729374,40.42181818181818,0.99
config_D_roulette,6,41,99.9174302199009,82.82512455012879,40.88848484848485,0.99
config_D_roulette,6,42,99.9174302199009,81.91763686716327,40.21959595959596,0.99
config_D_roulette,6,43,99.9174302199009,81.90282668320862,40.23777777777778,0.99
config_D_roulette,6,44,99.9174302199009,80.72038810739488,39.407272727272726,0.99
config_D_roulette,6,45,99.9174302199009,82.23999220740077,39.74080808080808,0.99
config_D_roulette,6,46,99.9174302199009,82.48863126292136,39.72585858585859,0.99
config_D_roulette,6,47,99.9174302199009,82.29403786277283,39.123030303030305,0.99
config_D_roulette,6,48,99.9174302199009,84.54049512784383,38.981212121212124,0.99
config_D_roulette,6,49,99.9174302199009,83.12123528743251,39.185656565656565,0.99
config_D_roulette,6,50,99.9174302199009,83.70789828668099,38.88626262626263,0.99
config_D_roulette,7,0,94.03942780865215,68.3302800779562,47.46828282828283,1.0
config_D_roulette,7,1,94.03942780865215,68.3302800779562,47.46828282828283,1.0
config_D_roulette,7,2,94.3950946688359,72.40965874708259,47.018787878787876,0.99
config_D_roulette,7,3,94.3950946688359,72.394808198379,46.72707070707071,1.0
config_D_roulette,7,4,94.3950946688359,73.48333005264155,46.27030303030303,1.0
config_D_roulette,7,5,95.02523782383692,75.99256373144159,45.57131313131313,1.0
config_D_roulette,7,6,95.7003885767509,77.62031201456257,45.164848484848484,1.0
config_D_roulette,7,7,96.08705524341755,79.25094535641777,44.79636363636364,1.0
config_D_roulette,7,8,96.08705524341755,79.94025852888969,44.5440404040404,1.0
config_D_roulette,7,9,96.08705524341755,79.80165631695967,44.46666666666667,1.0
config_D_roulette,7,10,96.08705524341755,81.54221923239182,43.99333333333333,1.0
config_D_roulette,7,11,96.08705524341755,81.2299648589648,43.83292929292929,1.0
config_D_roulette,7,12,99.75920307926295,82.56709365132858,42.90121212121212,1.0
config_D_roulette,7,13,99.75920307926295,82.81191170531332,42.94262626262626,1.0
config_D_roulette,7,14,99.78078279748927,83.82142602643286,42.574141414141415,1.0
config_D_roulette,7,15,99.80472880866026,84.25870824828284,42.25818181818182,1.0
config_D_roulette,7,16,99.84724250468129,84.47635075358032,41.66868686868687,1.0
config_D_roulette,7,17,99.84724250468129,85.42570330404753,39.82080808080808,1.0
config_D_roulette,7,18,99.84724250468129,87.43473128419255,39.906060606060606,1.0
config_D_roulette,7,19,99.84724250468129,84.6215459082423,40.51979797979798,1.0
config_D_roulette,7,20,99.84724250468129,85.41213728406825,39.00080808080808,1.0
config_D_roulette,7,21,99.87317607257442,86.00846247560763,38.791111111111114,1.0
config_D_roulette,7,22,99.87317607257442,85.11863068857214,39.752323232323235,1.0
config_D_roulette,7,23,99.87317607257442,85.08051806237967,39.29252525252525,1.0
config_D_roulette,7,24,99.87317607257442,85.17800051959445,39.875757575757575,1.0
config_D_roulette,7,25,99.87317607257442,86.02655206154212,39.6169696969697,1.0
config_D_roulette,7,26,99.90404027010528,86.2276333798829,38.98323232323232,1.0
config_D_roulette,7,27,99.90404027010528,85.5747401598254,38.94707070707071,1.0
config_D_roulette,7,28,99.90404027010528,86.45849488092276,38.81171717171717,1.0
config_D_roulette,7,29,99.90404027010528,86.5203400045558,38.26323232323232,1.0
config_D_roulette,7,30,99.90404027010528,85.25835598341291,38.970505050505054,1.0
config_D_roulette,7,31,99.90404027010528,84.28737565396248,38.92444444444445,1.0
config_D_roulette,7,32,99.90468728429593,84.75119056367852,39.338181818181816,1.0
config_D_roulette,7,33,99.90481083700429,85.63872742923657,39.9559595959596,1.0
config_D_roulette,7,34,99.90481083700429,85.5285239270083,40.62,1.0
config_D_roulette,7,35,99.90481083700429,84.39408578863086,41.220202020202024,1.0
config_D_roulette,7,36,99.90481083700429,85.26719294949436,41.59151515151515,1.0
config_D_roulette,7,37,99.90481083700429,84.1118819231995,41.764242424242425,1.0
config_D_roulette,7,38,99.90481083700429,84.52322825487,41.52181818181818,1.0
config_D_roulette,7,39,99.90481083700429,85.0050304720673,40.82040404040404,0.99
config_D_roulette,7,40,99.90481083700429,86.2247141733823,40.083636363636366,0.99
config_D_roulette,7,41,99.90481083700429,85.0319662954526,40.94040404040404,0.99
config_D_roulette,7,42,99.90481083700429,85.0620504496857,41.234545454545454,0.99
config_D_roulette,7,43,99.90481083700429,84.53271269457109,41.36606060606061,0.99
config_D_roulette,7,44,99.90481083700429,84.18602224772025,41.28060606060606,0.99
config_D_roulette,7,45,99.90481083700429,85.06874867958686,41.76323232323232,0.99
config_D_roulette,7,46,99.90481083700429,84.26331136796743,41.82727272727273,0.99
config_D_roulette,7,47,99.90481083700429,84.15471990013562,41.78424242424242,0.99
config_D_roulette,7,48,99.90481083700429,85.57681717238182,41.52444444444444,0.99
config_D_roulette,7,49,99.90481083700429,84.51916913791287,41.83535353535353,0.99
config_D_roulette,7,50,99.90481083700429,85.27199034481445,41.902424242424246,0.99
config_D_roulette,8,0,93.78127505439105,67.44843673057525,47.508686868686866,1.0
config_D_roulette,8,1,93.78127505439105,67.44843673057525,47.508686868686866,1.0
config_D_roulette,8,2,94.01082578744912,71.37653023612684,47.033737373737374,1.0
config_D_roulette,8,3,94.09917628895894,72.11705780670525,46.69373737373737,1.0
config_D_roulette,8,4,94.5657807214107,71.95945273735587,46.384040404040405,1.0
config_D_roulette,8,5,94.63130027443634,73.83796238893873,46.06,1.0
config_D_roulette,8,6,94.63130027443634,75.50877672900518,45.36848484848485,1.0
config_D_roulette,8,7,94.89827213732246,77.09107456718725,44.57070707070707,1.0
config_D_roulette,8,8,94.89827213732246,79.44428468858652,43.28787878787879,1.0
config_D_roulette,8,9,96.26908265832708,82.25793326746444,42.291717171717174,1.0
config_D_roulette,8,10,96.26908265832708,81.39877642087872,41.491313131313134,1.0
config_D_roulette,8,11,96.26908265832708,80.79607045338636,42.22707070707071,1.0
config_D_roulette,8,12,99.81791944094842,83.6889589269479,42.10181818181818,0.99
config_D_roulette,8,13,99.81791944094842,83.39550799093024,42.05878787878788,1.0
config_D_roulette,8,14,99.86356872305409,83.7231175933138,41.83535353535353,1.0
config_D_roulette,8,15,99.86356872305409,83.32268817876229,41.44282828282828,1.0
config_D_roulette,8,16,99.86356872305409,83.88179392209335,41.16040404040404,1.0
config_D_roulette,8,17,99.86356872305409,83.84475033185734,40.93212121212121,1.0
config_D_roulette,8,18,99.86356872305409,84.62169951567607,40.589090909090906,1.0
config_D_roulette,8,19,99.86356872305409,82.54240706540043,40.9339393939394,1.0
config_D_roulette,8,20,99.86356872305409,83.55629584895345,40.496767676767675,1.0
config_D_roulette,8,21,99.86356872305409,83.16158985004377,40.94565656565656,1.0
config_D_roulette,8,22,99.86356872305409,82.75710106654783,41.00707070707071,1.0
config_D_roulette,8,23,99.86356872305409,82.29256210934051,41.627272727272725,1.0
config_D_roulette,8,24,99.86356872305409,81.82148782544668,41.413737373737376,1.0
config_D_roulette,8,25,99.86356872305409,84.04073275007653,41.15959595959596,1.0
config_D_roulette,8,26,99.86356872305409,85.46543116464065,41.26888888888889,1.0
config_D_roulette,8,27,99.86356872305409,84.79935122901814,40.677373737373735,1.0
config_D_roulette,8,28,99.86356872305409,85.00604661585311,40.383434343434345,1.0
config_D_roulette,8,29,99.86356872305409,86.55030108570982,39.95959595959596,1.0
config_D_roulette,8,30,99.86421573724472,85.66725989789828,39.62,1.0
config_D_roulette,8,31,99.8989860877592,87.51290626727432,37.425858585858585,1.0
config_D_roulette,8,32,99.8989860877592,86.85412624755834,38.07393939393939,1.0
config_D_roulette,8,33,99.8989860877592,85.18455264683593,39.7379797979798,1.0
config_D_roulette,8,34,99.8989860877592,83.69252946213817,40.09010101010101,1.0
config_D_roulette,8,35,99.8989860877592,84.21354893439162,40.48404040404041,1.0
config_D_roulette,8,36,99.8989860877592,83.62042171370011,40.776767676767676,1.0
config_D_roulette,8,37,99.8989860877592,83.8350659312077,40.43373737373737,0.99
config_D_roulette,8,38,99.8989860877592,84.50120163457781,39.783434343434344,0.98
config_D_roulette,8,39,99.8989860877592,84.26024654012116,39.217777777777776,0.99
config_D_roulette,8,40,99.8989860877592,84.66867026998422,39.34848484848485,0.99
config_D_roulette,8,41,99.8989860877592,83.89472894892523,39.87676767676768,0.99
config_D_roulette,8,42,99.8989860877592,84.04437651626799,40.31717171717172,0.99
config_D_roulette,8,43,99.8989860877592,82.88847749382468,40.097575757575754,0.99
config_D_roulette,8,44,99.8989860877592,83.28951356675084,39.94444444444444,0.99
config_D_roulette,8,45,99.8989860877592,83.90635767693088,39.921010101010104,0.99
config_D_roulette,8,46,99.8989860877592,85.10100933899885,39.55171717171717,0.99
config_D_roulette,8,47,99.8989860877592,85.05795152500697,40.01676767676768,0.99
config_D_roulette,8,48,99.8989860877592,86.21560039881233,39.7389898989899,0.99
config_D_roulette,8,49,99.8989860877592,87.15640589777401,39.904242424242426,0.98
config_D_roulette,8,50,99.8989860877592,85.64707007092947,39.664040404040406,0.99
config_D_roulette,9,0,94.47394663947343,66.80690536217676,47.525252525252526,1.0
config_D_roulette,9,1,94.47394663947343,66.80690536217676,47.525252525252526,1.0
config_D_roulette,9,2,94.47394663947343,69.43862189316064,47.144444444444446,1.0
config_D_roulette,9,3,94.47394663947343,70.98423387301965,46.73838383838384,1.0
config_D_roulette,9,4,95.22752679046876,73.96738220011771,46.395959595959596,1.0
config_D_roulette,9,5,95.22752679046876,74.91604501426758,46.04,1.0
config_D_roulette,9,6,95.22752679046876,75.13092727558026,45.72848484848485,0.99
config_D_roulette,9,7,95.22752679046876,76.14467797680156,45.58323232323232,0.99
config_D_roulette,9,8,95.22752679046876,75.77461211140664,45.41050505050505,0.99
config_D_roulette,9,9,95.22752679046876,77.94348439072354,44.98888888888889,0.99
config_D_roulette,9,10,95.22752679046876,78.06511509005098,44.861414141414144,0.99
config_D_roulette,9,11,96.30495647798546,78.79656760804569,44.515757575757576,0.99
config_D_roulette,9,12,99.86140302137589,78.9506151154642,44.44040404040404,1.0
config_D_roulette,9,13,99.86217358827489,78.88766188834676,44.10484848484848,1.0
config_D_roulette,9,14,99.86217358827489,80.1554520892846,43.88808080808081,1.0
config_D_roulette,9,15,99.86217358827489,79.68128758696292,43.876969696969695,1.0
config_D_roulette,9,16,99.86217358827489,78.41571205594431,43.86424242424243,1.0
config_D_roulette,9,17,99.86217358827489,76.72469166362451,43.825050505050505,1.0
config_D_roulette,9,18,99.86217358827489,79.64440902484161,43.386464646464646,1.0
config_D_roulette,9,19,99.86799833751998,80.10779033901694,43.27535353535354,1.0
config_D_roulette,9,20,99.86799833751998,81.83827124781807,43.19959595959596,1.0
config_D_roulette,9,21,99.86799833751998,81.8015689078762,42.74727272727273,1.0
config_D_roulette,9,22,99.86799833751998,82.46308978731666,42.921010101010104,1.0
config_D_roulette,9,23,99.86799833751998,80.46535190708396,43.08040404040404,1.0
config_D_roulette,9,24,99.86799833751998,80.38576813775128,43.251717171717175,1.0
config_D_roulette,9,25,99.86799833751998,81.08129940857799,42.96222222222222,0.99
config_D_roulette,9,26,99.86799833751998,81.04862798864492,42.86929292929293,1.0
config_D_roulette,9,27,99.86799833751998,80.91369287374619,42.66,1.0
config_D_roulette,9,28,99.86799833751998,80.62553044027084,42.53656565656566,1.0
config_D_roulette,9,29,99.87305251986606,80.91393984466603,42.402424242424246,1.0
config_D_roulette,9,30,99.87997070622595,81.49466616603334,41.90848484848485,1.0
config_D_roulette,9,31,99.88733658926901,82.60327358495839,41.53333333333333,1.0
config_D_roulette,9,32,99.88733658926901,83.54121236223067,41.67353535353536,1.0
config_D_roulette,9,33,99.88733658926901,83.25648650739775,42.1979797979798,0.99
config_D_roulette,9,34,99.88733658926901,81.44451235737294,42.543232323232324,1.0
config_D_roulette,9,35,99.88733658926901,80.7590837443599,42.667878787878784,1.0
config_D_roulette,9,36,99.88733658926901,78.18140935571545,43.06060606060606,1.0
config_D_roulette,9,37,99.88733658926901,80.12051398832034,43.11151515151515,1.0
config_D_roulette,9,38,99.88733658926901,80.66405629062378,43.09292929292929,1.0
config_D_roulette,9,39,99.88733658926901,81.91539281252041,42.44343434343434,1.0
config_D_roulette,9,40,99.88733658926901,85.37104665631139,41.81838383838384,1.0
config_D_roulette,9,41,99.88733658926901,83.51278401593163,41.38484848484848,1.0
config_D_roulette,9,42,99.88733658926901,84.09221655571925,41.688686868686865,1.0
config_D_roulette,9,43,99.88733658926901,83.96427780302203,42.19171717171717,1.0
config_D_roulette,9,44,99.88733658926901,85.01973237027946,41.91252525252525,1.0
config_D_roulette,9,45,99.88733658926901,83.41737451537645,42.47090909090909,1.0
config_D_roulette,9,46,99.88733658926901,83.9487755460767,42.329292929292926,1.0
config_D_roulette,9,47,99.88733658926901,84.4326390701142,42.07313131313131,1.0
config_D_roulette,9,48,99.88733658926901,85.6466249274526,42.17151515151515,1.0
config_D_roulette,9,49,99.88733658926901,83.92434699607038,42.593333333333334,1.0
config_D_roulette,9,50,99.88733658926901,86.21362602477848,41.97010101010101,1.0
config_D_roulette,10,0,96.21304654407581,66.04845007528836,47.50828282828283,1.0
config_D_roulette,10,1,96.21304654407581,66.04845007528836,47.50828282828283,1.0
config_D_roulette,10,2,96.21304654407581,68.66683924233945,47.06808080808081,1.0
config_D_roulette,10,3,96.21304654407581,71.12971106554295,46.664040404040406,1.0
config_D_roulette,10,4,99.8645386074605,73.967677004733,46.227474747474744,1.0
config_D_roulette,10,5,99.87997070622595,77.21285560434293,45.54767676767677,1.0
config_D_roulette,10,6,99.87997070622595,77.66381008572743,45.24262626262626,1.0
config_D_roulette,10,7,99.87997070622595,78.65156812997624,45.132525252525255,1.0
config_D_roulette,10,8,99.87997070622595,79.90487166232309,44.876969696969695,1.0
config_D_roulette,10,9,99.87997070622595,79.44424021132325,44.50545454545455,0.99
config_D_roulette,10,10,99.87997070622595,81.178049212183,44.027676767676766,1.0
config_D_roulette,10,11,99.87997070622595,81.84545279885029,43.2640404040404,1.0
config_D_roulette,10,12,99.87997070622595,82.00235752660099,42.90808080808081,1.0
config_D_roulette,10,13,99.87997070622595,82.11096621083408,41.30323232323232,1.0
config_D_roulette,10,14,99.87997070622595,82.98244680903686,41.923434343434344,1.0
config_D_roulette,10,15,99.87997070622595,81.59084948294067,41.77212121212121,1.0
config_D_roulette,10,16,99.87997070622595,80.90362558163173,41.59939393939394,1.0
config_D_roulette,10,17,99.87997070622595,81.70515003818379,41.88848484848485,1.0
config_D_roulette,10,18,99.87997070622595,82.07343230207424,41.183232323232325,1.0
config_D_roulette,10,19,99.88957805574628,81.5230951112277,41.39272727272727,1.0
config_D_roulette,10,20,99.88957805574628,82.10229391116498,40.963232323232326,1.0
config_D_roulette,10,21,99.88957805574628,82.70375810171754,41.33676767676768,1.0
config_D_roulette,10,22,99.88957805574628,83.78818801802046,40.46949494949495,0.99
config_D_roulette,10,23,99.88957805574628,82.8347184133128,40.903838383838384,1.0
config_D_roulette,10,24,99.88957805574628,83.07861074201087,40.65191919191919,1.0
config_D_roulette,10,25,99.88957805574628,82.98827231154051,40.59838383838384,1.0
config_D_roulette,10,26,99.88957805574628,83.33644879858446,40.28606060606061,1.0
config_D_roulette,10,27,99.88957805574628,83.32256332122343,40.25010101010101,1.0
config_D_roulette,10,28,99.88957805574628,82.14536328622175,39.76464646464647,1.0
config_D_roulette,10,29,99.88957805574628,81.12441585233596,39.73979797979798,1.0
config_D_roulette,10,30,99.88957805574628,81.87733064680481,38.997979797979795,1.0
config_D_roulette,10,31,99.88957805574628,82.70939585744065,39.16686868686869,1.0
config_D_roulette,10,32,99.88957805574628,81.63163181152977,39.50282828282828,1.0
config_D_roulette,10,33,99.88957805574628,82.8358340283252,39.016363636363636,1.0
config_D_roulette,10,34,99.88957805574628,84.266745459095,39.74909090909091,1.0
config_D_roulette,10,35,99.88957805574628,83.8955454697252,40.12080808080808,1.0
config_D_roulette,10,36,99.88957805574628,85.39835939613397,38.892323232323236,0.99
config_D_roulette,10,37,99.88957805574628,84.85210939165206,39.37535353535353,0.99
config_D_roulette,10,38,99.88957805574628,86.1097128211143,39.718989898989896,0.99
config_D_roulette,10,39,99.88957805574628,87.49068309155803,39.018787878787876,0.99
config_D_roulette,10,40,99.88957805574628,87.68066753391811,37.752929292929295,0.99
config_D_roulette,10,41,99.88957805574628,87.30042048824816,37.30464646464647,0.99
config_D_roulette,10,42,99.88957805574628,86.11754425108275,36.91818181818182,0.99
config_D_roulette,10,43,99.88957805574628,86.79408745809569,37.215959595959596,0.99
config_D_roulette,10,44,99.88957805574628,85.91108951330288,37.593333333333334,0.99
config_D_roulette,10,45,99.88957805574628,86.473870460067,37.41616161616162,0.99
config_D_roulette,10,46,99.88957805574628,86.42521621261945,37.40707070707071,0.99
config_D_roulette,10,47,99.88957805574628,86.0008471490191,38.88060606060606,0.99
config_D_roulette,10,48,99.88957805574628,85.31007283541807,39.27212121212121,0.99
config_D_roulette,10,49,99.88957805574628,83.33325702587719,39.30949494949495,0.99
config_D_roulette,10,50,99.88957805574628,82.87981131594684,39.898383838383836,0.99
config_D_roulette,11,0,94.41814417033761,65.17948628177922,47.49717171717172,1.0
config_D_roulette,11,1,94.41814417033761,65.17948628177922,47.49717171717172,1.0
config_D_roulette,11,2,94.41814417033761,68.91541485520001,46.94343434343434,1.0
config_D_roulette,11,3,94.41814417033761,72.51145372415311,46.51171717171717,1.0
config_D_roulette,11,4,94.41814417033761,75.29399710518089,46.217171717171716,1.0
config_D_roulette,11,5,95.86872702201703,76.98784994581432,45.8050505050505,1.0
config_D_roulette,11,6,95.86872702201703,80.35725401620512,45.3240404040404,1.0
config_D_roulette,11,7,95.86872702201703,79.54676076012672,44.51535353535353,0.99
config_D_roulette,11,8,96.0859143061482,80.21371581767177,43.88565656565657,1.0
config_D_roulette,11,9,96.0859143061482,80.19811193264694,43.75979797979798,1.0
config_D_roulette,11,10,96.0859143061482,81.21790690046262,43.6650505050505,1.0
config_D_roulette,11,11,96.0859143061482,82.19821359458997,43.241616161616165,1.0
config_D_roulette,11,12,96.0859143061482,81.21548843973179,43.23010101010101,1.0
config_D_roulette,11,13,99.83949915917474,82.98881542088786,43.65777777777778,1.0
config_D_roulette,11,14,99.83949915917474,81.87912319397896,43.78666666666667,1.0
config_D_roulette,11,15,99.83949915917474,81.34477572438229,43.61757575757576,1.0
config_D_roulette,11,16,99.83949915917474,82.32703694599175,43.53838383838384,1.0
config_D_roulette,11,17,99.83949915917474,82.11007805502304,43.305454545454545,1.0
config_D_roulette,11,18,99.83949915917474,82.68132076875496,42.73232323232323,1.0
config_D_roulette,11,19,99.83949915917474,81.45023799128458,42.89131313131313,1.0
config_D_roulette,11,20,99.83949915917474,82.74214481185672,42.764848484848486,1.0
config_D_roulette,11,21,99.83949915917474,83.25893197118553,42.81979797979798,1.0
config_D_roulette,11,22,99.83949915917474,82.59204877726573,43.132525252525255,1.0
config_D_roulette,11,23,99.87113392360459,81.52329025295145,42.90888888888889,1.0
config_D_roulette,11,24,99.87113392360459,81.06643548731175,42.88666666666666,1.0
config_D_roulette,11,25,99.87113392360459,81.0403209725781,42.87676767676768,1.0
config_D_roulette,11,26,99.87113392360459,82.61855677964431,42.473333333333336,1.0
config_D_roulette,11,27,99.87113392360459,81.57705026391014,41.716565656565656,1.0
config_D_roulette,11,28,99.87113392360459,82.12184564598135,41.52262626262626,1.0
config_D_roulette,11,29,99.87113392360459,82.9111862043953,41.52383838383838,1.0
config_D_roulette,11,30,99.87113392360459,83.02790239568235,41.56444444444445,1.0
config_D_roulette,11,31,99.87394663947342,83.25227757008173,41.75454545454546,1.0
config_D_roulette,11,32,99.87394663947342,83.66066414163383,41.603434343434344,1.0
config_D_roulette,11,33,99.87394663947342,82.20130130323253,42.095151515151514,0.99
config_D_roulette,11,34,99.87394663947342,81.56427447799064,41.88141414141414,0.99
config_D_roulette,11,35,99.87394663947342,81.54016450815811,42.483030303030304,0.99
config_D_roulette,11,36,99.87394663947342,81.91655465911245,42.967474747474746,0.99
config_D_roulette,11,37,99.87394663947342,81.5238518637308,42.456161616161616,0.99
config_D_roulette,11,38,99.87394663947342,81.39388488075527,42.44141414141414,0.99
config_D_roulette,11,39,99.87394663947342,82.4585757933935,42.0589898989899,0.98
config_D_roulette,11,40,99.88278342209478,83.98637128262159,42.252929292929295,0.99
config_D_roulette,11,41,99.88278342209478,85.12312627547882,42.06787878787879,1.0
config_D_roulette,11,42,99.88278342209478,85.51640187301862,41.79333333333334,1.0
config_D_roulette,11,43,99.88278342209478,84.74330907183003,42.00020202020202,1.0
config_D_roulette,11,44,99.88278342209478,83.20602402427662,42.17535353535354,1.0
config_D_roulette,11,45,99.88278342209478,83.26646035183961,42.555757575757575,1.0
config_D_roulette,11,46,99.88278342209478,82.38005708722856,42.748282828282825,1.0
config_D_roulette,11,47,99.90423958761272,81.4754744636377,42.60080808080808,1.0
config_D_roulette,11,48,99.90423958761272,82.11670961766907,42.22969696969697,1.0
config_D_roulette,11,49,99.90423958761272,81.89558374492505,42.61010101010101,1.0
config_D_roulette,11,50,99.90423958761272,82.66328215045979,42.663434343434346,1.0
config_D_roulette,12,0,92.99949915917473,67.15972522416638,47.51292929292929,1.0
config_D_roulette,12,1,92.99949915917473,67.15972522416638,47.51292929292929,1.0
config_D_roulette,12,2,95.3553314544688,70.78876493891933,47.015757575757576,1.0
config_D_roulette,12,3,96.27335979369303,72.73105217275953,46.49818181818182,1.0
config_D_roulette,12,4,99.87867795160372,75.41777072523288,46.40141414141414,1.0
config_D_roulette,12,5,99.87867795160372,77.05666083762657,45.927070707070705,1.0
config_D_roulette,12,6,99.87867795160372,78.50313540246592,45.72767676767677,1.0
config_D_roulette,12,7,99.87867795160372,79.83683808453566,45.17838383838384,1.0
config_D_roulette,12,8,99.87867795160372,81.93927451173631,44.63474747474748,1.0
config_D_roulette,12,9,99.87867795160372,82.24553807355764,44.43272727272727,1.0
config_D_roulette,12,10,99.87867795160372,80.73758003939402,44.44929292929293,1.0
config_D_roulette,12,11,99.87867795160372,80.26305214418075,44.37373737373738,1.0
config_D_roulette,12,12,99.87867795160372,80.39979921904326,44.508080808080805,1.0
config_D_roulette,12,13,99.87867795160372,80.75325170730397,44.345858585858586,1.0
config_D_roulette,12,14,99.87867795160372,79.52994826407776,44.25333333333333,1.0
config_D_roulette,12,15,99.87867795160372,79.24680328604691,43.98646464646465,1.0
config_D_roulette,12,16,99.88828530112407,80.00335394290195,43.63292929292929,1.0
config_D_roulette,12,17,99.88828530112407,80.76499402117,43.82606060606061,1.0
config_D_roulette,12,18,99.88828530112407,80.9116818550055,43.8230303030303,1.0
config_D_roulette,12,19,99.88828530112407,81.23302435538704,43.953131313131315,1.0
config_D_roulette,12,20,99.88828530112407,79.80587861657767,43.83858585858586,1.0
config_D_roulette,12,21,99.88828530112407,79.52543726902378,43.93070707070707,1.0
config_D_roulette,12,22,99.88828530112407,82.14322262089165,43.773131313131316,1.0
config_D_roulette,12,23,99.88828530112407,83.2635909336209,43.437777777777775,1.0
config_D_roulette,12,24,99.88828530112407,83.99644276642059,43.516363636363636,0.99
config_D_roulette,12,25,99.8989860877592,83.4378899596946,43.56020202020202,0.99
config_D_roulette,12,26,99.8989860877592,83.1315595330945,42.93252525252525,1.0
config_D_roulette,12,27,99.8989860877592,83.67186806560177,41.40646464646465,1.0
config_D_roulette,12,28,99.8989860877592,82.97383017543112,41.09090909090909,1.0
config_D_roulette,12,29,99.8989860877592,83.20794181063816,40.82141414141414,1.0
config_D_roulette,12,30,99.8989860877592,83.30755605511911,40.147474747474746,1.0
config_D_roulette,12,31,99.8989860877592,81.92512676987619,40.4420202020202,1.0
config_D_roulette,12,32,99.8989860877592,82.10557999277225,40.55191919191919,1.0
config_D_roulette,12,33,99.8989860877592,82.91655112725293,40.07151515151515,1.0
config_D_roulette,12,34,99.8989860877592,82.94887461337318,40.90969696969697,1.0
config_D_roulette,12,35,99.8989860877592,83.83547056825496,40.904848484848486,1.0
config_D_roulette,12,36,99.8989860877592,84.78533784794452,41.02363636363636,1.0
config_D_roulette,12,37,99.8989860877592,84.923555261656,40.202828282828285,1.0
config_D_roulette,12,38,99.8989860877592,85.10911274108284,40.51717171717172,1.0
config_D_roulette,12,39,99.8989860877592,84.72509248669262,40.18828282828283,1.0
config_D_roulette,12,40,99.8989860877592,84.71349104451839,39.57333333333333,1.0
config_D_roulette,12,41,99.8989860877592,85.42574307571455,39.00767676767677,1.0
config_D_roulette,12,42,99.90199812113545,85.70822950857858,39.08,1.0
config_D_roulette,12,43,99.90199812113545,85.44865980863123,38.436565656565655,1.0
config_D_roulette,12,44,99.90578072141071,84.92818003602233,39.304242424242425,1.0
config_D_roulette,12,45,99.90578072141071,85.58823630989875,39.62020202020202,1.0
config_D_roulette,12,46,99.90578072141071,84.36957381428346,39.981818181818184,1.0
config_D_roulette,12,47,99.90578072141071,81.7344425568262,40.76383838383838,1.0
config_D_roulette,12,48,99.90578072141071,80.8043441642772,41.226262626262624,1.0
config_D_roulette,12,49,99.90578072141071,81.47655140256549,41.21919191919192,1.0
config_D_roulette,12,50,99.90578072141071,79.73461725503901,41.3240404040404,1.0
config_D_roulette,13,0,88.31653168601704,65.99456096299791,47.48949494949495,1.0
config_D_roulette,13,1,88.31653168601704,65.99456096299791,47.48949494949495,1.0
config_D_roulette,13,2,93.92572410494844,69.46868369976305,47.00282828282828,1.0
config_D_roulette,13,3,94.72204562129004,69.94639964028138,46.6549494949495,1.0
config_D_roulette,13,4,94.72204562129004,69.99516651888986,46.30060606060606,1.0
config_D_roulette,13,5,95.10705230348155,73.24563357019154,46.14464646464646,1.0
config_D_roulette,13,6,95.10705230348155,73.56886886574837,45.69252525252525,1.0
config_D_roulette,13,7,95.34395114966814,75.35635471571136,45.52969696969697,1.0
config_D_roulette,13,8,95.34395114966814,76.05036298673022,45.218383838383836,1.0
config_D_roulette,13,9,95.34395114966814,78.04327343932161,44.66767676767677,1.0
config_D_roulette,13,10,95.34395114966814,79.14529637782844,44.459191919191916,1.0
config_D_roulette,13,11,95.34395114966814,79.15455653153538,44.70323232323232,1.0
config_D_roulette,13,12,95.5605836898531,79.45402993792354,44.34828282828283,1.0
config_D_roulette,13,13,95.72044225327714,81.50232804997145,44.047474747474745,1.0
config_D_roulette,13,14,95.72044225327714,81.54755394495004,43.64585858585858,1.0
config_D_roulette,13,15,95.72044225327714,79.53197510586071,43.80404040404041,1.0
config_D_roulette,13,16,95.72044225327714,80.00085642585078,43.64909090909091,1.0
config_D_roulette,13,17,95.72044225327714,79.77226741117201,43.486666666666665,1.0
config_D_roulette,13,18,95.72044225327714,79.93464983575412,43.49939393939394,1.0
config_D_roulette,13,19,95.72044225327714,79.69726683391588,43.34808080808081,1.0
config_D_roulette,13,20,96.10011340727111,81.52161370787377,42.85777777777778,1.0
config_D_roulette,13,21,99.87842957242795,81.99319244848856,43.21636363636364,1.0
config_D_roulette,13,22,99.87842957242795,81.90119816911357,43.28787878787879,1.0
config_D_roulette,13,23,99.87842957242795,84.32781888236424,43.155959595959594,1.0
config_D_roulette,13,24,99.87842957242795,83.62413421699316,43.03858585858586,1.0
config_D_roulette,13,25,99.87842957242795,83.20196561875966,42.90020202020202,1.0
config_D_roulette,13,26,99.87842957242795,84.4901219160861,42.77232323232323,1.0
config_D_roulette,13,27,99.87842957242795,83.19985350078032,43.31292929292929,1.0
config_D_roulette,13,28,99.87842957242795,82.90947506753551,42.87252525252525,1.0
config_D_roulette,13,29,99.87842957242795,84.43001402215636,42.06484848484848,1.0
config_D_roulette,13,30,99.87842957242795,84.21509087296417,42.025454545454544,1.0
config_D_roulette,13,31,99.87842957242795,84.69468511259291,41.957979797979796,1.0
config_D_roulette,13,32,99.87842957242795,83.16142434013872,42.21111111111111,1.0
config_D_roulette,13,33,99.87842957242795,84.27270795461592,42.18060606060606,1.0
config_D_roulette,13,34,99.87842957242795,84.16903448918713,42.37171717171717,1.0
config_D_roulette,13,35,99.87842957242795,84.91197689690335,42.311313131313135,1.0
config_D_roulette,13,36,99.87842957242795,85.25846039995402,42.026666666666664,1.0
config_D_roulette,13,37,99.90122755423646,85.6360238528143,41.91838383838384,1.0
config_D_roulette,13,38,99.90122755423646,85.26264769683372,41.80646464646465,1.0
config_D_roulette,13,39,99.90122755423646,83.8686733552168,42.062222222222225,1.0
config_D_roulette,13,40,99.90122755423646,83.31098852455139,42.39454545454546,1.0
config_D_roulette,13,41,99.90122755423646,83.85430733812565,41.6589898989899,1.0
config_D_roulette,13,42,99.90122755423646,83.9400531321109,41.9779797979798,1.0
config_D_roulette,13,43,99.90122755423646,83.29912289148783,42.00080808080808,1.0
config_D_roulette,13,44,99.90122755423646,82.25966663457011,42.39393939393939,1.0
config_D_roulette,13,45,99.90122755423646,83.04547039614958,41.959191919191916,1.0
config_D_roulette,13,46,99.90122755423646,84.96367913035733,41.958585858585856,1.0
config_D_roulette,13,47,99.90122755423646,85.105573559373,41.1650505050505,1.0
config_D_roulette,13,48,99.90122755423646,84.77498798274407,40.71818181818182,1.0
config_D_roulette,13,49,99.90122755423646,84.02690545755686,41.08161616161616,1.0
config_D_roulette,13,50,99.90122755423646,84.7325559510853,40.41252525252525,1.0
config_D_roulette,14,0,92.54426323739929,67.90718565345166,47.52040404040404,1.0
config_D_roulette,14,1,92.54426323739929,67.90718565345166,47.52040404040404,1.0
config_D_roulette,14,2,94.81160841059182,72.0091403863054,47.042626262626264,1.0
config_D_roulette,14,3,95.29420819119575,75.06088917780666,46.44626262626262,1.0
config_D_roulette,14,4,96.07156091043723,76.88090456090629,45.91010101010101,1.0
config_D_roulette,14,5,96.07156091043723,79.07711028754503,45.639191919191916,1.0
config_D_roulette,14,6,96.07156091043723,81.55276894400717,45.41959595959596,1.0
config_D_roulette,14,7,96.07156091043723,81.59131541499872,45.28363636363636,1.0
config_D_roulette,14,8,96.07156091043723,80.5738291851285,45.283434343434344,1.0
config_D_roulette,14,9,99.83181040591586,79.77172027341109,44.93434343434343,1.0
config_D_roulette,14,10,99.83181040591586,79.87587566606194,44.341818181818184,1.0
config_D_roulette,14,11,99.83181040591586,80.23297580145659,44.354949494949494,1.0
config_D_roulette,14,12,99.83181040591586,81.66785609820023,44.35636363636364,1.0
config_D_roulette,14,13,99.83181040591586,81.89913869622752,44.00989898989899,1.0
config_D_roulette,14,14,99.83181040591586,81.69857973901246,43.36242424242424,1.0
config_D_roulette,14,15,99.83181040591586,81.89003908047746,43.666060606060604,1.0
config_D_roulette,14,16,99.85383782082538,82.2426883763569,43.36363636363637,1.0
config_D_roulette,14,17,99.85383782082538,82.30166874733509,43.07090909090909,1.0
config_D_roulette,14,18,99.85383782082538,80.55683281216497,43.12464646464647,1.0
config_D_roulette,14,19,99.85383782082538,81.45253366969604,42.83252525252525,1.0
config_D_roulette,14,20,99.85383782082538,82.02083765803818,42.682020202020205,1.0
config_D_roulette,14,21,99.85383782082538,83.58650393049709,42.267878787878786,1.0
config_D_roulette,14,22,99.85493125794017,83.59526054297241,41.97212121212121,1.0
config_D_roulette,14,23,99.85493125794017,84.18909688126722,42.008686868686866,1.0
config_D_roulette,14,24,99.86344517034573,85.14459008455864,40.98161616161616,1.0
config_D_roulette,14,25,99.86344517034573,86.46116612208024,41.4389898989899,1.0
config_D_roulette,14,26,99.87228195296707,86.75712988208943,40.704646464646466,1.0
config_D_roulette,14,27,99.87228195296707,87.6175519195618,40.55010101010101,1.0
config_D_roulette,14,28,99.87887726911116,87.6925683746602,40.533737373737374,1.0
config_D_roulette,14,29,99.87887726911116,86.54258586239712,40.97818181818182,1.0
config_D_roulette,14,30,99.87887726911116,86.93272834497549,41.13757575757576,1.0
config_D_roulette,14,31,99.87887726911116,85.35570141826372,41.424646464646464,1.0
config_D_roulette,14,32,99.87887726911116,84.22581230107178,40.987878787878785,1.0
config_D_roulette,14,33,99.87887726911116,85.4466783406987,39.994949494949495,1.0
config_D_roulette,14,34,99.87887726911116,84.6538306700953,40.61616161616162,1.0
config_D_roulette,14,35,99.89744495396121,83.51954852903697,40.30161616161616,1.0
config_D_roulette,14,36,99.89744495396121,82.54869893192948,41.226868686868684,1.0
config_D_roulette,14,37,99.89744495396121,81.70697980820565,41.292929292929294,1.0
config_D_roulette,14,38,99.89744495396121,81.63077309308925,40.73676767676768,1.0
config_D_roulette,14,39,99.89744495396121,82.91416995248821,40.797171717171715,1.0
config_D_roulette,14,40,99.89744495396121,84.79351566132746,40.76565656565656,1.0
config_D_roulette,14,41,99.89744495396121,83.75059788208635,41.08040404040404,0.99
config_D_roulette,14,42,99.89744495396121,84.58218860621199,41.20626262626263,1.0
config_D_roulette,14,43,99.89744495396121,83.86575278164065,40.93939393939394,1.0
config_D_roulette,14,44,99.89744495396121,84.68978448322467,41.28,1.0
config_D_roulette,14,45,99.89744495396121,84.61359761333719,41.221414141414144,1.0
config_D_roulette,14,46,99.89744495396121,84.84088080536439,41.25131313131313,1.0
config_D_roulette,14,47,99.89744495396121,84.8346409670151,41.279797979797976,1.0
config_D_roulette,14,48,99.89744495396121,86.36459022594573,41.23676767676768,1.0
config_D_roulette,14,49,99.89744495396121,86.25556252204876,41.568282828282825,1.0
config_D_roulette,14,50,99.89744495396121,87.42228562698925,41.035959595959596,1.0
config_D_roulette,15,0,95.27809961011904,68.80888524875319,47.4969696969697,1.0
config_D_roulette,15,1,95.27809961011904,68.80888524875319,47.4969696969697,1.0
config_D_roulette,15,2,95.64829735736777,70.03095992248441,47.14606060606061,1.0
config_D_roulette,15,3,96.18164476315167,72.63058507223448,46.6410101010101,1.0
config_D_roulette,15,4,96.18164476315167,75.54884732051401,46.4230303030303,1.0
config_D_roulette,15,5,96.18164476315167,77.28298540724552,45.92565656565657,1.0
config_D_roulette,15,6,96.18164476315167,79.98972037022793,45.60242424242424,1.0
config_D_roulette,15,7,96.18164476315167,81.35335060541097,45.160606060606064,1.0
config_D_roulette,15,8,96.27526010394621,81.78988160507826,44.76323232323232,1.0
config_D_roulette,15,9,99.8303395063376,82.80173741066885,44.37111111111111,1.0
config_D_roulette,15,10,99.8303395063376,81.68909450877032,44.618383838383835,1.0
config_D_roulette,15,11,99.89712208374542,80.94500402656342,44.398383838383836,1.0
config_D_roulette,15,12,99.89712208374542,80.68740312069107,44.21272727272727,1.0
config_D_roulette,15,13,99.90045698733746,81.51177620930994,44.012727272727275,1.0
config_D_roulette,15,14,99.90045698733746,82.60466122932246,43.366262626262625,1.0
config_D_roulette,15,15,99.90045698733746,83.8626815952032,42.99717171717172,1.0
config_D_roulette,15,16,99.90045698733746,81.80346987132594,42.96181818181818,1.0
config_D_roulette,15,17,99.90045698733746,82.90835824462805,42.94626262626262,1.0
config_D_roulette,15,18,99.90045698733746,82.29633569251527,42.81474747474748,1.0
config_D_roulette,15,19,99.90045698733746,81.15896996316023,43.295959595959594,1.0
config_D_roulette,15,20,99.90045698733746,82.76140325073135,43.21454545454545,1.0
config_D_roulette,15,21,99.90045698733746,83.0015115752897,42.59656565656566,1.0
config_D_roulette,15,22,99.90045698733746,83.48969003963785,42.040808080808084,1.0
config_D_roulette,15,23,99.90045698733746,84.04929369547703,42.324444444444445,0.99
config_D_roulette,15,24,99.90045698733746,82.95419504043561,42.06545454545454,1.0
config_D_roulette,15,25,99.90628173658256,84.24174359512149,41.279797979797976,1.0
config_D_roulette,15,26,99.90628173658256,83.84430202553796,41.09535353535354,1.0
config_D_roulette,15,27,99.90628173658256,85.2975480417041,41.128484848484845,1.0
config_D_roulette,15,28,99.91210648582764,85.7025395001745,41.42181818181818,1.0
config_D_roulette,15,29,99.91210648582764,85.12448871781622,41.628484848484845,1.0
config_D_roulette,15,30,99.91210648582764,84.57286270807415,41.79919191919192,1.0
config_D_roulette,15,31,99.91210648582764,83.7269029016864,42.064040404040405,1.0
config_D_roulette,15,32,99.91210648582764,83.38707789265023,42.355555555555554,1.0
config_D_roulette,15,33,99.91210648582764,84.10479123314683,41.84626262626263,1.0
config_D_roulette,15,34,99.91210648582764,83.98829766967383,41.75111111111111,1.0
config_D_roulette,15,35,99.91210648582764,82.88108347836675,41.74181818181818,1.0
config_D_roulette,15,36,99.91210648582764,83.29080481590627,41.623030303030305,1.0
config_D_roulette,15,37,99.91210648582764,83.25829882241722,40.9159595959596,1.0
config_D_roulette,15,38,99.91210648582764,82.93550925570734,41.42444444444445,1.0
config_D_roulette,15,39,99.91210648582764,82.48831138329194,41.37353535353535,1.0
config_D_roulette,15,40,99.91210648582764,81.93888718907161,41.758383838383835,1.0
config_D_roulette,15,41,99.91210648582764,82.30046871313833,41.163030303030304,1.0
config_D_roulette,15,42,99.91210648582764,82.7802064462845,41.17636363636364,1.0
config_D_roulette,15,43,99.91210648582764,83.69198817194574,41.10626262626263,1.0
config_D_roulette,15,44,99.91210648582764,83.50415636500811,41.24424242424242,1.0
config_D_roulette,15,45,99.91210648582764,82.46492650975507,41.35010101010101,1.0
config_D_roulette,15,46,99.91210648582764,82.99697462969306,41.20020202020202,1.0
config_D_roulette,15,47,99.91210648582764,84.342029717097,40.76808080808081,1.0
config_D_roulette,15,48,99.91210648582764,85.08333665438533,40.08181818181818,1.0
config_D_roulette,15,49,99.91210648582764,84.98592127852858,40.15030303030303,1.0
config_D_roulette,15,50,99.91210648582764,84.98438271290155,40.284444444444446,1.0
config_D_roulette,16,0,93.41450427110753,67.4965530238035,47.506868686868685,1.0
config_D_roulette,16,1,93.41450427110753,67.4965530238035,47.506868686868685,1.0
config_D_roulette,16,2,94.05772923974868,68.992782771656,47.05595959595959,1.0
config_D_roulette,16,3,94.52240393541672,69.7580477189711,46.444242424242425,1.0
config_D_roulette,16,4,95.44159792460682,71.35615617237471,46.167272727272724,1.0
config_D_roulette,16,5,95.44159792460682,75.29854420798178,45.69777777777778,1.0
config_D_roulette,16,6,95.49654374226074,75.4541998238017,45.25515151515152,1.0
config_D_roulette,16,7,95.69754907057805,75.22737103138792,44.60727272727273,1.0
config_D_roulette,16,8,95.80376804056151,75.01590841743457,44.36868686868687,1.0
config_D_roulette,16,9,99.82560819420729,76.55744454858399,44.38181818181818,1.0
config_D_roulette,16,10,99.82560819420729,77.29855600287131,43.925252525252525,1.0
config_D_roulette,16,11,99.82560819420729,78.48576279853046,43.997979797979795,1.0
config_D_roulette,16,12,99.82560819420729,79.61815624665172,44.13636363636363,1.0
config_D_roulette,16,13,99.85179567185554,80.16655745572224,43.89131313131313,1.0
config_D_roulette,16,14,99.85647239173815,82.52630813552815,43.27454545454545,1.0
config_D_roulette,16,15,99.89540280499138,82.60351238911902,42.85212121212121,1.0
config_D_roulette,16,16,99.89540280499138,81.77413032727348,42.69676767676768,1.0
config_D_roulette,16,17,99.89540280499138,82.1361024492222,42.53838383838384,1.0
config_D_roulette,16,18,99.89540280499138,82.0304623132386,42.55434343434344,1.0
config_D_roulette,16,19,99.89540280499138,81.07701623548937,42.42909090909091,1.0
config_D_roulette,16,20,99.89540280499138,83.4463738942177,42.36666666666667,1.0
config_D_roulette,16,21,99.89540280499138,84.05166691452287,41.92,1.0
config_D_roulette,16,22,99.89540280499138,84.39882584264166,41.921010101010104,1.0
config_D_roulette,16,23,99.89540280499138,84.7917491784511,42.41434343434344,1.0
config_D_roulette,16,24,99.89540280499138,84.99436503353205,42.18242424242424,1.0
config_D_roulette,16,25,99.89540280499138,85.41354452383104,41.55252525252525,1.0
config_D_roulette,16,26,99.89540280499138,85.8993914564147,41.111111111111114,1.0
config_D_roulette,16,27,99.89540280499138,85.9573725718165,40.95010101010101,1.0
config_D_roulette,16,28,99.89540280499138,84.23284684498196,41.15616161616162,1.0
config_D_roulette,16,29,99.89540280499138,83.4154188519699,41.35818181818182,1.0
config_D_roulette,16,30,99.89540280499138,82.35023914896398,41.334545454545456,1.0
config_D_roulette,16,31,99.89540280499138,82.54799318003668,41.11858585858586,1.0
config_D_roulette,16,32,99.89540280499138,82.97450150880017,41.335757575757576,0.99
config_D_roulette,16,33,99.89540280499138,82.88297701224317,41.67212121212121,1.0
config_D_roulette,16,34,99.89540280499138,83.7387929901761,40.92242424242424,1.0
config_D_roulette,16,35,99.89540280499138,83.77621706549776,41.16767676767677,1.0
config_D_roulette,16,36,99.89540280499138,84.68990942743632,41.04707070707071,1.0
config_D_roulette,16,37,99.89540280499138,84.38846492111304,41.64828282828283,1.0
config_D_roulette,16,38,99.89540280499138,83.1549562946017,41.68707070707071,1.0
config_D_roulette,16,39,99.89540280499138,82.65018307929827,41.75959595959596,1.0
config_D_roulette,16,40,99.89540280499138,81.73290330049593,41.88323232323232,1.0
config_D_roulette,16,41,99.89540280499138,81.68300079687069,41.95515151515151,1.0
config_D_roulette,16,42,99.89540280499138,81.03441276483667,41.74989898989899,1.0
config_D_roulette,16,43,99.89540280499138,81.58444866295724,41.008080808080805,1.0
config_D_roulette,16,44,99.89540280499138,81.9959885956478,40.8020202020202,1.0
config_D_roulette,16,45,99.89540280499138,82.13599971423821,41.12262626262626,1.0
config_D_roulette,16,46,99.89540280499138,83.66099437258735,40.95131313131313,1.0
config_D_roulette,16,47,99.89540280499138,84.72776082539998,41.095151515151514,1.0
config_D_roulette,16,48,99.89540280499138,84.57097737379904,41.37595959595959,0.99
config_D_roulette,16,49,99.89540280499138,83.74953689873922,41.084242424242426,0.99
config_D_roulette,16,50,99.89540280499138,84.3637208830848,41.11858585858586,0.99
config_D_roulette,17,0,94.68637987740914,64.04239083867742,47.49292929292929,1.0
config_D_roulette,17,1,94.68637987740914,64.04239083867742,47.49292929292929,1.0
config_D_roulette,17,2,94.68637987740914,66.92334899453658,47.08868686868687,1.0
config_D_roulette,17,3,94.68637987740914,69.73578042604267,46.5389898989899,1.0
config_D_roulette,17,4,94.68637987740914,73.07707473965769,46.16989898989899,1.0
config_D_roulette,17,5,95.44554687571383,74.22437083094388,45.98767676767677,1.0
config_D_roulette,17,6,99.7672692949853,76.82043028345562,45.65939393939394,1.0
config_D_roulette,17,7,99.7672692949853,76.62121815348478,45.28848484848485,1.0
config_D_roulette,17,8,99.7951214591399,78.08884019406281,45.16909090909091,1.0
config_D_roulette,17,9,99.7951214591399,79.08887848930677,44.81636363636363,1.0
config_D_roulette,17,10,99.7951214591399,79.6825715399389,44.56989898989899,1.0
config_D_roulette,17,11,99.80203964549978,79.77271761102851,44.466464646464644,1.0
config_D_roulette,17,12,99.80203964549978,79.28555301976125,43.92888888888889,1.0
config_D_roulette,17,13,99.80203964549978,79.80751192074823,43.32848484848485,1.0
config_D_roulette,17,14,99.82862022758356,81.97121020225285,42.362626262626264,0.99
config_D_roulette,17,15,99.82862022758356,82.13950434788741,41.25979797979798,1.0
config_D_roulette,17,16,99.82862022758356,81.8715788278423,41.096161616161616,1.0
config_D_roulette,17,17,99.85473194043273,83.5150736278854,41.57939393939394,1.0
config_D_roulette,17,18,99.85473194043273,84.69827134404035,41.91414141414141,1.0
config_D_roulette,17,19,99.85473194043273,83.4907297067329,42.01838383838384,1.0
config_D_roulette,17,20,99.85473194043273,83.50569984347594,41.54020202020202,1.0
config_D_roulette,17,21,99.85473194043273,84.88338139721208,41.50484848484849,1.0
config_D_roulette,17,22,99.8566505366942,84.36753219536409,41.552727272727275,1.0
config_D_roulette,17,23,99.86658075643034,84.96022790627916,41.731515151515154,1.0
config_D_roulette,17,24,99.90122755423646,83.76266002445857,41.808484848484845,1.0
config_D_roulette,17,25,99.90122755423646,83.82945473539894,41.19555555555556,1.0
config_D_roulette,17,26,99.90122755423646,83.7896711984276,41.092525252525256,1.0
config_D_roulette,17,27,99.90122755423646,85.37111033781026,41.05474747474747,1.0
config_D_roulette,17,28,99.90122755423646,86.7683563771945,40.337575757575756,1.0
config_D_roulette,17,29,99.90122755423646,86.37463685201742,40.3610101010101,1.0
config_D_roulette,17,30,99.90122755423646,85.93443481066242,40.35171717171717,1.0
config_D_roulette,17,31,99.90122755423646,85.21604698647428,40.49717171717172,1.0
config_D_roulette,17,32,99.90122755423646,85.70320482537164,40.03212121212121,1.0
config_D_roulette,17,33,99.90122755423646,85.68109786364444,39.65878787878788,1.0
config_D_roulette,17,34,99.90122755423646,84.56070959100623,39.96121212121212,1.0
config_D_roulette,17,35,99.90122755423646,85.03115376954976,39.87313131313131,1.0
config_D_roulette,17,36,99.90122755423646,85.94278358518939,39.670707070707074,1.0
config_D_roulette,17,37,99.90122755423646,85.61483099394178,40.00525252525252,1.0
config_D_roulette,17,38,99.91364761962564,83.35686750942824,41.00242424242424,1.0
config_D_roulette,17,39,99.91364761962564,85.12933163442385,40.85818181818182,1.0
config_D_roulette,17,40,99.91364761962564,83.43149005507873,40.709494949494946,1.0
config_D_roulette,17,41,99.91364761962564,83.38769484360067,40.03393939393939,1.0
config_D_roulette,17,42,99.91364761962564,82.29374396296932,39.382828282828285,1.0
config_D_roulette,17,43,99.91364761962564,84.1422527085636,39.941818181818185,1.0
config_D_roulette,17,44,99.91364761962564,84.57230682644335,40.10727272727273,1.0
config_D_roulette,17,45,99.91364761962564,82.42449104778736,40.227474747474744,1.0
config_D_roulette,17,46,99.91364761962564,81.3300621256449,40.20444444444445,1.0
config_D_roulette,17,47,99.91364761962564,81.83717525703786,40.98808080808081,1.0
config_D_roulette,17,48,99.91364761962564,81.40818081109973,40.34161616161616,1.0
config_D_roulette,17,49,99.91364761962564,83.0325363531503,40.46242424242424,1.0
config_D_roulette,17,50,99.91364761962564,84.92467759838742,40.39030303030303,1.0
config_D_roulette,18,0,94.31737360343863,67.43163787195168,47.54222222222222,1.0
config_D_roulette,18,1,94.31737360343863,67.43163787195168,47.54222222222222,1.0
config_D_roulette,18,2,94.31737360343863,70.89874944245416,47.06060606060606,1.0
config_D_roulette,18,3,95.42372945613319,73.82318779031364,46.73232323232323,1.0
config_D_roulette,18,4,95.73781532433158,76.10240486061488,46.39333333333333,1.0
config_D_roulette,18,5,99.77918834520264,79.21400400472295,46.08222222222222,1.0
config_D_roulette,18,6,99.77918834520264,78.55137977757508,45.69555555555556,1.0
config_D_roulette,18,7,99.77918834520264,78.85330912004589,45.32484848484849,1.0
config_D_roulette,18,8,99.77918834520264,78.45482078022027,45.22161616161616,1.0
config_D_roulette,18,9,99.77918834520264,78.74449063475727,44.67232323232323,1.0
config_D_roulette,18,10,99.77918834520264,77.81742127036006,44.65191919191919,1.0
config_D_roulette,18,11,99.77918834520264,80.35803735929824,43.60929292929293,1.0
config_D_roulette,18,12,99.77918834520264,81.49938064924012,42.70040404040404,1.0
config_D_roulette,18,13,99.80358077929777,82.35043599480423,42.43878787878788,1.0
config_D_roulette,18,14,99.80358077929777,82.30365325814786,42.47010101010101,1.0
config_D_roulette,18,15,99.83444497682864,82.35546007260487,42.205252525252526,1.0
config_D_roulette,18,16,99.83444497682864,81.07152590154297,42.79858585858586,1.0
config_D_roulette,18,17,99.87997070622595,80.64127116292903,42.63979797979798,1.0
config_D_roulette,18,18,99.87997070622595,81.9070202174686,43.03151515151515,0.99
config_D_roulette,18,19,99.87997070622595,80.98538982250653,42.81575757575757,1.0
config_D_roulette,18,20,99.87997070622595,80.53736324390069,42.62080808080808,1.0
config_D_roulette,18,21,99.87997070622595,81.58224842546826,42.38626262626263,1.0
config_D_roulette,18,22,99.87997070622595,81.77053844938699,41.82060606060606,1.0
config_D_roulette,18,23,99.87997070622595,80.45299244803779,41.89676767676767,1.0
config_D_roulette,18,24,99.87997070622595,80.14552221579562,41.61070707070707,0.99
config_D_roulette,18,25,99.87997070622595,79.75990926074795,42.19616161616162,1.0
config_D_roulette,18,26,99.87997070622595,80.31936602726007,42.225656565656564,1.0
config_D_roulette,18,27,99.87997070622595,81.6373140445464,41.77939393939394,1.0
config_D_roulette,18,28,99.87997070622595,80.27928640759684,42.65050505050505,1.0
config_D_roulette,18,29,99.87997070622595,80.37857214510441,42.20121212121212,1.0
config_D_roulette,18,30,99.87997070622595,79.60075752001462,42.31717171717172,1.0
config_D_roulette,18,31,99.87997070622595,79.48496686030037,42.73959595959596,1.0
config_D_roulette,18,32,99.87997070622595,80.37780598296186,42.67050505050505,1.0
config_D_roulette,18,33,99.90346902071371,82.25785652098098,42.53212121212121,1.0
config_D_roulette,18,34,99.90346902071371,83.01414058586835,42.06949494949495,1.0
config_D_roulette,18,35,99.90346902071371,84.1023420200315,41.58080808080808,1.0
config_D_roulette,18,36,99.90346902071371,85.07555057339908,41.31232323232323,1.0
config_D_roulette,18,37,99.90346902071371,84.66070361920818,41.245252525252525,1.0
config_D_roulette,18,38,99.90346902071371,85.65554104074523,41.42545454545454,1.0
config_D_roulette,18,39,99.90346902071371,83.94691126469023,42.0840404040404,1.0
config_D_roulette,18,40,99.92248440224698,83.58987863006504,41.93373737373737,1.0
config_D_roulette,18,41,99.92248440224698,83.59093386009367,42.085454545454546,1.0
config_D_roulette,18,42,99.92248440224698,82.81502254015233,42.052121212121214,1.0
config_D_roulette,18,43,99.92248440224698,82.51788992898602,42.33919191919192,1.0
config_D_roulette,18,44,99.92248440224698,84.08741509900678,42.70747474747475,1.0
config_D_roulette,18,45,99.92248440224698,84.18745094323282,42.839393939393936,1.0
config_D_roulette,18,46,99.92248440224698,84.4071584798271,42.67575757575757,1.0
config_D_roulette,18,47,99.92248440224698,83.05000541180007,42.76767676767677,0.99
config_D_roulette,18,48,99.92248440224698,84.62186839613005,42.534747474747476,1.0
config_D_roulette,18,49,99.92248440224698,84.68866680981507,42.14020202020202,1.0
config_D_roulette,18,50,99.92248440224698,84.96516082722857,41.04121212121212,0.99
config_D_roulette,19,0,94.58074127312494,66.97716512638485,47.528888888888886,1.0
config_D_roulette,19,1,94.58074127312494,66.97716512638485,47.528888888888886,1.0
config_D_roulette,19,2,94.58074127312494,68.2403868846979,47.03212121212121,1.0
config_D_roulette,19,3,94.58074127312494,70.66165166907933,46.55959595959596,1.0
config_D_roulette,19,4,94.58074127312494,71.40637212654019,46.31151515151515,1.0
config_D_roulette,19,5,94.59076355323423,75.23916337993381,45.93616161616161,1.0
config_D_roulette,19,6,95.93991408976368,76.29786561985752,45.663636363636364,0.99
config_D_roulette,19,7,95.93991408976368,77.79441321306236,45.45979797979798,1.0
config_D_roulette,19,8,99.85460838772437,79.68025662996394,45.15555555555556,0.99
config_D_roulette,19,9,99.85460838772437,79.85522573732504,44.90282828282828,1.0
config_D_roulette,19,10,99.85460838772437,79.37032049753293,44.67171717171717,1.0
config_D_roulette,19,11,99.85460838772437,79.26844282934688,44.14606060606061,1.0
config_D_roulette,19,12,99.85460838772437,80.90418258327368,44.06141414141414,0.99
config_D_roulette,19,13,99.85460838772437,82.10894304719659,43.375757575757575,0.99
config_D_roulette,19,14,99.86722777062097,80.22998918548515,43.48525252525253,0.99
config_D_roulette,19,15,99.86722777062097,79.94131408900786,43.394141414141416,1.0
config_D_roulette,19,16,99.86722777062097,84.29202580580672,42.81878787878788,1.0
config_D_roulette,19,17,99.86722777062097,84.31122688187095,42.506262626262625,1.0
config_D_roulette,19,18,99.86722777062097,85.46336418564987,42.51777777777778,1.0
config_D_roulette,19,19,99.86722777062097,85.76287803921119,42.49171717171717,1.0
config_D_roulette,19,20,99.87414595698085,85.72968775309931,42.65131313131313,1.0
config_D_roulette,19,21,99.87414595698085,86.50785476747151,42.94323232323232,1.0
config_D_roulette,19,22,99.87414595698085,85.99135551386618,42.94020202020202,1.0
config_D_roulette,19,23,99.87414595698085,86.98240577556244,42.75737373737374,0.99
config_D_roulette,19,24,99.87414595698085,87.21143615650313,42.2789898989899,0.99
config_D_roulette,19,25,99.88502488857203,86.59228261370534,42.38686868686869,0.99
config_D_roulette,19,26,99.88502488857203,85.46256941581242,42.494949494949495,1.0
config_D_roulette,19,27,99.88502488857203,85.31211281459674,42.086666666666666,1.0
config_D_roulette,19,28,99.88502488857203,86.80739530812733,41.93151515151515,1.0
config_D_roulette,19,29,99.88502488857203,85.72510521680903,41.37313131313131,0.99
config_D_roulette,19,30,99.88937873823886,85.45280698664077,41.16868686868687,0.99
config_D_roulette,19,31,99.88937873823886,86.63271166605753,41.32181818181818,1.0
config_D_roulette,19,32,99.88937873823886,86.74591919468348,41.52242424242424,1.0
config_D_roulette,19,33,99.88937873823886,86.67878245407101,41.994949494949495,1.0
config_D_roulette,19,34,99.88937873823886,85.91136495579565,41.98969696969697,1.0
config_D_roulette,19,35,99.88937873823886,82.84068211520452,41.85151515151515,1.0
config_D_roulette,19,36,99.88937873823886,81.09244438264201,42.058181818181815,1.0
config_D_roulette,19,37,99.88937873823886,81.84509262177568,42.11575757575758,1.0
config_D_roulette,19,38,99.88937873823886,83.20195742952988,41.77131313131313,1.0
config_D_roulette,19,39,99.88937873823886,82.34244332951657,41.693333333333335,1.0
config_D_roulette,19,40,99.88937873823886,83.880140365565,41.20242424242424,1.0
config_D_roulette,19,41,99.88937873823886,84.63372566985589,40.8979797979798,1.0
config_D_roulette,19,42,99.88937873823886,84.46190951257455,40.833333333333336,1.0
config_D_roulette,19,43,99.88937873823886,85.38247766495975,40.37434343434344,1.0
config_D_roulette,19,44,99.88937873823886,84.36906118846301,40.51050505050505,1.0
config_D_roulette,19,45,99.89507993477558,84.92980124192685,40.70383838383838,1.0
config_D_roulette,19,46,99.89507993477558,84.12659408873749,41.14949494949495,1.0
config_D_roulette,19,47,99.89507993477558,84.06635031518121,40.91858585858586,1.0
config_D_roulette,19,48,99.89507993477558,82.17815775825264,41.37050505050505,1.0
config_D_roulette,19,49,99.89507993477558,82.66703892543975,41.61878787878788,0.99
config_D_roulette,19,50,99.89507993477558,83.28420341987436,41.50545454545455,1.0
config_D_roulette,20,0,92.09750157042347,67.1380103470295,47.52969696969697,1.0
config_D_roulette,20,1,92.09750157042347,67.1380103470295,47.52969696969697,1.0
config_D_roulette,20,2,92.90559011160862,67.89920340227931,47.27939393939394,1.0
config_D_roulette,20,3,95.18733658926902,72.25440670781471,46.59010101010101,1.0
config_D_roulette,20,4,95.18733658926902,74.68537662766829,46.082424242424246,1.0
config_D_roulette,20,5,95.21274640792517,76.4026978448843,45.79676767676768,1.0
config_D_roulette,20,6,96.23337539008185,78.00515222332369,45.34929292929293,1.0
config_D_roulette,20,7,96.23337539008185,76.6625538932497,45.28040404040404,1.0
config_D_roulette,20,8,96.23337539008185,76.39405520817553,45.04666666666667,1.0
config_D_roulette,20,9,96.23337539008185,78.3702875631364,44.80343434343435,0.97
config_D_roulette,20,10,96.23337539008185,79.42579960161585,44.964040404040404,0.99
config_D_roulette,20,11,96.23337539008185,80.79807825681819,44.49757575757576,0.99
config_D_roulette,20,12,96.23337539008185,82.22515277174121,43.82343434343434,0.98
config_D_roulette,20,13,96.35241756191913,79.37381947330896,44.25494949494949,0.99
config_D_roulette,20,14,96.35241756191913,80.68447009619437,44.01191919191919,1.0
config_D_roulette,20,15,99.80736337957303,82.41884816589425,43.95838383838384,1.0
config_D_roulette,20,16,99.82202491143947,83.39041767049568,43.856161616161614,1.0
config_D_roulette,20,17,99.82202491143947,82.779577203066,43.56929292929293,1.0
config_D_roulette,20,18,99.83086169406081,82.28521192991656,43.34080808080808,1.0
config_D_roulette,20,19,99.83086169406081,82.21622328104468,43.45010101010101,1.0
config_D_roulette,20,20,99.83086169406081,82.7628191510531,43.17979797979798,1.0
config_D_roulette,20,21,99.83086169406081,82.71747457740577,42.89393939393939,1.0
config_D_roulette,20,22,99.83086169406081,81.998355712719,42.75191919191919,1.0
config_D_roulette,20,23,99.83367440992964,84.60466788079607,42.24424242424242,1.0
config_D_roulette,20,24,99.83367440992964,85.33768982337514,41.981818181818184,1.0
config_D_roulette,20,25,99.83367440992964,83.3853444390858,42.45272727272727,1.0
config_D_roulette,20,26,99.83367440992964,84.04042722989504,42.55959595959596,1.0
config_D_roulette,20,27,99.83367440992964,85.10539123805826,42.02848484848485,1.0
config_D_roulette,20,28,99.86075600718524,84.96692233961925,41.45151515151515,1.0
config_D_roulette,20,29,99.87997070622595,86.04744444101239,41.23979797979798,1.0
config_D_roulette,20,30,99.87997070622595,86.48399616473705,41.254141414141415,1.0
config_D_roulette,20,31,99.87997070622595,86.21235342410772,41.26888888888889,1.0
config_D_roulette,20,32,99.87997070622595,87.44041878505465,40.98222222222222,1.0
config_D_roulette,20,33,99.87997070622595,87.25107767982644,41.20060606060606,1.0
config_D_roulette,20,34,99.8982155208602,87.56192142686105,41.43010101010101,1.0
config_D_roulette,20,35,99.8982155208602,88.07619496411512,42.01252525252525,1.0
config_D_roulette,20,36,99.8982155208602,86.80486429935395,42.22969696969697,1.0
config_D_roulette,20,37,99.8982155208602,86.38338729875284,42.06424242424242,1.0
config_D_roulette,20,38,99.8982155208602,85.81642646443592,42.38949494949495,1.0
config_D_roulette,20,39,99.8982155208602,86.80682485673799,42.17717171717172,1.0
config_D_roulette,20,40,99.8982155208602,86.55062611495114,42.27050505050505,1.0
config_D_roulette,20,41,99.8982155208602,84.75916632170373,42.45717171717172,1.0
config_D_roulette,20,42,99.8982155208602,84.86563465668814,42.5620202020202,1.0
config_D_roulette,20,43,99.8982155208602,84.22591903620824,42.05737373737374,1.0
config_D_roulette,20,44,99.8982155208602,84.47186089238468,41.3820202020202,1.0
config_D_roulette,20,45,99.8982155208602,85.41597408820148,41.32969696969697,1.0
config_D_roulette,20,46,99.8982155208602,85.01636452780355,41.25757575757576,1.0
config_D_roulette,20,47,99.8982155208602,85.48705574658476,41.078989898989896,1.0
config_D_roulette,20,48,99.8982155208602,85.77756420123974,41.275151515151514,1.0
config_D_roulette,20,49,99.8982155208602,85.82783971047412,41.29454545454546,1.0
config_D_roulette,20,50,99.8982155208602,85.32578934136369,40.95979797979798,1.0
config_D_roulette,21,0,95.21617337189036,67.91306775238871,47.491919191919195,1.0
config_D_roulette,21,1,95.21617337189036,67.91306775238871,47.491919191919195,1.0
config_D_roulette,21,2,95.21617337189036,71.41023172550612,46.97434343434343,1.0
config_D_roulette,21,3,95.75239077161511,72.01477957027568,46.61333333333334,1.0
config_D_roulette,21,4,95.75239077161511,73.28616711112332,46.01595959595959,0.99
config_D_roulette,21,5,99.76689183252182,71.95697731695162,45.64060606060606,1.0
config_D_roulette,21,6,99.77194601486792,74.7388220826813,45.197575757575756,1.0
config_D_roulette,21,7,99.79870474190773,76.96081670817503,44.84121212121212,1.0
config_D_roulette,21,8,99.79870474190773,78.15235969039948,44.607676767676764,1.0
config_D_roulette,21,9,99.79870474190773,79.64960504698799,44.65212121212121,0.99
config_D_roulette,21,10,99.79870474190773,80.52629656821541,44.21818181818182,0.99
config_D_roulette,21,11,99.86075600718524,81.56274386943434,43.913333333333334,1.0
config_D_roulette,21,12,99.86075600718524,81.31340366153646,43.456161616161616,1.0
config_D_roulette,21,13,99.86075600718524,82.57488628089149,43.3420202020202,1.0
config_D_roulette,21,14,99.86075600718524,82.18003476893,42.99393939393939,1.0
config_D_roulette,21,15,99.87695867284968,82.77607555131647,42.69232323232323,1.0
config_D_roulette,21,16,99.88355398899377,84.96296750296764,41.725656565656564,1.0
config_D_roulette,21,17,99.88355398899377,84.6065934903636,41.3979797979798,1.0
config_D_roulette,21,18,99.88355398899377,84.21618847587986,40.95151515151515,1.0
config_D_roulette,21,19,99.88355398899377,83.32690812857716,40.41191919191919,1.0
config_D_roulette,21,20,99.88355398899377,83.88991738256304,39.82666666666667,1.0
config_D_roulette,21,21,99.88355398899377,83.63755008853371,39.00949494949495,1.0
config_D_roulette,21,22,99.88355398899377,84.39148635752471,38.427676767676765,0.99
config_D_roulette,21,23,99.88355398899377,83.74492886395299,38.653535353535354,0.99
config_D_roulette,21,24,99.88355398899377,84.6636764831241,37.97757575757576,0.99
config_D_roulette,21,25,99.88355398899377,84.52999772305479,38.38868686868687,0.99
config_D_roulette,21,26,99.88355398899377,84.56722709412901,38.49939393939394,0.99
config_D_roulette,21,27,99.88355398899377,84.01362343538688,38.41050505050505,0.99
config_D_roulette,21,28,99.88355398899377,85.32033684241158,38.99070707070707,0.99
config_D_roulette,21,29,99.88355398899377,84.91489999736795,39.57515151515152,0.98
config_D_roulette,21,30,99.88355398899377,84.84950063258538,39.67232323232323,0.99
config_D_roulette,21,31,99.88355398899377,84.62216011590874,39.69474747474747,0.99
config_D_roulette,21,32,99.88355398899377,83.78168214793584,39.938383838383835,1.0
config_D_roulette,21,33,99.88355398899377,84.83547435639686,39.906262626262624,1.0
config_D_roulette,21,34,99.89111918954427,84.83654574230961,39.883434343434345,1.0
config_D_roulette,21,35,99.89111918954427,83.05266033106143,40.06505050505051,1.0
config_D_roulette,21,36,99.89111918954427,82.63853210338085,39.9339393939394,0.99
config_D_roulette,21,37,99.89111918954427,82.63302032421171,40.07818181818182,1.0
config_D_roulette,21,38,99.89111918954427,82.27247386617492,40.15616161616162,1.0
config_D_roulette,21,39,99.89585050167457,82.45983187880687,39.952525252525255,1.0
config_D_roulette,21,40,99.89585050167457,81.70423418645842,40.56505050505051,1.0
config_D_roulette,21,41,99.89585050167457,81.8497801391398,40.825656565656566,1.0
config_D_roulette,21,42,99.89585050167457,81.1950659488982,41.2830303030303,1.0
config_D_roulette,21,43,99.89585050167457,81.52183907736385,41.40585858585859,1.0
config_D_roulette,21,44,99.89585050167457,83.00771354054295,40.5850505050505,0.99
config_D_roulette,21,45,99.89585050167457,83.42332642133059,40.06484848484848,0.99
config_D_roulette,21,46,99.89585050167457,83.86627715367587,40.46787878787879,0.99
config_D_roulette,21,47,99.89585050167457,83.47790764155584,40.40181818181818,0.99
config_D_roulette,21,48,99.89585050167457,84.82226966846385,40.03171717171717,0.99
config_D_roulette,21,49,99.89585050167457,85.0235680019738,40.055151515151515,0.99
config_D_roulette,21,50,99.89585050167457,85.53149212588403,39.27050505050505,0.99
config_D_roulette,22,0,91.46482557106461,68.63376084051079,47.52020202020202,1.0
config_D_roulette,22,1,91.46482557106461,68.63376084051079,47.52020202020202,1.0
config_D_roulette,22,2,95.1708349037568,68.82436041678147,47.14484848484849,1.0
config_D_roulette,22,3,95.1708349037568,71.73719068600653,46.7539393939394,1.0
config_D_roulette,22,4,95.1708349037568,74.1904145846804,46.47313131313131,1.0
config_D_roulette,22,5,95.1708349037568,75.08667944520256,46.06868686868687,1.0
config_D_roulette,22,6,95.1708349037568,76.45523745905538,45.56808080808081,1.0
config_D_roulette,22,7,99.83725769269746,77.31788190783134,45.0769696969697,0.99
config_D_roulette,22,8,99.83725769269746,78.881476946576,44.82080808080808,1.0
config_D_roulette,22,9,99.83725769269746,81.04747130241252,44.50848484848485,1.0
config_D_roulette,22,10,99.83725769269746,80.60309954461906,44.25818181818182,1.0
config_D_roulette,22,11,99.83725769269746,79.36727422652278,44.10868686868687,1.0
config_D_roulette,22,12,99.83725769269746,78.80961364963181,43.76949494949495,1.0
config_D_roulette,22,13,99.84231187504356,81.41591392426875,43.69656565656565,1.0
config_D_roulette,22,14,99.84231187504356,82.63581340759882,43.62626262626262,1.0
config_D_roulette,22,15,99.84231187504356,82.4574151420376,43.62464646464647,1.0
config_D_roulette,22,16,99.84231187504356,82.41005008044509,43.40929292929293,1.0
config_D_roulette,22,17,99.84231187504356,81.68505760708943,43.3450505050505,1.0
config_D_roulette,22,18,99.84231187504356,81.17682215211354,43.27535353535354,0.99
config_D_roulette,22,19,99.84231187504356,82.33856090963076,43.046262626262624,1.0
config_D_roulette,22,20,99.84231187504356,82.93448927411657,42.845858585858586,1.0
config_D_roulette,22,21,99.84231187504356,83.29616226870208,42.78747474747475,1.0
config_D_roulette,22,22,99.84231187504356,82.79841334965757,42.973535353535354,1.0
config_D_roulette,22,23,99.86043313696946,84.47579849113538,42.64080808080808,1.0
config_D_roulette,22,24,99.87663580263388,84.22937185327527,41.93333333333333,1.0
config_D_roulette,22,25,99.87663580263388,82.84072880116672,41.9010101010101,1.0
config_D_roulette,22,26,99.87663580263388,85.37977019545468,40.96666666666667,1.0
config_D_roulette,22,27,99.87663580263388,86.03811915049565,41.058181818181815,1.0
config_D_roulette,22,28,99.88355398899377,85.75143539443356,40.98404040404041,1.0
config_D_roulette,22,29,99.88355398899377,85.87947170726277,40.82767676767677,1.0
config_D_roulette,22,30,99.88355398899377,86.17015980652745,40.57393939393939,1.0
config_D_roulette,22,31,99.8931613385141,85.98709638964279,40.65939393939394,0.99
config_D_roulette,22,32,99.8931613385141,85.69855997724635,41.00363636363636,1.0
config_D_roulette,22,33,99.8931613385141,85.34937966780275,41.03979797979798,1.0
config_D_roulette,22,34,99.8931613385141,85.57186812858312,40.82060606060606,1.0
config_D_roulette,22,35,99.8931613385141,84.25554584255616,41.67818181818182,1.0
config_D_roulette,22,36,99.90090468402067,84.94961599454355,42.238181818181815,1.0
config_D_roulette,22,37,99.90090468402067,83.78143789961054,42.70080808080808,1.0
config_D_roulette,22,38,99.90090468402067,84.58320012886259,42.534747474747476,1.0
config_D_roulette,22,39,99.90090468402067,85.41597472792982,41.48,1.0
config_D_roulette,22,40,99.90090468402067,83.35285504110756,41.956161616161616,1.0
config_D_roulette,22,41,99.90090468402067,83.73317761369856,41.22121212121212,1.0
config_D_roulette,22,42,99.90090468402067,85.01203867601149,40.885252525252525,1.0
config_D_roulette,22,43,99.90090468402067,84.77906517234817,40.74,1.0
config_D_roulette,22,44,99.90090468402067,84.7592012912248,40.54989898989899,1.0
config_D_roulette,22,45,99.90090468402067,84.27736542795947,40.21010101010101,1.0
config_D_roulette,22,46,99.90090468402067,85.63008217070585,40.97010101010101,1.0
config_D_roulette,22,47,99.90090468402067,86.49473363607966,40.345252525252526,1.0
config_D_roulette,22,48,99.90090468402067,85.96680985106227,40.24383838383839,1.0
config_D_roulette,22,49,99.90090468402067,85.58409597623418,41.086868686868684,1.0
config_D_roulette,22,50,99.90090468402067,85.31707287347665,41.4230303030303,0.99
config_D_roulette,23,0,95.27991408976368,67.33381348884663,47.48222222222222,1.0
config_D_roulette,23,1,95.27991408976368,67.33381348884663,47.48222222222222,1.0
config_D_roulette,23,2,95.27991408976368,71.4778623217147,47.11313131313131,1.0
config_D_roulette,23,3,95.27991408976368,73.3641479926892,46.888888888888886,1.0
config_D_roulette,23,4,95.81263758927712,75.06954264508622,46.32080808080808,0.99
config_D_roulette,23,5,95.81263758927712,77.26702607890297,45.99535353535354,1.0
config_D_roulette,23,6,95.81263758927712,78.47764431321113,45.415757575757574,1.0
config_D_roulette,23,7,95.81263758927712,78.84312388032009,44.95979797979798,1.0
config_D_roulette,23,8,95.81263758927712,80.22273299621625,44.243434343434345,1.0
config_D_roulette,23,9,95.81263758927712,80.57740604523636,44.36727272727273,1.0
config_D_roulette,23,10,99.81523027778795,81.96985793180185,43.795959595959594,1.0
config_D_roulette,23,11,99.86075600718524,80.91566431710307,43.20727272727273,1.0
config_D_roulette,23,12,99.86075600718524,81.26786738320602,42.8349494949495,1.0
config_D_roulette,23,13,99.86075600718524,81.05628616352057,42.79454545454546,1.0
config_D_roulette,23,14,99.86075600718524,83.3243830454602,42.07151515151515,1.0
config_D_roulette,23,15,99.86075600718524,84.00736442465146,41.065252525252525,1.0
config_D_roulette,23,16,99.88201285519577,83.86078423547944,41.55979797979798,1.0
config_D_roulette,23,17,99.88201285519577,85.1203780638239,40.85878787878788,1.0
config_D_roulette,23,18,99.88201285519577,85.00639095600249,41.09474747474747,1.0
config_D_roulette,23,19,99.88201285519577,84.6296987570537,41.477171717171714,1.0
config_D_roulette,23,20,99.88201285519577,84.06118177565058,41.37777777777778,1.0
config_D_roulette,23,21,99.88201285519577,83.33289188198668,41.481818181818184,1.0
config_D_roulette,23,22,99.88201285519577,83.48135299513805,41.537373737373734,1.0
config_D_roulette,23,23,99.88201285519577,83.96135809842508,41.36525252525252,1.0
config_D_roulette,23,24,99.89744495396121,85.415245128303,40.9379797979798,1.0
config_D_roulette,23,25,99.89744495396121,84.85044813736984,40.341818181818184,1.0
config_D_roulette,23,26,99.89744495396121,84.41070018763452,39.823838383838385,1.0
config_D_roulette,23,27,99.89744495396121,83.64105808854261,39.12949494949495,0.99
config_D_roulette,23,28,99.89744495396121,82.95227495655249,39.70686868686869,1.0
config_D_roulette,23,29,99.89744495396121,83.0623057624581,38.663636363636364,0.99
config_D_roulette,23,30,99.89744495396121,82.58367348842377,38.751717171717175,0.99
config_D_roulette,23,31,99.89744495396121,84.11160812476359,37.373333333333335,0.99
config_D_roulette,23,32,99.89744495396121,85.2906324302913,37.11272727272727,0.99
config_D_roulette,23,33,99.89744495396121,84.55121705434829,37.04707070707071,0.99
config_D_roulette,23,34,99.89744495396121,85.671962792995,34.57737373737374,0.99
config_D_roulette,23,35,99.89744495396121,86.78047611402906,33.546262626262624,0.99
config_D_roulette,23,36,99.89744495396121,86.55834834689769,33.70363636363636,0.99
config_D_roulette,23,37,99.89744495396121,84.87750460230262,33.861414141414144,0.99
config_D_roulette,23,38,99.89744495396121,84.58236878627113,33.844242424242424,0.99
config_D_roulette,23,39,99.89744495396121,84.31035101929773,34.18727272727273,0.99
config_D_roulette,23,40,99.89744495396121,84.13002956055354,34.23292929292929,1.0
config_D_roulette,23,41,99.89744495396121,82.33937411976582,34.987272727272725,1.0
config_D_roulette,23,42,99.89744495396121,82.27608670351668,35.69292929292929,1.0
config_D_roulette,23,43,99.89744495396121,82.39072118673278,36.898989898989896,1.0
config_D_roulette,23,44,99.89744495396121,83.08766528533216,36.213535353535356,1.0
config_D_roulette,23,45,99.89744495396121,82.89071734701061,35.61010101010101,1.0
config_D_roulette,23,46,99.89744495396121,83.26267247460497,36.32525252525252,1.0
config_D_roulette,23,47,99.89744495396121,83.7021053312931,36.21151515151515,0.99
config_D_roulette,23,48,99.89744495396121,83.42510653479056,36.648686868686866,1.0
config_D_roulette,23,49,99.89744495396121,84.53378201146292,35.88060606060606,1.0
config_D_roulette,23,50,99.89744495396121,84.06226355830175,36.44161616161616,1.0
config_D_roulette,24,0,92.69703002337226,69.19802337553108,47.526464646464646,1.0
config_D_roulette,24,1,92.69703002337226,69.19802337553108,47.526464646464646,1.0
config_D_roulette,24,2,94.63790738470473,71.4007649413986,47.10727272727273,1.0
config_D_roulette,24,3,94.63790738470473,73.82404305905298,46.6250505050505,1.0
config_D_roulette,24,4,94.63790738470473,75.10279670314772,45.905454545454546,1.0
config_D_roulette,24,5,94.63790738470473,77.54227145564448,45.817979797979795,0.99
config_D_roulette,24,6,94.97116936751547,77.03324157909626,45.24888888888889,1.0
config_D_roulette,24,7,94.97116936751547,77.2882080781719,44.925858585858585,1.0
config_D_roulette,24,8,94.97116936751547,78.77932794290763,44.52808080808081,1.0
config_D_roulette,24,9,94.97116936751547,78.72718290201928,44.20262626262626,1.0
config_D_roulette,24,10,94.97116936751547,79.11985843954083,43.896565656565656,1.0
config_D_roulette,24,11,94.97116936751547,80.61892779514308,43.52424242424242,1.0
config_D_roulette,24,12,95.14596650833397,79.0844999039121,43.13090909090909,1.0
config_D_roulette,24,13,95.14596650833397,79.80777775086977,43.26080808080808,1.0
config_D_roulette,24,14,95.14596650833397,80.26167503632207,43.283434343434344,1.0
config_D_roulette,24,15,95.16488218752687,81.63616072658672,43.121212121212125,1.0
config_D_roulette,24,16,95.16488218752687,82.75166137088827,42.70666666666666,0.99
config_D_roulette,24,17,95.44362533951634,82.0290719593684,42.6410101010101,1.0
config_D_roulette,24,18,95.44362533951634,80.09750105146098,42.254141414141415,1.0
config_D_roulette,24,19,95.44362533951634,81.39807612309049,42.29858585858586,1.0
config_D_roulette,24,20,95.51331877361959,81.68159562068635,42.11575757575758,1.0
config_D_roulette,24,21,99.78660754673434,83.88040738135467,41.24565656565657,1.0
config_D_roulette,24,22,99.78660754673434,83.82896572391975,40.88383838383838,1.0
config_D_roulette,24,23,99.82687977627813,83.18816319549964,41.34444444444444,1.0
config_D_roulette,24,24,99.82687977627813,81.2863465700188,41.305454545454545,1.0
config_D_roulette,24,25,99.82687977627813,82.94679317033487,41.2989898989899,1.0
config_D_roulette,24,26,99.82687977627813,83.06967227588366,41.02787878787879,1.0
config_D_roulette,24,27,99.82687977627813,83.65371216292311,41.03111111111111,1.0
config_D_roulette,24,28,99.82687977627813,84.42091967933467,40.66040404040404,0.99
config_D_roulette,24,29,99.82687977627813,84.8678956693508,40.878787878787875,1.0
config_D_roulette,24,30,99.82687977627813,84.89622432148438,41.03757575757576,1.0
config_D_roulette,24,31,99.82687977627813,83.94390704205104,41.273737373737376,1.0
config_D_roulette,24,32,99.82687977627813,84.25953897596517,40.966262626262626,1.0
config_D_roulette,24,33,99.82687977627813,84.12059218447357,41.23131313131313,1.0
config_D_roulette,24,34,99.82687977627813,83.47335291198729,41.185050505050505,1.0
config_D_roulette,24,35,99.82687977627813,83.93172258254202,41.22767676767677,1.0
config_D_roulette,24,36,99.82687977627813,84.56933494512235,40.94808080808081,1.0
config_D_roulette,24,37,99.82687977627813,82.84736898489038,41.443030303030305,1.0
config_D_roulette,24,38,99.82687977627813,83.0075814233168,41.302424242424244,1.0
config_D_roulette,24,39,99.82687977627813,83.03865258495067,41.726262626262624,1.0
config_D_roulette,24,40,99.82687977627813,83.85743823715853,41.90929292929293,1.0
config_D_roulette,24,41,99.82687977627813,82.68187665376625,42.137373737373736,1.0
config_D_roulette,24,42,99.82687977627813,83.9111957120024,41.72989898989899,1.0
config_D_roulette,24,43,99.82687977627813,85.92842119187456,41.00080808080808,1.0
config_D_roulette,24,44,99.84801307158028,84.78459050110719,41.06727272727273,1.0
config_D_roulette,24,45,99.85493125794017,85.69239142444661,41.157171717171714,1.0
config_D_roulette,24,46,99.85493125794017,84.1834607290235,40.73070707070707,1.0
config_D_roulette,24,47,99.85493125794017,84.59869690773525,41.051515151515154,1.0
config_D_roulette,24,48,99.85493125794017,83.3281164109086,41.505656565656565,1.0
config_D_roulette,24,49,99.85871385821542,85.82491120795275,41.41717171717172,1.0
config_D_roulette,24,50,99.85871385821542,86.59643532291491,41.38242424242424,1.0
config_D_roulette,25,0,90.75400727926556,67.04609787022717,47.518181818181816,1.0
config_D_roulette,25,1,90.75400727926556,67.04609787022717,47.518181818181816,1.0
config_D_roulette,25,2,95.49617337189036,70.81910284367699,47.096161616161616,1.0
config_D_roulette,25,3,95.49617337189036,73.95041424747596,46.754747474747475,1.0
config_D_roulette,25,4,95.49617337189036,74.8540788396582,46.236969696969695,1.0
config_D_roulette,25,5,95.99400325593568,75.15143415474532,45.77030303030303,1.0
config_D_roulette,25,6,95.99400325593568,77.7302697880282,45.28121212121212,1.0
config_D_roulette,25,7,96.10573883900877,77.47102650959064,44.85474747474748,1.0
config_D_roulette,25,8,96.10573883900877,78.83109305951204,44.13111111111111,1.0
config_D_roulette,25,9,96.10573883900877,78.76805198088246,44.42808080808081,1.0
config_D_roulette,25,10,96.10573883900877,79.17491841152898,44.04343434343434,1.0
config_D_roulette,25,11,96.45617337189037,79.12722444641145,43.601616161616164,1.0
config_D_roulette,25,12,96.45617337189037,79.35411071267656,42.7240404040404,1.0
config_D_roulette,25,13,96.45617337189037,79.26489960064067,42.38545454545454,1.0
config_D_roulette,25,14,96.45617337189037,80.88088690855804,42.08040404040404,1.0
config_D_roulette,25,15,96.45617337189037,81.44288175597733,42.30767676767677,1.0
config_D_roulette,25,16,96.45617337189037,81.20476584832947,42.1949494949495,1.0
config_D_roulette,25,17,99.83444497682864,80.87252823199779,42.24505050505051,1.0
config_D_roulette,25,18,99.83444497682864,81.24613408701057,41.69979797979798,1.0
config_D_roulette,25,19,99.84500103820403,80.71546023239497,40.91616161616162,1.0
config_D_roulette,25,20,99.84500103820403,80.81173609704035,41.26080808080808,1.0
config_D_roulette,25,21,99.84500103820403,82.24553431831197,41.60424242424242,1.0
config_D_roulette,25,22,99.84500103820403,82.22793053437292,42.04929292929293,1.0
config_D_roulette,25,23,99.84500103820403,83.12897767871611,41.6949494949495,1.0
config_D_roulette,25,24,99.84500103820403,82.62043677770247,41.93919191919192,1.0
config_D_roulette,25,25,99.84930582620251,83.60943956310238,40.843434343434346,1.0
config_D_roulette,25,26,99.84930582620251,83.58409997656965,40.7349494949495,1.0
config_D_roulette,25,27,99.84930582620251,84.11248614047777,40.57313131313131,1.0
config_D_roulette,25,28,99.84930582620251,83.7200646261423,41.01030303030303,1.0
config_D_roulette,25,29,99.84930582620251,84.16393403609811,41.43757575757576,1.0
config_D_roulette,25,30,99.84930582620251,84.75680392868182,41.812525252525255,1.0
config_D_roulette,25,31,99.84930582620251,84.68034699115476,41.77717171717172,0.99
config_D_roulette,25,32,99.84930582620251,84.54590387603585,41.37656565656566,1.0
config_D_roulette,25,33,99.84930582620251,82.57962025881814,41.82222222222222,1.0
config_D_roulette,25,34,99.84930582620251,83.55916654090699,41.83676767676768,1.0
config_D_roulette,25,35,99.84930582620251,83.69662240702667,42.26828282828283,1.0
config_D_roulette,25,36,99.84930582620251,84.45509633142827,42.41010101010101,1.0
config_D_roulette,25,37,99.84930582620251,85.1208820169581,41.818585858585855,1.0
config_D_roulette,25,38,99.84930582620251,86.6809933628691,41.86020202020202,1.0
config_D_roulette,25,39,99.84930582620251,86.57460696388935,41.90828282828283,1.0
config_D_roulette,25,40,99.84930582620251,87.01483140421253,42.055757575757575,1.0
config_D_roulette,25,41,99.84930582620251,85.67863326177701,41.6250505050505,1.0
config_D_roulette,25,42,99.84930582620251,85.2032104543884,41.43313131313131,0.98
config_D_roulette,25,43,99.84930582620251,86.86261070108186,40.866868686868685,0.99
config_D_roulette,25,44,99.84930582620251,87.00855775735198,41.0630303030303,1.0
config_D_roulette,25,45,99.88656602237002,86.90809501584016,41.20989898989899,1.0
config_D_roulette,25,46,99.88656602237002,86.24657998428488,41.834545454545456,1.0
config_D_roulette,25,47,99.88656602237002,85.44927890484709,41.6389898989899,0.99
config_D_roulette,25,48,99.88656602237002,84.22614708275285,41.387070707070706,1.0
config_D_roulette,25,49,99.88656602237002,84.86751866215249,41.6650505050505,1.0
config_D_roulette,25,50,99.88656602237002,83.79164487394017,41.85030303030303,0.99
config_D_roulette,26,0,93.43669241909616,67.35039791384132,47.51070707070707,1.0
config_D_roulette,26,1,93.43669241909616,67.35039791384132,47.51070707070707,1.0
config_D_roulette,26,2,95.538785208738,70.19710284758543,47.114747474747475,1.0
config_D_roulette,26,3,95.538785208738,72.1626556231985,46.55777777777778,1.0
config_D_roulette,26,4,95.538785208738,75.0940439650447,46.01555555555556,1.0
config_D_roulette,26,5,95.538785208738,77.33050592203615,45.61494949494949,1.0
config_D_roulette,26,6,95.538785208738,77.28906489945359,45.357373737373734,1.0
config_D_roulette,26,7,95.538785208738,78.27557398194314,45.02969696969697,1.0
config_D_roulette,26,8,95.538785208738,78.84553922369786,44.67454545454545,1.0
config_D_roulette,26,9,96.30547258525525,79.63915195982507,44.033535353535356,1.0
config_D_roulette,26,10,96.30547258525525,80.40542749905185,44.22121212121212,1.0
config_D_roulette,26,11,99.86326702538967,80.15762556787182,44.2430303030303,1.0
config_D_roulette,26,12,99.86326702538967,79.37904547686037,44.3969696969697,1.0
config_D_roulette,26,13,99.86326702538967,79.79878346322957,44.35353535353536,1.0
config_D_roulette,26,14,99.86326702538967,79.85654367890719,44.61373737373737,1.0
config_D_roulette,26,15,99.86326702538967,79.42293596307222,44.43858585858586,1.0
config_D_roulette,26,16,99.86326702538967,78.67246674437695,44.21515151515152,1.0
config_D_roulette,26,17,99.86326702538967,79.66120735640911,43.784040404040404,1.0
config_D_roulette,26,18,99.86326702538967,82.13762816856074,43.91717171717172,1.0
config_D_roulette,26,19,99.86909177463475,84.59597838561258,43.664242424242424,1.0
config_D_roulette,26,20,99.90404027010528,82.95908617661945,43.336363636363636,1.0
config_D_roulette,26,21,99.90404027010528,82.29875670330505,43.28141414141414,1.0
config_D_roulette,26,22,99.90404027010528,82.40989095526149,43.005050505050505,1.0
config_D_roulette,26,23,99.90404027010528,83.31996739284581,42.55232323232323,1.0
config_D_roulette,26,24,99.90404027010528,82.6527367226611,41.885252525252525,1.0
config_D_roulette,26,25,99.90404027010528,84.18420391232291,41.9410101010101,1.0
config_D_roulette,26,26,99.90404027010528,82.88807526234417,42.10565656565657,1.0
config_D_roulette,26,27,99.90404027010528,82.61561110286421,42.51676767676768,1.0
config_D_roulette,26,28,99.90404027010528,82.56851404511826,42.16626262626263,1.0
config_D_roulette,26,29,99.90404027010528,81.57659368993367,41.64484848484849,1.0
config_D_roulette,26,30,99.90404027010528,80.7054235394426,40.94141414141414,1.0
config_D_roulette,26,31,99.90404027010528,80.91057069851352,41.51353535353535,1.0
config_D_roulette,26,32,99.90404027010528,82.11303521633543,41.13414141414142,1.0
config_D_roulette,26,33,99.90404027010528,82.19656576069343,40.82363636363636,1.0
config_D_roulette,26,34,99.9163367827861,82.60831663572966,39.75050505050505,1.0
config_D_roulette,26,35,99.9163367827861,82.91057278888437,39.22181818181818,1.0
config_D_roulette,26,36,99.9163367827861,83.39293523926399,38.121818181818185,1.0
config_D_roulette,26,37,99.9163367827861,83.12579333506471,38.11070707070707,1.0
config_D_roulette,26,38,99.9163367827861,82.91799346478669,38.457373737373736,1.0
config_D_roulette,26,39,99.9163367827861,83.02490790259611,38.11434343434343,1.0
config_D_roulette,26,40,99.9163367827861,81.91571023570809,38.05050505050505,1.0
config_D_roulette,26,41,99.9163367827861,81.80621204148312,39.02989898989899,1.0
config_D_roulette,26,42,99.9163367827861,83.25766170770439,38.96141414141414,1.0
config_D_roulette,26,43,99.9163367827861,85.17835508207025,38.94121212121212,1.0
config_D_roulette,26,44,99.9163367827861,84.91699614748313,39.154747474747474,1.0
config_D_roulette,26,45,99.9163367827861,86.52707365047803,38.24626262626263,1.0
config_D_roulette,26,46,99.9163367827861,87.18573880168663,38.556363636363635,1.0
config_D_roulette,26,47,99.9163367827861,86.3671154675513,38.67474747474748,1.0
config_D_roulette,26,48,99.9163367827861,87.1138390036521,39.225050505050504,1.0
config_D_roulette,26,49,99.9163367827861,86.98163449931175,39.65838383838384,1.0
config_D_roulette,26,50,99.9163367827861,87.15882938583614,39.86222222222222,1.0
config_D_roulette,27,0,94.2527758760458,68.96667682576273,47.51292929292929,1.0
config_D_roulette,27,1,94.2527758760458,68.96667682576273,47.51292929292929,1.0
config_D_roulette,27,2,94.2527758760458,71.37919749240808,46.910303030303034,0.99
config_D_roulette,27,3,95.35670715315648,71.7762134547065,46.50969696969697,0.99
config_D_roulette,27,4,95.35670715315648,74.62828695992215,46.11858585858586,1.0
config_D_roulette,27,5,96.02152657408425,74.66732197481296,45.77454545454545,1.0
config_D_roulette,27,6,96.02152657408425,75.48363187194055,45.42040404040404,1.0
config_D_roulette,27,7,96.02152657408425,77.56598048803748,45.15777777777778,1.0
config_D_roulette,27,8,96.02152657408425,77.03325831243671,44.748282828282825,1.0
config_D_roulette,27,9,96.02152657408425,77.35162805156628,44.294747474747474,1.0
config_D_roulette,27,10,96.02152657408425,79.52928032913634,43.972727272727276,1.0
config_D_roulette,27,11,96.14742267385192,81.30928167430143,43.33838383838384,1.0
config_D_roulette,27,12,96.50747121038395,82.49748249859269,42.63232323232323,1.0
config_D_roulette,27,13,96.50747121038395,82.85965819257973,41.86969696969697,1.0
config_D_roulette,27,14,99.85851454070799,83.78362034729757,42.06909090909091,1.0
config_D_roulette,27,15,99.85851454070799,85.43030601140732,41.84262626262626,1.0
config_D_roulette,27,16,99.85851454070799,83.8641079002315,41.592525252525256,1.0
config_D_roulette,27,17,99.85851454070799,82.84488776256585,41.26222222222222,1.0
config_D_roulette,27,18,99.85851454070799,83.11281265461035,39.9589898989899,1.0
config_D_roulette,27,19,99.85851454070799,84.55975366561125,40.0,1.0
config_D_roulette,27,20,99.85851454070799,83.47315842228664,40.47010101010101,1.0
config_D_roulette,27,21,99.8703633567056,84.08420254389601,41.196363636363635,1.0
config_D_roulette,27,22,99.87997070622595,85.19595267234531,41.20909090909091,1.0
config_D_roulette,27,23,99.87997070622595,85.00766097616753,41.027676767676766,1.0
config_D_roulette,27,24,99.88246055187898,86.28550404114107,41.311313131313135,1.0
config_D_roulette,27,25,99.88246055187898,86.81929498017304,41.74181818181818,1.0
config_D_roulette,27,26,99.8829827396022,88.4128953873799,41.427070707070705,1.0
config_D_roulette,27,27,99.8829827396022,87.44037769786688,41.24505050505051,1.0
config_D_roulette,27,28,99.8829827396022,88.0508900572306,41.19595959595959,0.99
config_D_roulette,27,29,99.8829827396022,87.1674056635913,41.26040404040404,1.0
config_D_roulette,27,30,99.8829827396022,87.83714823028907,41.29272727272727,1.0
config_D_roulette,27,31,99.8829827396022,86.5693910567676,40.676767676767675,1.0
config_D_roulette,27,32,99.8829827396022,86.68018173931209,40.73252525252525,1.0
config_D_roulette,27,33,99.8829827396022,85.80939837190498,40.96222222222222,1.0
config_D_roulette,27,34,99.8829827396022,84.74879188060895,40.89191919191919,1.0
config_D_roulette,27,35,99.8829827396022,85.1697730987023,40.801212121212124,1.0
config_D_roulette,27,36,99.8829827396022,85.27713152504901,40.96080808080808,1.0
config_D_roulette,27,37,99.8829827396022,85.56114007417769,41.192121212121215,1.0
config_D_roulette,27,38,99.8829827396022,84.0725790517216,41.8,1.0
config_D_roulette,27,39,99.8829827396022,84.54541023664328,41.60060606060606,1.0
config_D_roulette,27,40,99.8829827396022,85.58486932833432,41.223636363636366,1.0
config_D_roulette,27,41,99.8829827396022,85.46571336204444,41.72868686868687,1.0
config_D_roulette,27,42,99.8829827396022,86.67141060199617,41.50666666666667,1.0
config_D_roulette,27,43,99.8829827396022,87.36384264938359,41.37353535353535,1.0
config_D_roulette,27,44,99.8829827396022,85.96058153316784,41.93737373737374,1.0
config_D_roulette,27,45,99.8829827396022,85.67727605642558,41.88929292929293,1.0
config_D_roulette,27,46,99.8829827396022,84.16840622161382,42.368080808080805,0.99
config_D_roulette,27,47,99.8829827396022,82.73339057064628,42.451919191919195,1.0
config_D_roulette,27,48,99.8829827396022,83.13015294532035,42.16808080808081,1.0
config_D_roulette,27,49,99.8829827396022,83.48831563779869,41.77010101010101,1.0
config_D_roulette,27,50,99.88957805574628,86.28712069889202,40.40989898989899,0.99
config_D_roulette,28,0,95.28068465666267,68.72271963565096,47.48828282828283,1.0
config_D_roulette,28,1,95.28068465666267,68.72271963565096,47.48828282828283,1.0
config_D_roulette,28,2,95.28068465666267,70.39692644539986,47.10606060606061,1.0
config_D_roulette,28,3,95.74602312479624,70.02024660148902,46.5610101010101,1.0
config_D_roulette,28,4,96.45834348784504,72.1805557360167,45.93636363636364,1.0
config_D_roulette,28,5,96.45834348784504,72.30942396296481,45.29090909090909,1.0
config_D_roulette,28,6,96.45834348784504,75.64097390933556,44.67454545454545,1.0
config_D_roulette,28,7,96.45834348784504,77.18670701211475,44.244040404040405,1.0
config_D_roulette,28,8,96.45834348784504,76.57938553344425,43.62909090909091,1.0
config_D_roulette,28,9,96.45834348784504,75.59346437446638,43.661818181818184,1.0
config_D_roulette,28,10,96.45834348784504,76.79309218216937,43.275555555555556,1.0
config_D_roulette,28,11,96.45834348784504,76.02634959303421,43.46060606060606,1.0
config_D_roulette,28,12,96.45834348784504,77.17531357746157,43.466464646464644,1.0
config_D_roulette,28,13,96.45834348784504,78.26627636947626,43.34949494949495,1.0
config_D_roulette,28,14,96.45834348784504,80.44129283389132,42.51555555555556,1.0
config_D_roulette,28,15,96.48017184277094,80.88236711129491,43.11555555555555,1.0
config_D_roulette,28,16,96.48017184277094,80.39243998795752,43.31515151515151,1.0
config_D_roulette,28,17,99.81804299365677,80.42087147750212,43.217171717171716,1.0
config_D_roulette,28,18,99.81804299365677,81.33823682159198,43.22808080808081,1.0
config_D_roulette,28,19,99.81804299365677,81.50997959749482,43.27333333333333,1.0
config_D_roulette,28,20,99.81804299365677,83.77300342501036,43.136161616161615,1.0
config_D_roulette,28,21,99.81804299365677,84.19908861808922,43.152929292929294,1.0
config_D_roulette,28,22,99.81804299365677,84.2785158545215,43.01717171717172,1.0
config_D_roulette,28,23,99.81804299365677,83.9065488566955,42.61878787878788,1.0
config_D_roulette,28,24,99.81804299365677,84.99327310343861,42.16848484848485,1.0
config_D_roulette,28,25,99.81804299365677,84.10968478829292,42.72161616161616,0.99
config_D_roulette,28,26,99.84609447531882,84.5965925368017,42.785050505050506,1.0
config_D_roulette,28,27,99.84609447531882,85.71304480609591,42.07434343434343,1.0
config_D_roulette,28,28,99.84609447531882,85.60986901027347,42.17919191919192,1.0
config_D_roulette,28,29,99.84609447531882,85.64399113881895,41.9610101010101,1.0
config_D_roulette,28,30,99.85794329131642,86.43416669211071,41.273737373737376,1.0
config_D_roulette,28,31,99.87113392360459,87.13101102735831,41.03050505050505,1.0
config_D_roulette,28,32,99.87113392360459,86.3606011992773,40.89313131313131,1.0
config_D_roulette,28,33,99.87113392360459,84.95801997046789,40.61191919191919,1.0
config_D_roulette,28,34,99.87113392360459,86.39592377751413,39.28040404040404,1.0
config_D_roulette,28,35,99.87113392360459,86.11764197840624,39.44686868686869,1.0
config_D_roulette,28,36,99.87113392360459,86.49108094815931,39.814949494949495,1.0
config_D_roulette,28,37,99.87772923974867,86.17215579209811,39.60565656565657,1.0
config_D_roulette,28,38,99.87772923974867,85.72555302461687,39.457979797979796,1.0
config_D_roulette,28,39,99.87772923974867,85.52558471320634,39.905656565656564,1.0
config_D_roulette,28,40,99.87772923974867,84.87151101253824,39.7650505050505,1.0
config_D_roulette,28,41,99.87772923974867,84.77562483739958,40.0149494949495,1.0
config_D_roulette,28,42,99.87772923974867,85.53469315833235,39.40646464646465,1.0
config_D_roulette,28,43,99.87772923974867,86.08208643100552,39.382222222222225,1.0
config_D_roulette,28,44,99.87772923974867,86.68593667556615,39.905454545454546,1.0
config_D_roulette,28,45,99.88579545547103,86.23100953260428,40.53010101010101,1.0
config_D_roulette,28,46,99.88579545547103,87.08669429276411,40.44969696969697,1.0
config_D_roulette,28,47,99.88579545547103,87.53586239199132,40.39636363636364,1.0
config_D_roulette,28,48,99.88579545547103,86.59988949963677,40.3860606060606,1.0
config_D_roulette,28,49,99.88579545547103,85.6305575974844,40.0379797979798,1.0
config_D_roulette,28,50,99.88579545547103,84.40765758289544,40.216161616161614,1.0
config_D_roulette,29,0,94.06866478780212,69.08960428809841,47.540808080808084,1.0
config_D_roulette,29,1,94.06866478780212,69.08960428809841,47.540808080808084,1.0
config_D_roulette,29,2,94.78075600718525,71.45309005230982,46.91171717171717,1.0
config_D_roulette,29,3,95.23463223809237,75.44983809227,46.30989898989899,1.0
config_D_roulette,29,4,95.23463223809237,76.28279614680854,45.149292929292926,1.0
config_D_roulette,29,5,95.35618810595068,77.2079989098956,45.123030303030305,1.0
config_D_roulette,29,6,95.35618810595068,77.04761145578938,44.62626262626262,1.0
config_D_roulette,29,7,99.80530005805181,79.07363825632711,44.41050505050505,1.0
config_D_roulette,29,8,99.87977138871851,81.46683151148277,44.19616161616162,1.0
config_D_roulette,29,9,99.87977138871851,81.09970194916839,43.90909090909091,1.0
config_D_roulette,29,10,99.87977138871851,79.94543302581609,43.99272727272727,1.0
config_D_roulette,29,11,99.87977138871851,80.19556615195806,44.24040404040404,1.0
config_D_roulette,29,12,99.87977138871851,80.0964083626877,44.043232323232324,1.0
config_D_roulette,29,13,99.87977138871851,81.63455111572854,44.10848484848485,1.0
config_D_roulette,29,14,99.87977138871851,80.50839560275999,44.01131313131313,1.0
config_D_roulette,29,15,99.87977138871851,79.3319444122348,43.64060606060606,1.0
config_D_roulette,29,16,99.87977138871851,81.35432593626452,43.593939393939394,1.0
config_D_roulette,29,17,99.87977138871851,82.92517464794122,43.08828282828283,1.0
config_D_roulette,29,18,99.87977138871851,80.96473776343436,42.9820202020202,1.0
config_D_roulette,29,19,99.87977138871851,79.66022539215604,42.597575757575754,1.0
config_D_roulette,29,20,99.87977138871851,81.4653941331693,42.48888888888889,1.0
config_D_roulette,29,21,99.87977138871851,83.34720361408947,42.00242424242424,1.0
config_D_roulette,29,22,99.87977138871851,83.38674541665205,42.29636363636364,1.0
config_D_roulette,29,23,99.87977138871851,82.23017389116602,42.29434343434343,1.0
config_D_roulette,29,24,99.87977138871851,84.63064231014998,41.05111111111111,1.0
config_D_roulette,29,25,99.87977138871851,84.03899586955932,41.23878787878788,0.99
config_D_roulette,29,26,99.88393145145724,85.56915162468671,41.11454545454546,0.99
config_D_roulette,29,27,99.89585050167457,86.89307113280098,40.34929292929293,1.0
config_D_roulette,29,28,99.90090468402067,88.61328286642649,38.5579797979798,1.0
config_D_roulette,29,29,99.90090468402067,89.23684398598417,38.01373737373737,1.0
config_D_roulette,29,30,99.90090468402067,88.25574836167742,37.97191919191919,1.0
config_D_roulette,29,31,99.90090468402067,88.24913850523518,38.91858585858586,1.0
config_D_roulette,29,32,99.90090468402067,86.91015888886481,39.21030303030303,1.0
config_D_roulette,29,33,99.90090468402067,85.67433566345979,40.04343434343434,1.0
config_D_roulette,29,34,99.90090468402067,84.21725241109263,40.57676767676767,1.0
config_D_roulette,29,35,99.90481083700429,83.50170324023118,41.148686868686866,1.0
config_D_roulette,29,36,99.90481083700429,82.36298287009726,40.87010101010101,1.0
config_D_roulette,29,37,99.90481083700429,82.78750364405856,41.242828282828285,1.0
config_D_roulette,29,38,99.90481083700429,81.94586133981743,41.45717171717172,1.0
config_D_roulette,29,39,99.90481083700429,81.88170211980697,41.60505050505051,1.0
config_D_roulette,29,40,99.90481083700429,81.30994721336684,41.542020202020204,1.0
config_D_roulette,29,41,99.90481083700429,82.94855977905029,41.366868686868685,1.0
config_D_roulette,29,42,99.90481083700429,83.45545248050655,41.38949494949495,1.0
config_D_roulette,29,43,99.90481083700429,84.26476630711936,41.84949494949495,1.0
config_D_roulette,29,44,99.90481083700429,83.05826840841759,41.7979797979798,0.99
config_D_roulette,29,45,99.90481083700429,83.52948595009366,41.991919191919195,1.0
config_D_roulette,29,46,99.90481083700429,84.66471371818042,41.529494949494946,0.99
config_D_roulette,29,47,99.90481083700429,84.42404352441912,41.14727272727273,1.0
config_D_roulette,29,48,99.90481083700429,85.45341821474295,40.69070707070707,1.0
config_D_roulette,29,49,99.90481083700429,86.34674932997996,40.45111111111111,1.0
config_D_roulette,29,50,99.90481083700429,85.90426580629246,40.02444444444444,1.0
